DataType,TemperatureProfile,,,,,,,,,,,,,,,,,,,,,,,,,,,,,,
ElevOrDepth,Depth,,,,,,,,,,,,,,,,,,,,,,,,,,,,,,
ElevUnits,feet,,,,,,,,,,,,,,,,,,,,,,,,,,,,,,
InputDegrees,Celsius,,,,,,,,,,,,,,,,,,,,,,,,,,,,,,
Ytype,Elevation,,,,,,,,,,,,,,,,,,,,,,,,,,,,,,
Yunits,feet,,,,,,,,,,,,,,,,,,,,,,,,,,,,,,
Ymin,1200,,,,,,,,,,,,,,,,,,,,,,,,,,,,,,
Ymax,1575,,,,,,,,,,,,,,,,,,,,,,,,,,,,,,
Ymajor,25,,,,,,,,,,,,,,,,,,,,,,,,,,,,,,
WTunits,Celsius,,,,,,,,,,,,,,,,,,,,,,,,,,,,,,
WTmin,4,,,,,,,,,,,,,,,,,,,,,,,,,,,,,,
WTmax,24,,,,,,,,,,,,,,,,,,,,,,,,,,,,,,
WTmajor,2,,,,,,,,,,,,,,,,,,,,,,,,,,,,,,
ProfileFmt,Paired,,,,,,,,,,,,,,,,,,,,,,,,,,,,,,
PairedData,Surface Elev,Depth,Value,Depth,Value,Depth,Value,Depth,Value,Depth,Value,Depth,Value,Depth,Value,Depth,Value,Depth,Value,Depth,Value,Depth,Value,Depth,Value,Depth,Value,Depth,Value,Depth,Value
5/1/2021 0:00,1537.3,5,9.82,10,9.25,20,8.81,30,8.37,40,8.1,60,7.83,80,7.41,100,6.84,120,6.57,140,6.07,160,5.6,180,5.46,200e,5.43,215e,5.43,230e,5.43
5/1/2021 1:00,1537.39,5,9.63,10,9.01,20,8.59,30,8.33,40,8.22,60,7.67,80,7.28,100,6.95,120,6.4,140,6.01,160,5.66,180,5.51,200e,5.47,215e,5.47,230e,5.47
5/1/2021 2:00,1537.46,5,9.74,10,9.01,20,8.53,30,8.35,40,8.15,60,7.55,80,7.31,100,6.78,120,6.34,140,5.99,160,5.87,180,5.61,200e,5.55,215e,5.55,230e,5.55
5/1/2021 3:00,1537.53,5,9.53,10,8.99,20,8.53,30,8.34,40,8.18,60,7.66,80,7.29,100,6.53,120,6.29,140,6.1,160,5.89,180,5.61,200e,5.54,215e,5.54,230e,5.54
5/1/2021 4:00,1537.63,5,9.47,10,8.89,20,8.51,30,8.39,40,8.23,60,7.65,80,7.15,100,6.61,120,6.34,140,6.15,160,5.97,180,5.65,200e,5.57,215e,5.57,230e,5.57
5/1/2021 5:00,1537.69,5,9.53,10,8.66,20,8.42,30,8.37,40,8.23,60,7.6,80,7.2,100,6.61,120,6.23,140,6.07,160,5.89,180,5.73,200e,5.69,215e,5.69,230e,5.69
5/1/2021 6:00,1537.71,5,9.47,10,8.77,20,8.5,30,8.38,40,8.14,60,7.69,80,7.19,100,6.68,120,6.27,140,6.02,160,5.8,180,5.58,200e,5.53,215e,5.53,230e,5.53
5/1/2021 7:00,1537.73,5,9.42,10,8.63,20,8.55,30,8.41,40,8.09,60,7.62,80,7.18,100,6.58,120,6.26,140,5.99,160,5.73,180,5.56,200e,5.52,215e,5.52,230e,5.52
5/1/2021 8:00,1537.76,5,9.48,10,8.79,20,8.64,30,8.33,40,8.11,60,7.57,80,7.12,100,6.42,120,6.26,140,6.01,160,5.72,180,5.59,200e,5.56,215e,5.56,230e,5.56
5/1/2021 9:00,1537.77,5,9.52,10,8.76,20,8.53,30,8.2,40,8.09,60,7.44,80,7,100,6.47,120,6.08,140,6.04,160,5.77,180,5.58,200e,5.53,215e,5.53,230e,5.53
5/1/2021 10:00,1537.8,5,9.75,10,8.69,20,8.4,30,8.21,40,7.97,60,7.42,80,7.01,100,6.53,120,6.08,140,6.06,160,5.83,180,5.6,200e,5.54,215e,5.54,230e,5.54
5/1/2021 11:00,1537.82,5,9.83,10,9.26,20,8.51,30,8.21,40,7.93,60,7.55,80,7.07,100,6.63,120,6.29,140,6.09,160,5.95,180,5.58,200e,5.49,215e,5.49,230e,5.49
5/1/2021 12:00,1537.86,5,9.97,10,9.12,20,8.51,30,8.23,40,7.89,60,7.45,80,7.01,100,6.53,120,6.32,140,6.09,160,5.71,180,5.57,200e,5.54,215e,5.54,230e,5.54
5/1/2021 13:00,1537.95,5,9.54,10,8.91,20,8.64,30,8.24,40,7.75,60,7.23,80,6.53,100,6.45,120,6.36,140,6.14,160,5.72,180,5.65,200e,5.63,215e,5.63,230e,5.63
5/1/2021 14:00,1538.06,5,10.01,10,9.09,20,8.23,30,7.94,40,7.73,60,7.21,80,6.53,100,6.46,120,6.19,140,6.06,160,5.7,180,5.61,200e,5.59,215e,5.59,230e,5.59
5/1/2021 15:00,1538.14,5,10.55,10,8.88,20,8.22,30,7.99,40,7.71,60,7.08,80,6.53,100,6.31,120,6.14,140,5.91,160,5.73,180,5.52,200e,5.47,215e,5.47,230e,5.47
5/1/2021 16:00,1538.24,5,9.47,10,8.81,20,8.19,30,7.81,40,7.58,60,7.01,80,6.54,100,6.3,120,6.06,140,5.77,160,5.53,180,5.46,200e,5.44,215e,5.44,230e,5.44
5/1/2021 17:00,1538.27,5,9.35,10,8.64,20,8.21,30,7.82,40,7.62,60,7.13,80,6.62,100,6.3,120,6.01,140,5.75,160,5.54,180,5.5,200e,5.49,215e,5.49,230e,5.49
5/1/2021 18:00,1538.3,5,9.34,10,8.71,20,8.19,30,7.95,40,7.64,60,7.28,80,6.75,100,6.37,120,6.08,140,5.64,160,5.57,180,5.55,200e,5.55,215e,5.55,230e,5.55
5/1/2021 19:00,1538.34,5,10.49,10,8.63,20,8.29,30,8.04,40,7.71,60,7.36,80,6.94,100,6.53,120,6.12,140,5.77,160,5.55,180,5.48,200e,5.46,215e,5.46,230e,5.46
5/1/2021 20:00,1538.36,5,10.33,10,8.66,20,8.37,30,8.11,40,7.85,60,7.36,80,6.91,100,6.57,120,6.27,140,5.81,160,5.61,180,5.54,200e,5.52,215e,5.52,230e,5.52
5/1/2021 21:00,1538.39,5,10.25,10,8.58,20,8.46,30,8.18,40,7.91,60,7.36,80,6.95,100,6.59,120,6.3,140,6.1,160,5.67,180,5.55,200e,5.52,215e,5.52,230e,5.52
5/1/2021 22:00,1538.49,5,8.93,10,8.52,20,8.43,30,8.17,40,7.94,60,7.46,80,6.98,100,6.63,120,6.38,140,6.18,160,5.69,180,5.59,200e,5.57,215e,5.57,230e,5.57
5/1/2021 23:00,1538.58,5,8.83,10,8.48,20,8.41,30,8.14,40,7.85,60,7.49,80,7.21,100,6.68,120,6.33,140,6.15,160,5.87,180,5.64,200e,5.58,215e,5.58,230e,5.58
5/2/2021 0:00,1538.67,5,8.75,10,8.44,20,8.4,30,8.15,40,7.78,60,7.49,80,7.2,100,6.78,120,6.39,140,6.13,160,5.99,180,5.65,200e,5.57,215e,5.57,230e,5.57
5/2/2021 1:00,1538.76,5,8.9,10,8.48,20,8.34,30,8.12,40,7.76,60,7.52,80,7.1,100,6.8,120,6.56,140,6.24,160,6.06,180,5.65,200e,5.55,215e,5.55,230e,5.55
5/2/2021 2:00,1538.84,5,8.63,10,8.47,20,8.35,30,8.19,40,7.82,60,7.55,80,7.25,100,6.97,120,6.61,140,6.25,160,6.06,180,5.76,200e,5.69,215e,5.69,230e,5.69
5/2/2021 3:00,1538.93,5,8.61,10,8.38,20,8.31,30,8.18,40,7.99,60,7.65,80,7.31,100,7.08,120,6.71,140,6.29,160,6.08,180,5.72,200e,5.63,215e,5.63,230e,5.63
5/2/2021 4:00,1539.02,5,8.55,10,8.4,20,8.3,30,8.24,40,8.11,60,7.65,80,7.34,100,6.97,120,6.65,140,6.29,160,5.98,180,5.73,200e,5.67,215e,5.67,230e,5.67
5/2/2021 5:00,1539.1,5,8.71,10,8.34,20,8.3,30,8.18,40,8.02,60,7.67,80,7.24,100,6.92,120,6.48,140,6.24,160,5.93,180,5.68,200e,5.62,215e,5.62,230e,5.62
5/2/2021 6:00,1539.13,5,8.56,10,8.38,20,8.35,30,8.15,40,8.08,60,7.76,80,7.33,100,6.97,120,6.56,140,6.19,160,5.91,180,5.64,200e,5.57,215e,5.57,230e,5.57
5/2/2021 7:00,1539.15,5,8.41,10,8.35,20,8.38,30,8.33,40,8.23,60,7.97,80,7.7,100,7.22,120,6.85,140,6.36,160,6.13,180,5.64,200e,5.52,215e,5.52,230e,5.52
5/2/2021 8:00,1539.17,5,8.51,10,8.45,20,8.46,30,8.39,40,8.26,60,8.06,80,7.92,100,7.45,120,7,140,6.62,160,6.22,180,5.88,200e,5.8,215e,5.8,230e,5.8
5/2/2021 9:00,1539.18,5,8.84,10,8.72,20,8.59,30,8.3,40,8.26,60,8.18,80,8.04,100,7.58,120,6.96,140,6.59,160,6.17,180,5.64,200e,5.51,215e,5.51,230e,5.51
5/2/2021 10:00,1539.2,5,9,10,8.91,20,8.56,30,8.45,40,8.4,60,8.25,80,8.17,100,7.59,120,6.95,140,6.3,160,6.15,180,5.65,200e,5.53,215e,5.53,230e,5.53
5/2/2021 11:00,1539.22,5,9,10,8.94,20,8.98,30,8.6,40,8.45,60,8.4,80,8.05,100,7.19,120,6.61,140,6.3,160,5.82,180,5.62,200e,5.57,215e,5.57,230e,5.57
5/2/2021 12:00,1539.25,5,9.19,10,9.09,20,8.72,30,8.62,40,8.52,60,8.45,80,8.08,100,7.06,120,6.48,140,6.14,160,5.65,180,5.53,200e,5.5,215e,5.5,230e,5.5
5/2/2021 13:00,1539.31,5,9.3,10,9.17,20,8.79,30,8.68,40,8.6,60,8.44,80,7.54,100,7.07,120,6.47,140,5.84,160,5.6,180,5.43,200e,5.39,215e,5.39,230e,5.39
5/2/2021 14:00,1539.39,5,9.46,10,9.36,20,8.78,30,8.71,40,8.64,60,8.47,80,7.28,100,6.78,120,6.11,140,5.81,160,5.57,180,5.46,200e,5.43,215e,5.43,230e,5.43
5/2/2021 15:00,1539.46,5,9.63,10,8.88,20,8.85,30,8.76,40,8.73,60,8.43,80,7.29,100,6.57,120,6.11,140,5.77,160,5.51,180,5.47,200e,5.46,215e,5.46,230e,5.46
5/2/2021 16:00,1539.53,5,9.72,10,8.94,20,8.85,30,8.77,40,8.7,60,8.04,80,7.34,100,6.78,120,6.14,140,5.82,160,5.48,180,5.45,200e,5.44,215e,5.44,230e,5.44
5/2/2021 17:00,1539.55,5,9.77,10,9.07,20,8.85,30,8.81,40,8.7,60,7.95,80,7.59,100,6.76,120,6.22,140,5.92,160,5.51,180,5.46,200e,5.45,215e,5.45,230e,5.45
5/2/2021 18:00,1539.56,5,9.68,10,9.08,20,8.88,30,8.83,40,8.76,60,7.97,80,7.48,100,6.53,120,6.19,140,6.13,160,5.91,180,5.47,200e,5.36,215e,5.36,230e,5.36
5/2/2021 19:00,1539.57,5,9.56,10,8.94,20,8.93,30,8.89,40,8.82,60,7.97,80,7.55,100,6.43,120,6.35,140,6.22,160,5.85,180,5.49,200e,5.4,215e,5.4,230e,5.4
5/2/2021 20:00,1539.58,5,9.45,10,8.94,20,8.93,30,8.9,40,8.74,60,8.03,80,7.57,100,6.69,120,6.49,140,6.21,160,5.64,180,5.53,200e,5.5,215e,5.5,230e,5.5
5/2/2021 21:00,1539.6,5,9.15,10,8.96,20,8.92,30,8.89,40,8.64,60,8.05,80,7.61,100,6.77,120,6.44,140,6.13,160,5.87,180,5.58,200e,5.51,215e,5.51,230e,5.51
5/2/2021 22:00,1539.67,5,9.27,10,9.05,20,8.94,30,8.9,40,8.78,60,8.12,80,7.51,100,6.8,120,6.33,140,6.14,160,5.94,180,5.68,200e,5.62,215e,5.62,230e,5.62
5/2/2021 23:00,1539.74,5,9.22,10,9.01,20,8.96,30,8.89,40,8.82,60,8.15,80,7.69,100,6.96,120,6.3,140,6.11,160,5.93,180,5.55,200e,5.46,215e,5.46,230e,5.46
5/3/2021 0:00,1539.82,5,9.13,10,9.01,20,8.99,30,8.89,40,8.83,60,8.2,80,7.56,100,6.82,120,6.34,140,6.03,160,5.7,180,5.54,200e,5.5,215e,5.5,230e,5.5
5/3/2021 1:00,1539.89,5,9.15,10,9.12,20,9.17,30,8.97,40,8.88,60,8.23,80,7.38,100,6.56,120,6.16,140,5.94,160,5.62,180,5.55,200e,5.53,215e,5.53,230e,5.53
5/3/2021 2:00,1539.96,5,9.33,10,9.31,20,9.34,30,9.13,40,8.96,60,8.19,80,7.3,100,6.41,120,6.17,140,5.89,160,5.73,180,5.51,200e,5.46,215e,5.46,230e,5.46
5/3/2021 3:00,1540.04,5,9.32,10,9.3,20,9.34,30,9.34,40,9.02,60,8.19,80,7.35,100,6.41,120,6.14,140,5.81,160,5.62,180,5.49,200e,5.46,215e,5.46,230e,5.46
5/3/2021 4:00,1540.1,5,9.31,10,9.26,20,9.3,30,9.25,40,9.21,60,8.51,80,7.01,100,6.35,120,6.07,140,5.97,160,5.67,180,5.52,200e,5.48,215e,5.48,230e,5.48
5/3/2021 5:00,1540.13,5,9.31,10,9.27,20,9.3,30,9.29,40,9.25,60,8.55,80,6.96,100,6.44,120,6.16,140,5.79,160,5.56,180,5.48,200e,5.46,215e,5.46,230e,5.46
5/3/2021 6:00,1540.13,5,9.32,10,9.28,20,9.28,30,9.26,40,9.25,60,8.37,80,7,100,6.55,120,6.03,140,5.79,160,5.61,180,5.49,200e,5.46,215e,5.46,230e,5.46
5/3/2021 7:00,1540.13,5,9.31,10,9.27,20,9.3,30,9.29,40,9.28,60,8.56,80,7.32,100,6.64,120,6.09,140,5.9,160,5.63,180,5.48,200e,5.44,215e,5.44,230e,5.44
5/3/2021 8:00,1540.13,5,9.44,10,9.36,20,9.39,30,9.37,40,9.32,60,8.85,80,7.63,100,6.76,120,6.19,140,5.91,160,5.7,180,5.51,200e,5.46,215e,5.46,230e,5.46
5/3/2021 9:00,1540.14,5,9.66,10,9.47,20,9.51,30,9.48,40,9.45,60,9.23,80,7.77,100,6.79,120,6.31,140,5.9,160,5.66,180,5.54,200e,5.51,215e,5.51,230e,5.51
5/3/2021 10:00,1540.14,5,9.74,10,9.63,20,9.69,30,9.57,40,9.52,60,9.37,80,7.84,100,6.96,120,6.46,140,6.09,160,5.65,180,5.53,200e,5.5,215e,5.5,230e,5.5
5/3/2021 11:00,1540.14,5,10.1,10,9.95,20,9.7,30,9.62,40,9.57,60,9.49,80,7.92,100,7.15,120,6.44,140,6.13,160,5.78,180,5.54,200e,5.48,215e,5.48,230e,5.48
5/3/2021 12:00,1540.19,5,10.42,10,10.03,20,9.78,30,9.71,40,9.67,60,9.46,80,7.95,100,7.16,120,6.35,140,6.29,160,5.85,180,5.57,200e,5.5,215e,5.5,230e,5.5
5/3/2021 13:00,1540.26,5,10.68,10,9.76,20,9.76,30,9.73,40,9.66,60,9.44,80,8.09,100,7.15,120,6.48,140,6.31,160,5.87,180,5.62,200e,5.56,215e,5.56,230e,5.56
5/3/2021 14:00,1540.32,5,10.97,10,9.86,20,9.82,30,9.77,40,9.73,60,8.64,80,8.29,100,7.02,120,6.56,140,6.12,160,5.65,180,5.55,200e,5.53,215e,5.53,230e,5.53
5/3/2021 15:00,1540.39,5,10.49,10,9.79,20,9.75,30,9.71,40,9.65,60,8.61,80,7.43,100,6.8,120,6.35,140,6.03,160,5.63,180,5.55,200e,5.53,215e,5.53,230e,5.53
5/3/2021 16:00,1540.44,5,10.37,10,9.8,20,9.74,30,9.66,40,9.6,60,8.81,80,7.28,100,6.62,120,6.21,140,5.92,160,5.6,180,5.49,200e,5.46,215e,5.46,230e,5.46
5/3/2021 17:00,1540.45,5,10.32,10,9.97,20,9.78,30,9.69,40,9.53,60,8.86,80,6.97,100,6.56,120,6.12,140,5.61,160,5.51,180,5.47,200e,5.46,215e,5.46,230e,5.46
5/3/2021 18:00,1540.45,5,10.2,10,9.91,20,9.72,30,9.62,40,9.5,60,8.7,80,6.93,100,6.62,120,5.95,140,5.66,160,5.48,180,5.42,200e,5.41,215e,5.41,230e,5.41
5/3/2021 19:00,1540.44,5,9.99,10,9.76,20,9.72,30,9.58,40,9.45,60,8.33,80,6.98,100,6.82,120,6.19,140,5.7,160,5.5,180,5.47,200e,5.46,215e,5.46,230e,5.46
5/3/2021 20:00,1540.44,5,10.2,10,9.74,20,9.76,30,9.57,40,9.44,60,8.36,80,6.95,100,6.74,120,6.51,140,5.96,160,5.6,180,5.48,200e,5.45,215e,5.45,230e,5.45
5/3/2021 21:00,1540.44,5,10.15,10,9.77,20,9.73,30,9.56,40,9.4,60,7.96,80,7.14,100,6.88,120,6.18,140,5.78,160,5.6,180,5.48,200e,5.45,215e,5.45,230e,5.45
5/3/2021 22:00,1540.5,5,10.02,10,9.77,20,9.74,30,9.56,40,9.36,60,7.41,80,7.06,100,6.79,120,6.39,140,6.07,160,5.63,180,5.55,200e,5.53,215e,5.53,230e,5.53
5/3/2021 23:00,1540.56,5,10.08,10,9.79,20,9.75,30,9.59,40,9.22,60,7.43,80,7.03,100,6.6,120,6.34,140,5.94,160,5.73,180,5.61,200e,5.58,215e,5.58,230e,5.58
5/4/2021 0:00,1540.62,5,9.94,10,9.8,20,9.75,30,9.45,40,9.15,60,7.24,80,6.88,100,6.65,120,6.29,140,5.82,160,5.63,180,5.54,200e,5.52,215e,5.52,230e,5.52
5/4/2021 1:00,1540.69,5,9.91,10,9.75,20,9.73,30,9.48,40,9,60,7.24,80,6.87,100,6.56,120,6.13,140,5.64,160,5.54,180,5.49,200e,5.48,215e,5.48,230e,5.48
5/4/2021 2:00,1540.75,5,9.92,10,9.74,20,9.72,30,9.33,40,8.77,60,7.24,80,6.88,100,6.46,120,5.96,140,5.54,160,5.48,180,5.45,200e,5.44,215e,5.44,230e,5.44
5/4/2021 3:00,1540.81,5,9.9,10,9.7,20,9.71,30,9.22,40,8.58,60,7.19,80,6.9,100,6.38,120,5.69,140,5.61,160,5.52,180,5.49,200e,5.48,215e,5.48,230e,5.48
5/4/2021 4:00,1540.86,5,10.1,10,9.69,20,9.53,30,9.18,40,8.15,60,7.11,80,6.87,100,6.31,120,5.86,140,5.57,160,5.52,180,5.49,200e,5.48,215e,5.48,230e,5.48
5/4/2021 5:00,1540.87,5,10.02,10,9.68,20,9.45,30,9.05,40,7.98,60,7.32,80,6.89,100,6.37,120,5.72,140,5.64,160,5.5,180,5.46,200e,5.45,215e,5.45,230e,5.45
5/4/2021 6:00,1540.88,5,10.02,10,9.67,20,9.43,30,8.96,40,7.9,60,7.3,80,7.05,100,6.67,120,5.9,140,5.65,160,5.54,180,5.47,200e,5.45,215e,5.45,230e,5.45
5/4/2021 7:00,1540.88,5,10.04,10,9.67,20,9.51,30,8.91,40,8.08,60,7.48,80,7.2,100,6.36,120,6.05,140,5.71,160,5.52,180,5.47,200e,5.46,215e,5.46,230e,5.46
5/4/2021 8:00,1540.88,5,10.16,10,9.93,20,9.53,30,8.99,40,8.05,60,7.51,80,7.1,100,6.58,120,6.1,140,5.58,160,5.5,180,5.48,200e,5.48,215e,5.48,230e,5.48
5/4/2021 9:00,1540.87,5,10.09,10,9.66,20,9.54,30,9.24,40,8.36,60,7.56,80,7.1,100,6.61,120,6.09,140,5.65,160,5.53,180,5.52,200e,5.52,215e,5.52,230e,5.52
5/4/2021 10:00,1540.87,5,10.36,10,9.75,20,9.61,30,9.26,40,8.47,60,7.6,80,7.25,100,6.53,120,6.18,140,5.8,160,5.58,180,5.52,200e,5.51,215e,5.51,230e,5.51
5/4/2021 11:00,1540.91,5,10.29,10,9.69,20,9.58,30,9.23,40,8.34,60,7.56,80,6.85,100,6.38,120,6.12,140,5.82,160,5.64,180,5.61,200e,5.6,215e,5.6,230e,5.6
5/4/2021 12:00,1540.99,5,10.67,10,9.68,20,9.57,30,9.34,40,8.38,60,7.7,80,6.82,100,6.34,120,6.2,140,5.88,160,5.8,180,5.63,200e,5.59,215e,5.59,230e,5.59
5/4/2021 13:00,1541.05,5,10.94,10,9.65,20,9.58,30,9.36,40,8.49,60,7.61,80,7.17,100,6.47,120,6.23,140,5.97,160,5.85,180,5.62,200e,5.56,215e,5.56,230e,5.56
5/4/2021 14:00,1541.1,5,11.43,10,9.66,20,9.57,30,9.32,40,8.66,60,7.75,80,7.08,100,6.64,120,6.22,140,5.98,160,5.77,180,5.61,200e,5.57,215e,5.57,230e,5.57
5/4/2021 15:00,1541.17,5,11.64,10,9.69,20,9.56,30,9.19,40,8.71,60,7.78,80,7.44,100,6.73,120,6.39,140,6.07,160,5.93,180,5.68,200e,5.62,215e,5.62,230e,5.62
5/4/2021 16:00,1541.22,5,11.97,10,9.65,20,9.52,30,9.12,40,8.67,60,7.9,80,7.53,100,6.86,120,6.4,140,6.14,160,6,180,5.79,200e,5.74,215e,5.74,230e,5.74
5/4/2021 17:00,1541.23,5,11.72,10,9.62,20,9.45,30,9.16,40,8.71,60,8,80,7.7,100,7,120,6.64,140,6.23,160,6.03,180,5.82,200e,5.77,215e,5.77,230e,5.77
5/4/2021 18:00,1541.22,5,12.47,10,9.54,20,9.42,30,9.15,40,8.55,60,8.13,80,7.59,100,7.08,120,6.68,140,6.25,160,6.05,180,5.92,200e,5.89,215e,5.89,230e,5.89
5/4/2021 19:00,1541.22,5,11.31,10,9.59,20,9.44,30,9.2,40,8.58,60,8.08,80,7.56,100,7.03,120,6.71,140,6.31,160,6.1,180,6.07,200e,6.06,215e,6.06,230e,6.06
5/4/2021 20:00,1541.23,5,10,10,9.63,20,9.44,30,9.18,40,8.58,60,8,80,7.74,100,7.04,120,6.78,140,6.22,160,6.16,180,5.97,200e,5.92,215e,5.92,230e,5.92
5/4/2021 21:00,1541.23,5,9.99,10,9.62,20,9.46,30,9.01,40,8.5,60,8.07,80,7.6,100,7.16,120,6.69,140,6.25,160,6.22,180,5.96,200e,5.9,215e,5.9,230e,5.9
5/4/2021 22:00,1541.24,5,9.88,10,9.58,20,9.44,30,9.02,40,8.42,60,8.1,80,7.71,100,7.19,120,6.6,140,6.44,160,6.33,180,6.04,200e,5.97,215e,5.97,230e,5.97
5/4/2021 23:00,1541.3,5,10.11,10,9.58,20,9.46,30,9.03,40,8.44,60,8.06,80,7.45,100,7.22,120,6.6,140,6.54,160,6.26,180,6.09,200e,6.05,215e,6.05,230e,6.05
5/5/2021 0:00,1541.38,5,10.4,10,9.8,20,9.56,30,9.21,40,8.51,60,8.09,80,7.59,100,7,120,6.72,140,6.58,160,6.16,180,5.96,200e,5.91,215e,5.91,230e,5.91
5/5/2021 1:00,1541.45,5,10.21,10,9.73,20,9.6,30,9.21,40,8.65,60,8.13,80,7.45,100,6.96,120,6.71,140,6.29,160,6.08,180,5.87,200e,5.82,215e,5.82,230e,5.82
5/5/2021 2:00,1541.52,5,10.1,10,9.72,20,9.7,30,9.43,40,8.75,60,8.15,80,7.51,100,6.94,120,6.42,140,6.13,160,6.04,180,5.78,200e,5.72,215e,5.72,230e,5.72
5/5/2021 3:00,1541.58,5,10.04,10,9.81,20,9.7,30,9.55,40,8.86,60,8.25,80,7.57,100,7.01,120,6.45,140,6.14,160,5.98,180,5.66,200e,5.58,215e,5.58,230e,5.58
5/5/2021 4:00,1541.35,5,9.93,10,9.76,20,9.69,30,9.66,40,9.62,60,8.5,80,7.8,100,7.08,120,6.63,140,6.17,160,5.99,180,5.6,200e,5.5,215e,5.5,230e,5.5
5/5/2021 5:00,1541.65,5,9.77,10,9.74,20,9.75,30,9.77,40,9.78,60,9.73,80,8.49,100,7.65,120,6.99,140,6.32,160,6.07,180,5.74,200e,5.66,215e,5.66,230e,5.66
5/5/2021 6:00,1541.65,5,9.83,10,9.79,20,9.83,30,9.83,40,9.69,60,9.6,80,9.26,100,7.75,120,7.01,140,6.2,160,5.89,180,5.69,200e,5.64,215e,5.64,230e,5.64
5/5/2021 7:00,1541.36,5,9.76,10,9.73,20,9.77,30,9.75,40,9.75,60,9.72,80,9.71,100,7.7,120,6.87,140,6.32,160,5.95,180,5.69,200e,5.63,215e,5.63,230e,5.63
5/5/2021 8:00,1541.65,5,10.17,10,10.05,20,10.06,30,9.99,40,10.02,60,9.93,80,9.96,100,7.65,120,6.74,140,6.44,160,6.34,180,5.89,200e,5.78,215e,5.78,230e,5.78
5/5/2021 9:00,1541.64,5,10.39,10,10.23,20,10.31,30,10.27,40,10.22,60,9.88,80,9.66,100,7.65,120,6.84,140,6.76,160,6.29,180,5.67,200e,5.52,215e,5.52,230e,5.52
5/5/2021 10:00,1541.64,5,10.43,10,10.34,20,10.35,30,10.21,40,10.13,60,10.07,80,8.44,100,7.58,120,7.35,140,6.17,160,6.18,180,6.15,200e,6.14,215e,6.14,230e,6.14
5/5/2021 11:00,1541.69,5,10.71,10,10.54,20,10.55,30,10.36,40,10.31,60,10.14,80,8.44,100,7.77,120,6.57,140,6.32,160,6.19,180,5.96,200e,5.9,215e,5.9,230e,5.9
5/5/2021 12:00,1541.75,5,11.05,10,10.77,20,10.56,30,10.41,40,10.24,60,9.97,80,8.43,100,6.94,120,6.5,140,6.15,160,6.03,180,5.83,200e,5.78,215e,5.78,230e,5.78
5/5/2021 13:00,1541.81,5,11.18,10,10.78,20,10.58,30,10.28,40,10.26,60,9.15,80,8.14,100,6.71,120,6.44,140,6.15,160,5.9,180,5.57,200e,5.49,215e,5.49,230e,5.49
5/5/2021 14:00,1541.87,5,11.5,10,11.37,20,10.98,30,10.24,40,10.15,60,9.2,80,6.88,100,6.54,120,6.2,140,5.88,160,5.83,180,5.7,200e,5.67,215e,5.67,230e,5.67
5/5/2021 15:00,1541.91,5,11.97,10,11.8,20,10.96,30,10.2,40,10.04,60,9.27,80,6.82,100,6.48,120,6.07,140,5.98,160,5.92,180,5.68,200e,5.62,215e,5.62,230e,5.62
5/5/2021 16:00,1541.91,5,12.1,10,11.94,20,11.76,30,10.34,40,9.89,60,9.44,80,7.16,100,6.83,120,6.22,140,6.04,160,5.8,180,5.66,200e,5.63,215e,5.63,230e,5.63
5/5/2021 17:00,1541.9,5,12.56,10,12.45,20,12.18,30,10.54,40,10.14,60,8.99,80,7.1,100,6.79,120,6.36,140,6.1,160,5.84,180,5.63,200e,5.58,215e,5.58,230e,5.58
5/5/2021 18:00,1541.91,5,12.74,10,12.07,20,10.77,30,10.16,40,9.83,60,8.32,80,7.09,100,6.76,120,6.49,140,6.2,160,5.73,180,5.6,200e,5.57,215e,5.57,230e,5.57
5/5/2021 19:00,1541.91,5,12.76,10,11.81,20,10.7,30,10.18,40,9.95,60,7.42,80,6.97,100,6.7,120,6.57,140,6.17,160,5.84,180,5.7,200e,5.67,215e,5.67,230e,5.67
5/5/2021 20:00,1541.91,5,12.45,10,11.8,20,10.46,30,10.26,40,10.01,60,7.25,80,6.91,100,6.72,120,6.45,140,6.18,160,5.89,180,5.72,200e,5.68,215e,5.68,230e,5.68
5/5/2021 21:00,1541.93,5,12.4,10,11.78,20,10.62,30,10.35,40,9.73,60,7.18,80,6.95,100,6.82,120,6.51,140,6.21,160,5.87,180,5.72,200e,5.68,215e,5.68,230e,5.68
5/5/2021 22:00,1541.98,5,12.52,10,11.54,20,10.6,30,10.25,40,9.86,60,6.96,80,6.91,100,6.79,120,6.55,140,6.5,160,5.94,180,5.6,200e,5.52,215e,5.52,230e,5.52
5/5/2021 23:00,1542.05,5,12.48,10,11.39,20,10.38,30,10.25,40,9.76,60,7.03,80,6.93,100,6.73,120,6.62,140,6.47,160,5.93,180,5.57,200e,5.48,215e,5.48,230e,5.48
5/6/2021 0:00,1542.12,5,12.33,10,11.41,20,10.27,30,10,40,8.19,60,7.08,80,6.84,100,6.75,120,6.62,140,6.12,160,5.72,180,5.6,200e,5.57,215e,5.57,230e,5.57
5/6/2021 1:00,1542.19,5,12.14,10,11.89,20,10.32,30,9.85,40,8.84,60,6.99,80,6.78,100,6.74,120,6.56,140,5.89,160,5.78,180,5.7,200e,5.68,215e,5.68,230e,5.68
5/6/2021 2:00,1542.25,5,12.08,10,11.84,20,10.3,30,9.68,40,8.44,60,6.99,80,6.81,100,6.67,120,6.1,140,5.96,160,5.84,180,5.62,200e,5.57,215e,5.57,230e,5.57
5/6/2021 3:00,1542.32,5,12.04,10,11.82,20,10.6,30,9.9,40,9.43,60,7.22,80,6.91,100,6.75,120,6.11,140,6.01,160,5.81,180,5.59,200e,5.54,215e,5.54,230e,5.54
5/6/2021 4:00,1542.38,5,11.93,10,11.82,20,11.01,30,10.18,40,9.53,60,7.87,80,7.02,100,6.83,120,6.19,140,6.01,160,5.7,180,5.59,200e,5.56,215e,5.56,230e,5.56
5/6/2021 5:00,1542.4,5,11.85,10,11.81,20,11.09,30,10.24,40,9.56,60,7.92,80,7.16,100,6.9,120,6.17,140,5.79,160,5.67,180,5.56,200e,5.53,215e,5.53,230e,5.53
5/6/2021 6:00,1542.4,5,11.83,10,11.79,20,11.79,30,10.34,40,9.74,60,7.76,80,7.38,100,6.83,120,6.1,140,5.67,160,5.58,180,5.53,200e,5.52,215e,5.52,230e,5.52
5/6/2021 7:00,1542.41,5,11.85,10,11.78,20,11.81,30,10.47,40,9.89,60,7.83,80,7.27,100,6.83,120,6,140,5.65,160,5.56,180,5.51,200e,5.5,215e,5.5,230e,5.5
5/6/2021 8:00,1542.41,5,11.88,10,11.79,20,11.82,30,10.5,40,10,60,7.88,80,7.22,100,6.54,120,6.13,140,5.84,160,5.64,180,5.48,200e,5.44,215e,5.44,230e,5.44
5/6/2021 9:00,1542.4,5,12.08,10,11.9,20,11.91,30,10.36,40,9.91,60,7.74,80,7.17,100,6.71,120,6.23,140,5.88,160,5.55,180,5.46,200e,5.44,215e,5.44,230e,5.44
5/6/2021 10:00,1542.4,5,11.99,10,11.93,20,11.94,30,10.44,40,9.79,60,7.73,80,7.13,100,6.77,120,6.21,140,5.84,160,5.53,180,5.49,200e,5.48,215e,5.48,230e,5.48
5/6/2021 11:00,1542.39,5,12.37,10,11.96,20,11.86,30,10.36,40,9.74,60,7.82,80,7.01,100,6.78,120,6.18,140,5.77,160,5.54,180,5.48,200e,5.47,215e,5.47,230e,5.47
5/6/2021 12:00,1542.38,5,12.61,10,12.26,20,11.06,30,10.08,40,8.89,60,7.57,80,6.99,100,6.5,120,6.22,140,5.63,160,5.58,180,5.5,200e,5.48,215e,5.48,230e,5.48
5/6/2021 13:00,1542.42,5,12.31,10,12.18,20,10.29,30,9.41,40,8.23,60,7.2,80,6.68,100,6.37,120,6.25,140,5.85,160,5.77,180,5.6,200e,5.56,215e,5.56,230e,5.56
5/6/2021 14:00,1542.49,5,12.22,10,11.61,20,9.73,30,8.74,40,7.93,60,7.18,80,6.61,100,6.33,120,6.07,140,5.96,160,5.87,180,5.63,200e,5.57,215e,5.57,230e,5.57
5/6/2021 15:00,1542.56,5,12.43,10,10.49,20,9.93,30,8.4,40,7.66,60,6.85,80,6.58,100,6.29,120,6.09,140,5.95,160,5.87,180,5.67,200e,5.62,215e,5.62,230e,5.62
5/6/2021 16:00,1542.62,5,12.4,10,10.46,20,10.14,30,8.54,40,7.85,60,7.06,80,6.63,100,6.34,120,6.13,140,5.99,160,5.92,180,5.72,200e,5.67,215e,5.67,230e,5.67
5/6/2021 17:00,1542.62,5,11.92,10,10.37,20,9.73,30,8.46,40,7.93,60,7.22,80,6.88,100,6.63,120,6.25,140,6.21,160,5.99,180,5.81,200e,5.77,215e,5.77,230e,5.77
5/6/2021 18:00,1542.63,5,12.11,10,9.82,20,8.84,30,8.5,40,8.06,60,7.53,80,7.11,100,6.76,120,6.42,140,6.18,160,5.99,180,5.84,200e,5.8,215e,5.8,230e,5.8
5/6/2021 19:00,1542.63,5,12.08,10,9.13,20,8.7,30,8.46,40,8.14,60,7.69,80,7.43,100,6.97,120,6.67,140,6.28,160,6.03,180,5.92,200e,5.89,215e,5.89,230e,5.89
5/6/2021 20:00,1542.63,5,11.97,10,9.1,20,8.92,30,8.7,40,8.3,60,7.97,80,7.66,100,7.2,120,6.72,140,6.39,160,6.05,180,5.9,200e,5.86,215e,5.86,230e,5.86
5/6/2021 21:00,1542.64,5,11.91,10,9.27,20,8.82,30,8.48,40,8.2,60,7.82,80,7.67,100,7.34,120,6.95,140,6.42,160,6.14,180,6.06,200e,6.04,215e,6.04,230e,6.04
5/6/2021 22:00,1542.7,5,10.88,10,9.27,20,8.52,30,8.42,40,8.09,60,7.74,80,7.52,100,7.24,120,6.94,140,6.45,160,6.34,180,6.11,200e,6.05,215e,6.05,230e,6.05
5/6/2021 23:00,1542.77,5,10.68,10,9.16,20,8.46,30,8.3,40,8.07,60,7.73,80,7.52,100,7.15,120,6.73,140,6.46,160,6.21,180,6.08,200e,6.05,215e,6.05,230e,6.05
5/7/2021 0:00,1542.81,5,9.76,10,8.84,20,8.66,30,8.33,40,8.07,60,7.73,80,7.46,100,7.03,120,6.68,140,6.44,160,6.2,180,5.98,200e,5.93,215e,5.93,230e,5.93
5/7/2021 1:00,1542.87,5,9.2,10,8.99,20,8.83,30,8.38,40,8.04,60,7.66,80,7.23,100,7.01,120,6.65,140,6.28,160,6.03,180,5.92,200e,5.89,215e,5.89,230e,5.89
5/7/2021 2:00,1542.92,5,9.53,10,9.13,20,8.54,30,8.29,40,8.27,60,7.89,80,7.43,100,7.07,120,6.77,140,6.5,160,6.22,180,5.97,200e,5.91,215e,5.91,230e,5.91
5/7/2021 3:00,1542.97,5,9.42,10,9.16,20,8.76,30,8.36,40,8.27,60,7.79,80,7.51,100,7.12,120,6.81,140,6.54,160,6.24,180,6.01,200e,5.95,215e,5.95,230e,5.95
5/7/2021 4:00,1543.02,5,9.18,10,9.01,20,8.63,30,8.37,40,8.01,60,7.51,80,7.19,100,6.91,120,6.61,140,6.29,160,6.08,180,5.9,200e,5.86,215e,5.86,230e,5.86
5/7/2021 5:00,1543.07,5,9.13,10,8.85,20,8.69,30,8.53,40,7.89,60,7.49,80,7.19,100,6.85,120,6.47,140,6.21,160,5.98,180,5.85,200e,5.82,215e,5.82,230e,5.82
5/7/2021 6:00,1543.09,5,9.1,10,9.05,20,8.99,30,8.62,40,8.1,60,7.6,80,7.41,100,7.01,120,6.65,140,6.08,160,5.94,180,5.68,200e,5.62,215e,5.62,230e,5.62
5/7/2021 7:00,1543.08,5,9.21,10,9.11,20,8.95,30,8.71,40,8.66,60,8.06,80,7.6,100,7.4,120,6.94,140,6.33,160,5.95,180,5.7,200e,5.64,215e,5.64,230e,5.64
5/7/2021 8:00,1543.08,5,9.71,10,9.38,20,8.97,30,8.75,40,8.67,60,8.6,80,8.04,100,7.55,120,7.2,140,6.73,160,6.26,180,5.81,200e,5.7,215e,5.7,230e,5.7
5/7/2021 9:00,1543.07,5,9.73,10,9.32,20,9.25,30,8.89,40,8.86,60,8.5,80,8.23,100,7.57,120,7.08,140,6.38,160,5.85,180,5.64,200e,5.59,215e,5.59,230e,5.59
5/7/2021 10:00,1543.08,5,9.75,10,9.44,20,9.32,30,9.17,40,9.05,60,8.59,80,8.12,100,7.59,120,6.93,140,6.23,160,5.86,180,5.71,200e,5.67,215e,5.67,230e,5.67
5/7/2021 11:00,1543.09,5,10.07,10,10,20,9.54,30,9.28,40,9.19,60,8.62,80,8.33,100,7.55,120,6.86,140,6.46,160,5.89,180,5.6,200e,5.53,215e,5.53,230e,5.53
5/7/2021 12:00,1543.08,5,10.09,10,10.04,20,9.9,30,9.25,40,8.87,60,8.59,80,8.2,100,7.49,120,7.06,140,6.38,160,6,180,5.7,200e,5.63,215e,5.63,230e,5.63
5/7/2021 13:00,1543.14,5,10.17,10,9.74,20,9.54,30,9.06,40,8.93,60,8.58,80,8,100,7.38,120,7.06,140,6.52,160,5.82,180,5.54,200e,5.47,215e,5.47,230e,5.47
5/7/2021 14:00,1543.19,5,10.28,10,9.67,20,9.58,30,9.38,40,8.78,60,8.55,80,8.05,100,7.38,120,7.07,140,6.48,160,5.98,180,5.78,200e,5.73,215e,5.73,230e,5.73
5/7/2021 15:00,1543.21,5,10.28,10,9.57,20,9.52,30,9.09,40,8.87,60,8.46,80,7.97,100,7.36,120,7.14,140,6.51,160,5.93,180,5.79,200e,5.76,215e,5.76,230e,5.76
5/7/2021 16:00,1543.21,5,10.34,10,9.81,20,9.52,30,9.14,40,8.79,60,8.28,80,7.96,100,7.36,120,6.83,140,6.6,160,6.05,180,5.71,200e,5.63,215e,5.63,230e,5.63
5/7/2021 17:00,1543.21,5,10.29,10,9.75,20,9.5,30,9.1,40,8.84,60,8.26,80,7.71,100,7.11,120,6.6,140,6.2,160,6.17,180,5.59,200e,5.45,215e,5.45,230e,5.45
5/7/2021 18:00,1543.2,5,10.09,10,9.59,20,9.56,30,9.12,40,8.75,60,8.5,80,8.08,100,7.36,120,6.93,140,6.74,160,5.8,180,5.76,200e,5.75,215e,5.75,230e,5.75
5/7/2021 19:00,1543.24,5,10.17,10,9.53,20,9.39,30,9.25,40,8.72,60,8.4,80,8.17,100,7.38,120,6.98,140,6.67,160,5.93,180,5.8,200e,5.77,215e,5.77,230e,5.77
5/7/2021 20:00,1543.29,5,9.84,10,9.53,20,9.29,30,9.04,40,8.77,60,8.57,80,8.27,100,7.21,120,6.95,140,6.31,160,6.19,180,5.9,200e,5.83,215e,5.83,230e,5.83
5/7/2021 21:00,1543.32,5,9.77,10,9.7,20,9.46,30,8.98,40,8.83,60,8.51,80,8.19,100,7.24,120,6.78,140,6.46,160,6.2,180,5.92,200e,5.85,215e,5.85,230e,5.85
5/7/2021 22:00,1543.37,5,9.73,10,9.68,20,9.28,30,9.03,40,8.95,60,8.52,80,8.01,100,7.14,120,6.81,140,6.51,160,6.24,180,5.78,200e,5.67,215e,5.67,230e,5.67
5/7/2021 23:00,1543.4,5,9.68,10,9.63,20,9.46,30,9.12,40,8.99,60,8.63,80,8.15,100,7.07,120,6.59,140,6.43,160,6.22,180,5.88,200e,5.8,215e,5.8,230e,5.8
5/8/2021 0:00,1543.44,5,9.68,10,9.61,20,9.3,30,9.26,40,9.17,60,8.41,80,7.41,100,7.07,120,6.6,140,6.38,160,5.84,180,5.71,200e,5.68,215e,5.68,230e,5.68
5/8/2021 1:00,1543.49,5,9.67,10,9.52,20,9.5,30,9.37,40,8.88,60,8.43,80,7.18,100,6.82,120,6.59,140,6.38,160,5.93,180,5.7,200e,5.64,215e,5.64,230e,5.64
5/8/2021 2:00,1543.53,5,9.58,10,9.55,20,9.59,30,9.45,40,9.02,60,8.36,80,7.17,100,6.75,120,6.48,140,6.31,160,5.92,180,5.68,200e,5.62,215e,5.62,230e,5.62
5/8/2021 3:00,1543.55,5,9.64,10,9.6,20,9.65,30,9.54,40,8.94,60,8.2,80,7.14,100,6.66,120,6.45,140,6.05,160,5.8,180,5.72,200e,5.7,215e,5.7,230e,5.7
5/8/2021 4:00,1543.6,5,9.66,10,9.65,20,9.68,30,9.67,40,8.98,60,7.96,80,7.09,100,6.63,120,6.33,140,5.93,160,5.76,180,5.73,200e,5.72,215e,5.72,230e,5.72
5/8/2021 5:00,1543.33,5,9.69,10,9.64,20,9.69,30,9.68,40,9.32,60,8,80,7.14,100,6.65,120,6.37,140,6.1,160,5.8,180,5.75,200e,5.74,215e,5.74,230e,5.74
5/8/2021 6:00,1543.63,5,9.73,10,9.7,20,9.73,30,9.72,40,9.7,60,8.32,80,7.24,100,6.78,120,6.37,140,6.13,160,5.74,180,5.69,200e,5.68,215e,5.68,230e,5.68
5/8/2021 7:00,1543.62,5,9.76,10,9.74,20,9.77,30,9.75,40,9.71,60,8.41,80,7.38,100,6.77,120,6.33,140,5.99,160,5.77,180,5.63,200e,5.6,215e,5.6,230e,5.6
5/8/2021 8:00,1543.61,5,9.81,10,9.78,20,9.81,30,9.79,40,9.68,60,8.4,80,7.38,100,6.64,120,6.31,140,5.9,160,5.79,180,5.65,200e,5.62,215e,5.62,230e,5.62
5/8/2021 9:00,1543.6,5,9.95,10,9.89,20,9.93,30,9.85,40,9.84,60,8.41,80,7.62,100,6.64,120,6.36,140,5.96,160,5.81,180,5.63,200e,5.59,215e,5.59,230e,5.59
5/8/2021 10:00,1543.6,5,10.18,10,10.13,20,10.1,30,9.85,40,9.79,60,8.87,80,7.63,100,6.76,120,6.58,140,6.15,160,5.8,180,5.64,200e,5.6,215e,5.6,230e,5.6
5/8/2021 11:00,1543.62,5,10.68,10,10.17,20,10.01,30,9.9,40,9.89,60,8.88,80,7.41,100,6.83,120,6.57,140,5.94,160,5.71,180,5.65,200e,5.64,215e,5.64,230e,5.64
5/8/2021 12:00,1543.67,5,10.76,10,10.32,20,10.06,30,10.02,40,10,60,8.4,80,7.22,100,6.78,120,6.67,140,5.92,160,5.84,180,5.69,200e,5.65,215e,5.65,230e,5.65
5/8/2021 13:00,1543.72,5,11.33,10,10.64,20,10.17,30,10.1,40,9.98,60,8.36,80,7.38,100,6.86,120,6.49,140,6.28,160,5.86,180,5.63,200e,5.57,215e,5.57,230e,5.57
5/8/2021 14:00,1543.46,5,11.09,10,10.29,20,10.25,30,10.18,40,10.02,60,8.46,80,7.28,100,6.92,120,6.5,140,6.03,160,5.76,180,5.61,200e,5.57,215e,5.57,230e,5.57
5/8/2021 15:00,1543.76,5,10.77,10,10.34,20,10.15,30,10.09,40,10.03,60,8.53,80,7.31,100,6.9,120,6.5,140,5.94,160,5.65,180,5.59,200e,5.58,215e,5.58,230e,5.58
5/8/2021 16:00,1543.75,5,10.6,10,10.26,20,10.1,30,10.02,40,9.94,60,8.74,80,7.42,100,7.02,120,6.52,140,6.24,160,5.75,180,5.59,200e,5.55,215e,5.55,230e,5.55
5/8/2021 17:00,1543.44,5,10.5,10,10.24,20,10.14,30,10.02,40,9.95,60,8.79,80,7.4,100,7.18,120,6.85,140,6.33,160,5.79,180,5.64,200e,5.6,215e,5.6,230e,5.6
5/8/2021 18:00,1543.73,5,10.44,10,10.23,20,10.12,30,10.06,40,9.8,60,8.67,80,7.65,100,7.21,120,6.6,140,6.58,160,6.03,180,5.65,200e,5.56,215e,5.56,230e,5.56
5/8/2021 19:00,1543.71,5,10.46,10,10.23,20,10.2,30,10.02,40,9.55,60,8.58,80,7.8,100,7.27,120,6.76,140,6.6,160,5.94,180,5.64,200e,5.57,215e,5.57,230e,5.57
5/8/2021 20:00,1543.73,5,10.33,10,10.28,20,10.08,30,9.76,40,9.01,60,8.06,80,7.88,100,7.41,120,6.95,140,6,160,5.66,180,5.58,200e,5.56,215e,5.56,230e,5.56
5/8/2021 21:00,1543.75,5,10.33,10,10.16,20,10.03,30,9.93,40,8.89,60,8.13,80,7.66,100,7.28,120,6.86,140,6,160,5.68,180,5.61,200e,5.59,215e,5.59,230e,5.59
5/8/2021 22:00,1543.78,5,10.31,10,10.18,20,10.03,30,9.88,40,8.84,60,8.1,80,7.64,100,7.12,120,6.79,140,5.97,160,5.69,180,5.57,200e,5.54,215e,5.54,230e,5.54
5/8/2021 23:00,1543.81,5,10.28,10,10.17,20,10.03,30,9.71,40,8.72,60,8.06,80,7.63,100,6.9,120,6.65,140,5.99,160,5.68,180,5.53,200e,5.49,215e,5.49,230e,5.49
5/9/2021 0:00,1543.84,5,10.24,10,10.19,20,10.01,30,9.55,40,8.41,60,7.94,80,7.22,100,6.84,120,6.29,140,5.81,160,5.67,180,5.53,200e,5.5,215e,5.5,230e,5.5
5/9/2021 1:00,1543.87,5,10.22,10,10.16,20,9.94,30,9.32,40,8.45,60,7.86,80,7.09,100,6.81,120,6.23,140,5.81,160,5.62,180,5.48,200e,5.45,215e,5.45,230e,5.45
5/9/2021 2:00,1543.9,5,10.18,10,10.15,20,9.95,30,9.14,40,8.54,60,7.99,80,7.08,100,6.66,120,6.27,140,5.76,160,5.54,180,5.49,200e,5.48,215e,5.48,230e,5.48
5/9/2021 3:00,1543.93,5,10.18,10,10.07,20,10,30,9.49,40,8.84,60,8.13,80,7.18,100,6.8,120,6.12,140,5.73,160,5.54,180,5.51,200e,5.5,215e,5.5,230e,5.5
5/9/2021 4:00,1543.97,5,10.16,10,10.07,20,9.83,30,9.39,40,9.01,60,8.03,80,7.2,100,6.7,120,6,140,5.71,160,5.58,180,5.51,200e,5.49,215e,5.49,230e,5.49
5/9/2021 5:00,1544,5,10.15,10,10.09,20,9.91,30,9.55,40,9.29,60,8.04,80,7.21,100,6.56,120,6.01,140,5.66,160,5.55,180,5.48,200e,5.46,215e,5.46,230e,5.46
5/9/2021 6:00,1544,5,10.13,10,10.08,20,9.99,30,9.69,40,9.42,60,8.22,80,7.22,100,6.71,120,5.82,140,5.66,160,5.57,180,5.48,200e,5.46,215e,5.46,230e,5.46
5/9/2021 7:00,1543.99,5,10.12,10,10.09,20,9.93,30,9.64,40,9.24,60,8.23,80,7.48,100,6.85,120,6.06,140,5.65,160,5.58,180,5.48,200e,5.46,215e,5.46,230e,5.46
5/9/2021 8:00,1543.97,5,10.13,10,10.09,20,9.91,30,9.63,40,9.31,60,8.33,80,7.55,100,6.92,120,6.37,140,5.78,160,5.61,180,5.48,200e,5.45,215e,5.45,230e,5.45
5/9/2021 9:00,1543.95,5,10.23,10,10.11,20,9.92,30,9.7,40,9.42,60,8.78,80,7.65,100,7.08,120,6.2,140,5.78,160,5.61,180,5.52,200e,5.5,215e,5.5,230e,5.5
5/9/2021 10:00,1543.94,5,10.42,10,10.28,20,9.97,30,9.77,40,9.49,60,8.86,80,7.89,100,7.08,120,6.2,140,5.73,160,5.62,180,5.52,200e,5.5,215e,5.5,230e,5.5
5/9/2021 11:00,1543.95,5,10.59,10,10.42,20,9.97,30,9.82,40,9.52,60,8.39,80,7.72,100,7.08,120,6.14,140,5.93,160,5.69,180,5.54,200e,5.5,215e,5.5,230e,5.5
5/9/2021 12:00,1543.95,5,10.75,10,10.22,20,9.98,30,9.75,40,9.48,60,8.33,80,7.35,100,6.79,120,6.2,140,5.94,160,5.7,180,5.54,200e,5.5,215e,5.5,230e,5.5
5/9/2021 13:00,1543.99,5,10.88,10,10.15,20,10.04,30,9.96,40,9.5,60,8.26,80,7.31,100,6.83,120,6.17,140,5.86,160,5.64,180,5.59,200e,5.58,215e,5.58,230e,5.58
5/9/2021 14:00,1543.69,5,11.1,10,10.26,20,10.13,30,9.99,40,9.49,60,7.92,80,7.28,100,6.78,120,6.22,140,5.81,160,5.7,180,5.59,200e,5.56,215e,5.56,230e,5.56
5/9/2021 15:00,1544.02,5,10.83,10,10.22,20,10.06,30,9.65,40,9.02,60,8.09,80,7.47,100,6.85,120,6.23,140,5.89,160,5.71,180,5.62,200e,5.6,215e,5.6,230e,5.6
5/9/2021 16:00,1544.01,5,10.87,10,10.25,20,10.06,30,9.49,40,8.72,60,8,80,7.53,100,6.98,120,6.44,140,5.89,160,5.7,180,5.62,200e,5.6,215e,5.6,230e,5.6
5/9/2021 17:00,1543.7,5,10.69,10,10.08,20,9.86,30,9.42,40,8.9,60,8.07,80,7.32,100,6.81,120,6.4,140,6,160,5.72,180,5.68,200e,5.67,215e,5.67,230e,5.67
5/9/2021 18:00,1543.99,5,10.68,10,10.16,20,9.83,30,9.24,40,8.52,60,8.12,80,7.29,100,6.99,120,6.54,140,5.97,160,5.79,180,5.76,200e,5.75,215e,5.75,230e,5.75
5/9/2021 19:00,1543.98,5,10.52,10,10.1,20,9.55,30,9.14,40,8.55,60,8.13,80,7.35,100,7.06,120,6.64,140,5.97,160,5.9,180,5.78,200e,5.75,215e,5.75,230e,5.75
5/9/2021 20:00,1543.69,5,10.53,10,9.98,20,9.17,30,8.85,40,8.53,60,8.12,80,7.46,100,7.2,120,6.76,140,6.38,160,6.07,180,5.98,200e,5.96,215e,5.96,230e,5.96
5/9/2021 21:00,1544.03,5,10.51,10,10.02,20,9.27,30,8.82,40,8.44,60,8.05,80,7.78,100,7.27,120,6.85,140,6.44,160,6.22,180,5.89,200e,5.81,215e,5.81,230e,5.81
5/9/2021 22:00,1544.05,5,10.41,10,9.95,20,9.61,30,8.9,40,8.39,60,8,80,7.83,100,7.19,120,6.91,140,6.72,160,6.32,180,5.92,200e,5.82,215e,5.82,230e,5.82
5/9/2021 23:00,1544.08,5,10.32,10,9.74,20,9.6,30,8.87,40,8.49,60,8.01,80,7.59,100,7.18,120,6.88,140,6.47,160,6.39,180,5.97,200e,5.87,215e,5.87,230e,5.87
5/10/2021 0:00,1544.12,5,10.27,10,10.12,20,9.58,30,8.86,40,8.52,60,7.99,80,7.5,100,7.07,120,6.75,140,6.55,160,6.39,180,6.02,200e,5.93,215e,5.93,230e,5.93
5/10/2021 1:00,1544.17,5,10.25,10,10.13,20,9.49,30,9.03,40,8.7,60,8.07,80,7.37,100,7.09,120,6.72,140,6.58,160,6.17,180,5.84,200e,5.76,215e,5.76,230e,5.76
5/10/2021 2:00,1543.9,5,10.19,10,10.11,20,9.82,30,9.19,40,8.91,60,8.08,80,7.67,100,7.14,120,6.86,140,6.68,160,6.19,180,5.95,200e,5.89,215e,5.89,230e,5.89
5/10/2021 3:00,1544.26,5,10.1,10,10.04,20,10.06,30,9.42,40,9,60,8.1,80,7.77,100,7.13,120,6.82,140,6.5,160,6.22,180,5.93,200e,5.86,215e,5.86,230e,5.86
5/10/2021 4:00,1544.28,5,10.09,10,10.06,20,10.1,30,9.4,40,9.1,60,8.18,80,7.69,100,7.07,120,6.72,140,6.41,160,6.13,180,5.75,200e,5.66,215e,5.66,230e,5.66
5/10/2021 5:00,1544.31,5,10.13,10,10.09,20,10.13,30,10.1,40,9.27,60,8.15,80,7.86,100,7.25,120,6.93,140,6.64,160,6.37,180,6.02,200e,5.93,215e,5.93,230e,5.93
5/10/2021 6:00,1544.3,5,10.12,10,10.11,20,10.14,30,10.11,40,9.41,60,8.76,80,8.07,100,7.39,120,6.97,140,6.77,160,6.49,180,6.25,200e,6.19,215e,6.19,230e,6.19
5/10/2021 7:00,1544.28,5,10.17,10,10.13,20,10.17,30,10.16,40,9.47,60,8.99,80,8.15,100,7.55,120,7.17,140,6.87,160,6.51,180,6.3,200e,6.25,215e,6.25,230e,6.25
5/10/2021 8:00,1544.27,5,10.23,10,10.17,20,10.21,30,10.17,40,9.95,60,8.79,80,8.25,100,7.66,120,7.06,140,6.74,160,6.47,180,6.32,200e,6.28,215e,6.28,230e,6.28
5/10/2021 9:00,1544.25,5,10.36,10,10.2,20,10.24,30,10.2,40,10.16,60,9.16,80,8.51,100,7.75,120,7.13,140,6.83,160,6.36,180,6.07,200e,6,215e,6,230e,6
5/10/2021 10:00,1544.23,5,10.7,10,10.24,20,10.26,30,10.2,40,10.19,60,9.13,80,8.55,100,7.52,120,6.98,140,6.48,160,5.96,180,5.86,200e,5.84,215e,5.84,230e,5.84
5/10/2021 11:00,1544.23,5,11.3,10,10.44,20,10.31,30,10.23,40,10.2,60,9.16,80,8.19,100,7.37,120,6.75,140,6.05,160,5.83,180,5.62,200e,5.57,215e,5.57,230e,5.57
5/10/2021 12:00,1544.25,5,11.75,10,10.55,20,10.44,30,10.36,40,10.19,60,9.4,80,8.31,100,7.42,120,6.61,140,6.1,160,5.79,180,5.61,200e,5.57,215e,5.57,230e,5.57
5/10/2021 13:00,1544.28,5,12.06,10,10.81,20,10.61,30,10.5,40,10.37,60,9.2,80,8.24,100,7.07,120,6.57,140,6.11,160,5.78,180,5.58,200e,5.53,215e,5.53,230e,5.53
5/10/2021 14:00,1544.32,5,11.78,10,10.6,20,10.52,30,10.29,40,10.26,60,8.9,80,7.69,100,6.9,120,6.39,140,6.01,160,5.69,180,5.56,200e,5.53,215e,5.53,230e,5.53
5/10/2021 15:00,1544.32,5,11.68,10,10.67,20,10.49,30,10.42,40,10.25,60,8.58,80,7.33,100,6.73,120,6.4,140,6.03,160,5.69,180,5.63,200e,5.62,215e,5.62,230e,5.62
5/10/2021 16:00,1544.3,5,11.68,10,10.56,20,10.45,30,10.27,40,10.21,60,8.31,80,7.21,100,6.77,120,6.28,140,6,160,5.68,180,5.63,200e,5.62,215e,5.62,230e,5.62
5/10/2021 17:00,1544.29,5,11.79,10,10.61,20,10.44,30,10.25,40,9.53,60,7.99,80,7.05,100,6.5,120,6.25,140,6.12,160,5.91,180,5.74,200e,5.7,215e,5.7,230e,5.7
5/10/2021 18:00,1544.27,5,11.99,10,10.53,20,10.32,30,9.9,40,9.42,60,7.8,80,7.03,100,6.62,120,6.22,140,6.18,160,6.02,180,5.93,200e,5.91,215e,5.91,230e,5.91
5/10/2021 19:00,1544.26,5,11.8,10,10.55,20,10.37,30,10,40,9.22,60,7.79,80,7.37,100,6.67,120,6.39,140,6.25,160,6.09,180,5.94,200e,5.9,215e,5.9,230e,5.9
5/10/2021 20:00,1544.29,5,10.61,10,10.52,20,10.31,30,9.82,40,9.22,60,7.92,80,7.31,100,6.69,120,6.43,140,6.25,160,6.07,180,5.96,200e,5.93,215e,5.93,230e,5.93
5/10/2021 21:00,1544.31,5,10.84,10,10.51,20,10.28,30,9.7,40,8.82,60,7.81,80,7.5,100,6.84,120,6.52,140,6.38,160,6.16,180,6,200e,5.96,215e,5.96,230e,5.96
5/10/2021 22:00,1544.33,5,11.11,10,10.41,20,10.23,30,9.5,40,8.48,60,7.91,80,7.48,100,7.08,120,6.58,140,6.35,160,6.17,180,6.01,200e,5.97,215e,5.97,230e,5.97
5/10/2021 23:00,1544.35,5,10.86,10,10.51,20,10.07,30,9.48,40,8.54,60,7.88,80,7.28,100,7.07,120,6.7,140,6.35,160,6.21,180,5.67,200e,5.54,215e,5.54,230e,5.54
5/11/2021 0:00,1544.39,5,10.71,10,10.54,20,10.23,30,9.26,40,8.61,60,7.67,80,7.32,100,7.01,120,6.43,140,6.3,160,6.01,180,5.69,200e,5.61,215e,5.61,230e,5.61
5/11/2021 1:00,1544.42,5,10.64,10,10.58,20,10.23,30,9.49,40,8.59,60,7.72,80,7.29,100,6.7,120,6.4,140,6.23,160,5.8,180,5.76,200e,5.75,215e,5.75,230e,5.75
5/11/2021 2:00,1544.45,5,10.59,10,10.55,20,10.34,30,9.34,40,8.62,60,7.75,80,7.12,100,6.55,120,6.35,140,6.23,160,5.77,180,5.69,200e,5.67,215e,5.67,230e,5.67
5/11/2021 3:00,1544.48,5,10.52,10,10.53,20,10.55,30,9.47,40,8.51,60,7.69,80,7.03,100,6.58,120,6.31,140,5.95,160,5.79,180,5.66,200e,5.63,215e,5.63,230e,5.63
5/11/2021 4:00,1544.51,5,10.56,10,10.53,20,10.57,30,9.39,40,8.53,60,7.87,80,6.88,100,6.61,120,6.28,140,5.96,160,5.76,180,5.66,200e,5.64,215e,5.64,230e,5.64
5/11/2021 5:00,1544.54,5,10.49,10,10.46,20,10.51,30,10.51,40,9.09,60,8.08,80,7.05,100,6.64,120,6.37,140,5.99,160,5.76,180,5.65,200e,5.62,215e,5.62,230e,5.62
5/11/2021 6:00,1544.53,5,10.48,10,10.47,20,10.51,30,10.5,40,9.35,60,8.31,80,7.19,100,6.78,120,6.39,140,6.01,160,5.82,180,5.64,200e,5.6,215e,5.6,230e,5.6
5/11/2021 7:00,1544.52,5,10.54,10,10.5,20,10.55,30,10.53,40,10.51,60,8.39,80,7.29,100,7,120,6.51,140,6.11,160,5.89,180,5.68,200e,5.63,215e,5.63,230e,5.63
5/11/2021 8:00,1544.51,5,10.66,10,10.54,20,10.57,30,10.57,40,10.52,60,8.42,80,7.52,100,7.12,120,6.7,140,6.14,160,6.03,180,5.77,200e,5.71,215e,5.71,230e,5.71
5/11/2021 9:00,1544.49,5,10.89,10,10.74,20,10.75,30,10.68,40,10.51,60,8.95,80,7.94,100,7.11,120,6.75,140,6.55,160,6.17,180,5.88,200e,5.81,215e,5.81,230e,5.81
5/11/2021 10:00,1544.47,5,11.37,10,10.88,20,10.73,30,10.52,40,10.51,60,9.13,80,8.02,100,7.26,120,6.9,140,6.65,160,6.2,180,5.88,200e,5.8,215e,5.8,230e,5.8
5/11/2021 11:00,1544.45,5,11.5,10,11.4,20,10.9,30,10.76,40,10.67,60,9.08,80,8.01,100,7.29,120,6.91,140,6.56,160,6.14,180,5.87,200e,5.8,215e,5.8,230e,5.8
5/11/2021 12:00,1544.48,5,11.93,10,11.26,20,11.06,30,10.89,40,10.75,60,8.7,80,8.01,100,7.32,120,6.57,140,6.37,160,6.1,180,5.93,200e,5.89,215e,5.89,230e,5.89
5/11/2021 13:00,1544.51,5,12.12,10,11.36,20,11.06,30,10.92,40,10.62,60,8.43,80,7.9,100,6.84,120,6.49,140,6.3,160,6.09,180,5.89,200e,5.84,215e,5.84,230e,5.84
5/11/2021 14:00,1544.54,5,12.1,10,11.28,20,11.02,30,10.79,40,10.64,60,8.48,80,7.16,100,6.8,120,6.35,140,6.09,160,5.97,180,5.82,200e,5.78,215e,5.78,230e,5.78
5/11/2021 15:00,1544.54,5,12.2,10,11.11,20,10.82,30,10.62,40,10.48,60,8.33,80,7.15,100,6.85,120,6.37,140,6.1,160,5.99,180,5.79,200e,5.74,215e,5.74,230e,5.74
5/11/2021 16:00,1544.53,5,12.05,10,11.16,20,10.74,30,10.52,40,9.23,60,8.27,80,7.24,100,7.04,120,6.63,140,6.21,160,6.1,180,5.77,200e,5.69,215e,5.69,230e,5.69
5/11/2021 17:00,1544.52,5,12.05,10,10.89,20,10.71,30,9.82,40,9.04,60,8.11,80,7.55,100,7.19,120,6.69,140,6.35,160,6.13,180,5.73,200e,5.63,215e,5.63,230e,5.63
5/11/2021 18:00,1544.51,5,12.46,10,10.73,20,10.61,30,9.22,40,8.59,60,8.33,80,7.84,100,7.23,120,6.76,140,6.46,160,6.18,180,5.73,200e,5.62,215e,5.62,230e,5.62
5/11/2021 19:00,1544.49,5,12.33,10,10.63,20,10.4,30,9.21,40,8.62,60,8.39,80,8.3,100,7.24,120,7.1,140,6.73,160,6.27,180,5.7,200e,5.56,215e,5.56,230e,5.56
5/11/2021 20:00,1544.51,5,11.97,10,10.74,20,10.43,30,9.25,40,8.66,60,8.55,80,8.08,100,7.52,120,7.07,140,6.61,160,6.3,180,5.78,200e,5.65,215e,5.65,230e,5.65
5/11/2021 21:00,1544.54,5,11.87,10,10.7,20,10.44,30,9.16,40,8.8,60,8.52,80,8.01,100,7.48,120,7.01,140,6.63,160,6.32,180,6.1,200e,6.05,215e,6.05,230e,6.05
5/11/2021 22:00,1544.57,5,11.57,10,11.17,20,10.62,30,9.19,40,8.83,60,8.38,80,8.07,100,7.19,120,6.77,140,6.41,160,6.22,180,5.93,200e,5.86,215e,5.86,230e,5.86
5/11/2021 23:00,1544.61,5,11.33,10,11.15,20,10.57,30,9.02,40,8.81,60,8.35,80,7.7,100,7.16,120,6.66,140,6.3,160,5.95,180,5.67,200e,5.6,215e,5.6,230e,5.6
5/12/2021 0:00,1544.64,5,11.32,10,11.17,20,10.53,30,8.92,40,8.73,60,8.18,80,7.46,100,6.91,120,6.42,140,6.17,160,5.83,180,5.57,200e,5.51,215e,5.51,230e,5.51
5/12/2021 1:00,1544.67,5,11.23,10,11.07,20,10.62,30,9,40,8.7,60,8.04,80,7.36,100,6.86,120,6.4,140,6.13,160,5.82,180,5.61,200e,5.56,215e,5.56,230e,5.56
5/12/2021 2:00,1544.7,5,11.04,10,10.98,20,10.85,30,9.07,40,8.81,60,7.98,80,7.23,100,6.73,120,6.39,140,6.13,160,5.82,180,5.57,200e,5.51,215e,5.51,230e,5.51
5/12/2021 3:00,1544.74,5,11.03,10,10.98,20,11.02,30,9.1,40,8.95,60,8.03,80,7.18,100,6.77,120,6.43,140,6.14,160,5.67,180,5.61,200e,5.6,215e,5.6,230e,5.6
5/12/2021 4:00,1544.77,5,11.1,10,11.08,20,11.04,30,9.42,40,8.76,60,8.15,80,7.15,100,6.64,120,6.34,140,6.08,160,5.67,180,5.62,200e,5.61,215e,5.61,230e,5.61
5/12/2021 5:00,1544.81,5,11.02,10,10.98,20,11.02,30,10.94,40,9.29,60,8.38,80,7.42,100,6.77,120,6.51,140,6.14,160,5.68,180,5.62,200e,5.61,215e,5.61,230e,5.61
5/12/2021 6:00,1544.8,5,11.04,10,11,20,11.05,30,11.05,40,10.99,60,8.63,80,7.76,100,6.9,120,6.38,140,6.09,160,5.7,180,5.63,200e,5.61,215e,5.61,230e,5.61
5/12/2021 7:00,1544.79,5,11.02,10,10.97,20,11.01,30,10.99,40,10.98,60,8.76,80,7.91,100,7.15,120,6.65,140,6.25,160,5.89,180,5.69,200e,5.64,215e,5.64,230e,5.64
5/12/2021 8:00,1544.78,5,11.2,10,11.1,20,11.13,30,11.11,40,11.1,60,9.03,80,7.89,100,7.19,120,6.68,140,6.37,160,5.97,180,5.87,200e,5.85,215e,5.85,230e,5.85
5/12/2021 9:00,1544.76,5,11.5,10,11.47,20,11.48,30,11.31,40,11.07,60,8.9,80,7.96,100,7.36,120,6.86,140,6.46,160,6.03,180,5.74,200e,5.67,215e,5.67,230e,5.67
5/12/2021 10:00,1544.74,5,11.92,10,11.78,20,11.18,30,11.08,40,11.04,60,8.86,80,7.93,100,7.47,120,6.87,140,6.33,160,6.01,180,5.75,200e,5.69,215e,5.69,230e,5.69
5/12/2021 11:00,1544.72,5,12.19,10,12.04,20,11.54,30,11.12,40,11.07,60,8.35,80,7.94,100,7.14,120,6.69,140,6.22,160,6.07,180,5.97,200e,5.95,215e,5.95,230e,5.95
5/12/2021 12:00,1544.75,5,12.31,10,12.12,20,11.51,30,11.29,40,10.98,60,8.41,80,7.73,100,6.9,120,6.68,140,6.22,160,6,180,5.66,200e,5.58,215e,5.58,230e,5.58
5/12/2021 13:00,1544.8,5,12.48,10,11.69,20,11.41,30,11.27,40,9.14,60,8.53,80,7.18,100,6.73,120,6.31,140,5.96,160,5.72,180,5.63,200e,5.61,215e,5.61,230e,5.61
5/12/2021 14:00,1544.83,5,12.54,10,11.32,20,11.3,30,11.21,40,9.14,60,8.45,80,7.08,100,6.67,120,6.11,140,5.84,160,5.8,180,5.69,200e,5.66,215e,5.66,230e,5.66
5/12/2021 15:00,1544.84,5,12.57,10,11.26,20,11.18,30,10.4,40,9.47,60,8.08,80,7.16,100,6.81,120,6.3,140,5.93,160,5.71,180,5.67,200e,5.66,215e,5.66,230e,5.66
5/12/2021 16:00,1544.82,5,12.57,10,11.22,20,11.11,30,9.92,40,9.35,60,8.24,80,7.56,100,7.33,120,6.46,140,6.17,160,5.86,180,5.72,200e,5.69,215e,5.69,230e,5.69
5/12/2021 17:00,1544.5,5,13.21,10,11.19,20,10.72,30,9.93,40,9.25,60,8.33,80,7.86,100,7.31,120,6.89,140,6.45,160,6.2,180,5.87,200e,5.79,215e,5.79,230e,5.79
5/12/2021 18:00,1544.8,5,13.01,10,11.08,20,10.42,30,9.49,40,9.1,60,8.56,80,8.03,100,7.23,120,7.03,140,6.97,160,6.35,180,6,200e,5.91,215e,5.91,230e,5.91
5/12/2021 19:00,1544.79,5,12.95,10,10.8,20,10.2,30,9.51,40,9.2,60,8.69,80,7.99,100,7.47,120,7.3,140,6.98,160,6.59,180,6.31,200e,6.24,215e,6.24,230e,6.24
5/12/2021 20:00,1544.82,5,11.31,10,10.81,20,9.77,30,9.46,40,9.28,60,8.6,80,7.81,100,7.51,120,7.25,140,7.1,160,6.77,180,5.95,200e,5.75,215e,5.75,230e,5.75
5/12/2021 21:00,1544.86,5,11.3,10,10.93,20,9.65,30,9.36,40,9.29,60,8.22,80,7.72,100,7.37,120,7.19,140,6.87,160,6.12,180,5.9,200e,5.85,215e,5.85,230e,5.85
5/12/2021 22:00,1544.88,5,12.33,10,10.99,20,9.78,30,9.46,40,9.19,60,8.03,80,7.58,100,7.32,120,6.81,140,6.58,160,5.99,180,5.82,200e,5.78,215e,5.78,230e,5.78
5/12/2021 23:00,1544.94,5,11.94,10,11,20,9.94,30,9.51,40,9.11,60,7.97,80,7.51,100,7.18,120,6.56,140,6.16,160,6.07,180,5.77,200e,5.7,215e,5.7,230e,5.7
5/13/2021 0:00,1544.97,5,11.7,10,11.09,20,10.03,30,9.45,40,8.94,60,7.78,80,7.4,100,6.86,120,6.47,140,6.15,160,5.88,180,5.81,200e,5.79,215e,5.79,230e,5.79
5/13/2021 1:00,1545,5,11.55,10,11.43,20,10.74,30,9.45,40,8.75,60,7.78,80,7.23,100,6.69,120,6.26,140,6.02,160,5.89,180,5.76,200e,5.73,215e,5.73,230e,5.73
5/13/2021 2:00,1545.03,5,11.54,10,11.27,20,11.16,30,9.4,40,9.17,60,7.81,80,7.36,100,6.68,120,6.31,140,6.01,160,5.86,180,5.73,200e,5.7,215e,5.7,230e,5.7
5/13/2021 3:00,1545.08,5,11.49,10,11.22,20,11.25,30,9.44,40,9.07,60,7.78,80,7.34,100,6.93,120,6.33,140,6.06,160,5.83,180,5.79,200e,5.78,215e,5.78,230e,5.78
5/13/2021 4:00,1545.12,5,11.47,10,11.18,20,11.19,30,11.17,40,9.52,60,8.03,80,7.33,100,6.93,120,6.42,140,6.08,160,5.93,180,5.77,200e,5.73,215e,5.73,230e,5.73
5/13/2021 5:00,1545.17,5,11.36,10,11.33,20,11.25,30,11.2,40,11.17,60,8.5,80,7.26,100,6.92,120,6.41,140,6.05,160,5.9,180,5.79,200e,5.76,215e,5.76,230e,5.76
5/13/2021 6:00,1545.17,5,11.44,10,11.26,20,11.29,30,11.24,40,11.23,60,9.08,80,7.68,100,7.02,120,6.74,140,6.15,160,5.95,180,5.78,200e,5.74,215e,5.74,230e,5.74
5/13/2021 7:00,1545.16,5,11.36,10,11.22,20,11.27,30,11.25,40,11.25,60,9.19,80,7.74,100,7.2,120,6.77,140,6.54,160,5.98,180,5.85,200e,5.82,215e,5.82,230e,5.82
5/13/2021 8:00,1545.15,5,11.47,10,11.38,20,11.37,30,11.33,40,11.31,60,9.31,80,8.31,100,7.65,120,6.93,140,6.47,160,6.11,180,5.82,200e,5.75,215e,5.75,230e,5.75
5/13/2021 9:00,1545.14,5,11.88,10,11.8,20,11.77,30,11.39,40,11.31,60,9.21,80,8.53,100,7.46,120,6.88,140,6.52,160,6.19,180,5.96,200e,5.9,215e,5.9,230e,5.9
5/13/2021 10:00,1545.13,5,12.35,10,11.98,20,11.61,30,11.48,40,11.4,60,9.05,80,8.71,100,7.39,120,6.73,140,6.31,160,6.02,180,5.92,200e,5.9,215e,5.9,230e,5.9
5/13/2021 11:00,1545.11,5,12.56,10,12.4,20,11.82,30,11.49,40,11.4,60,9.16,80,8.62,100,7.26,120,6.7,140,6.23,160,5.96,180,5.87,200e,5.85,215e,5.85,230e,5.85
5/13/2021 12:00,1545.14,5,12.98,10,12.09,20,11.86,30,11.5,40,10.66,60,9.4,80,7.75,100,7.04,120,6.52,140,6.41,160,5.9,180,5.71,200e,5.66,215e,5.66,230e,5.66
5/13/2021 13:00,1545.19,5,12.99,10,11.95,20,11.87,30,11.48,40,9.99,60,9.06,80,7.79,100,6.79,120,6.26,140,6.02,160,5.82,180,5.69,200e,5.66,215e,5.66,230e,5.66
5/13/2021 14:00,1545.24,5,13.07,10,11.61,20,11.58,30,10.54,40,9.87,60,8.74,80,7.36,100,6.81,120,6.59,140,6.12,160,5.95,180,5.75,200e,5.7,215e,5.7,230e,5.7
5/13/2021 15:00,1545.23,5,13.03,10,11.47,20,10.99,30,10.53,40,9.61,60,8.59,80,7.56,100,7.18,120,6.83,140,6.51,160,5.99,180,5.75,200e,5.69,215e,5.69,230e,5.69
5/13/2021 16:00,1545.22,5,13.22,10,11.46,20,11,30,9.79,40,9.33,60,8.12,80,7.81,100,7.17,120,6.96,140,6.81,160,6.29,180,6.06,200e,6,215e,6,230e,6
5/13/2021 17:00,1545.22,5,13.35,10,11.47,20,11.18,30,10.22,40,9.32,60,8.18,80,7.97,100,7.58,120,7.06,140,6.46,160,6.25,180,6.09,200e,6.05,215e,6.05,230e,6.05
5/13/2021 18:00,1545.21,5,14.03,10,11.45,20,11.11,30,10.28,40,9.04,60,8.29,80,7.99,100,7.61,120,7.13,140,6.76,160,6.48,180,5.98,200e,5.86,215e,5.86,230e,5.86
5/13/2021 19:00,1545.2,5,12.27,10,11.4,20,10.84,30,9.51,40,8.9,60,8.37,80,8.07,100,7.54,120,7.26,140,6.6,160,6.34,180,5.86,200e,5.74,215e,5.74,230e,5.74
5/13/2021 20:00,1545.24,5,11.69,10,11.16,20,10.98,30,9.49,40,8.99,60,8.35,80,7.8,100,7.32,120,6.86,140,6.65,160,6.54,180,6.01,200e,5.88,215e,5.88,230e,5.88
5/13/2021 21:00,1544.97,5,11.58,10,11.15,20,10.07,30,9.52,40,8.62,60,8.04,80,7.79,100,7.16,120,6.78,140,6.53,160,6.12,180,5.9,200e,5.85,215e,5.85,230e,5.85
5/13/2021 22:00,1545.34,5,11.99,10,11.23,20,10.08,30,9.22,40,8.58,60,7.99,80,7.42,100,6.95,120,6.56,140,6.16,160,5.93,180,5.79,200e,5.76,215e,5.76,230e,5.76
5/13/2021 23:00,1545.39,5,11.74,10,11.25,20,10.15,30,9.26,40,8.63,60,8.01,80,7.08,100,6.88,120,6.31,140,6.02,160,5.93,180,5.69,200e,5.63,215e,5.63,230e,5.63
5/14/2021 0:00,1545.44,5,12.2,10,11.36,20,10.12,30,8.97,40,8.52,60,7.94,80,7.08,100,6.58,120,6.22,140,5.91,160,5.82,180,5.67,200e,5.63,215e,5.63,230e,5.63
5/14/2021 1:00,1545.48,5,11.95,10,11.24,20,10.27,30,9.03,40,8.57,60,8.02,80,7.18,100,6.41,120,6.05,140,5.84,160,5.71,180,5.67,200e,5.66,215e,5.66,230e,5.66
5/14/2021 2:00,1545.51,5,11.83,10,11.62,20,10.67,30,9.22,40,8.64,60,8.05,80,7.22,100,6.43,120,6.19,140,5.85,160,5.71,180,5.61,200e,5.59,215e,5.59,230e,5.59
5/14/2021 3:00,1545.55,5,11.85,10,11.67,20,11,30,10.28,40,9.04,60,7.89,80,7.22,100,6.49,120,6.06,140,5.83,160,5.67,180,5.61,200e,5.6,215e,5.6,230e,5.6
5/14/2021 4:00,1545.58,5,11.82,10,11.75,20,11.75,30,10.58,40,9.87,60,8.22,80,7.25,100,6.46,120,6.1,140,5.75,160,5.66,180,5.61,200e,5.6,215e,5.6,230e,5.6
5/14/2021 5:00,1545.62,5,11.81,10,11.78,20,11.82,30,11.67,40,10.24,60,8.34,80,7.29,100,6.65,120,6.23,140,5.77,160,5.69,180,5.63,200e,5.62,215e,5.62,230e,5.62
5/14/2021 6:00,1545.62,5,11.93,10,11.89,20,11.94,30,11.36,40,10.56,60,8.34,80,7.62,100,7.02,120,6.37,140,5.87,160,5.7,180,5.63,200e,5.61,215e,5.61,230e,5.61
5/14/2021 7:00,1545.62,5,11.98,10,11.93,20,11.97,30,11.37,40,10.26,60,8.47,80,7.77,100,7.14,120,6.33,140,6.05,160,5.76,180,5.65,200e,5.62,215e,5.62,230e,5.62
5/14/2021 8:00,1545.61,5,12.15,10,12.09,20,11.88,30,11.76,40,9.96,60,8.56,80,8.22,100,7.4,120,6.83,140,6.2,160,5.85,180,5.7,200e,5.66,215e,5.66,230e,5.66
5/14/2021 9:00,1545.6,5,12.21,10,12.12,20,11.78,30,10.95,40,10.43,60,8.9,80,8.36,100,7.73,120,7.1,140,6.53,160,6.09,180,5.76,200e,5.68,215e,5.68,230e,5.68
5/14/2021 10:00,1545.58,5,12.39,10,12.29,20,11.75,30,11.12,40,10.11,60,9.19,80,8.53,100,7.67,120,7.11,140,6.7,160,6.23,180,6.01,200e,5.96,215e,5.96,230e,5.96
5/14/2021 11:00,1545.58,5,12.54,10,12.36,20,11.54,30,11.25,40,10.04,60,9.1,80,8.14,100,7.63,120,7.11,140,6.49,160,6.03,180,5.74,200e,5.67,215e,5.67,230e,5.67
5/14/2021 12:00,1545.6,5,12.65,10,12.49,20,11.52,30,10.98,40,10.04,60,8.89,80,7.83,100,7.31,120,7,140,6.63,160,5.83,180,5.73,200e,5.71,215e,5.71,230e,5.71
5/14/2021 13:00,1545.65,5,12.51,10,12.29,20,11.47,30,10.3,40,10,60,8.75,80,8,100,7.29,120,6.89,140,6.32,160,6.06,180,5.87,200e,5.82,215e,5.82,230e,5.82
5/14/2021 14:00,1545.7,5,12.7,10,11.75,20,10.65,30,10.23,40,9.46,60,8.76,80,7.85,100,7.4,120,7.02,140,6.54,160,6.28,180,5.99,200e,5.92,215e,5.92,230e,5.92
5/14/2021 15:00,1545.71,5,12.84,10,11.16,20,10.44,30,9.82,40,9.44,60,8.53,80,7.8,100,7.53,120,7.19,140,6.68,160,6.36,180,5.92,200e,5.81,215e,5.81,230e,5.81
5/14/2021 16:00,1545.71,5,13.28,10,11.02,20,10.29,30,9.81,40,9.72,60,8.31,80,7.95,100,7.57,120,7,140,6.79,160,6.36,180,5.91,200e,5.8,215e,5.8,230e,5.8
5/14/2021 17:00,1545.71,5,13.21,10,11.06,20,10.12,30,9.93,40,9.58,60,8.31,80,7.99,100,7.58,120,7.27,140,6.77,160,6.17,180,5.91,200e,5.85,215e,5.85,230e,5.85
5/14/2021 18:00,1545.7,5,13.88,10,10.57,20,10.28,30,10.02,40,9.44,60,8.6,80,7.99,100,7.42,120,7.1,140,6.87,160,6.49,180,5.98,200e,5.85,215e,5.85,230e,5.85
5/14/2021 19:00,1545.69,5,12.02,10,10.38,20,10.22,30,10,40,9.26,60,8.41,80,7.82,100,7.45,120,7.16,140,6.89,160,6.46,180,6.11,200e,6.02,215e,6.02,230e,6.02
5/14/2021 20:00,1545.73,5,12.73,10,10.47,20,10.21,30,9.59,40,8.94,60,8.14,80,7.58,100,7.44,120,7,140,6.57,160,6.47,180,6.1,200e,6.01,215e,6.01,230e,6.01
5/14/2021 21:00,1545.77,5,11.54,10,10.51,20,10.05,30,9.34,40,8.75,60,7.86,80,7.5,100,6.97,120,6.7,140,6.34,160,6.02,180,5.72,200e,5.65,215e,5.65,230e,5.65
5/14/2021 22:00,1545.8,5,12.24,10,10.42,20,10.02,30,9.46,40,8.76,60,7.8,80,7.43,100,6.93,120,6.37,140,6.09,160,5.72,180,5.71,200e,5.71,215e,5.71,230e,5.71
5/14/2021 23:00,1545.83,5,11.95,10,10.65,20,10.32,30,9.66,40,9.05,60,7.96,80,7.38,100,6.78,120,6.32,140,5.98,160,5.72,180,5.67,200e,5.66,215e,5.66,230e,5.66
5/15/2021 0:00,1545.86,5,11.8,10,11.29,20,10.5,30,9.76,40,8.99,60,7.99,80,7.52,100,6.73,120,6.33,140,5.98,160,5.73,180,5.68,200e,5.67,215e,5.67,230e,5.67
5/15/2021 1:00,1545.89,5,11.78,10,11.66,20,11.57,30,10.29,40,9.81,60,8.22,80,7.56,100,6.83,120,6.37,140,5.98,160,5.78,180,5.75,200e,5.74,215e,5.74,230e,5.74
5/15/2021 2:00,1545.92,5,11.8,10,11.69,20,11.61,30,11.49,40,10.41,60,8.87,80,7.57,100,6.81,120,6.35,140,5.88,160,5.79,180,5.65,200e,5.62,215e,5.62,230e,5.62
5/15/2021 3:00,1545.97,5,11.84,10,11.8,20,11.84,30,11.84,40,11.82,60,8.84,80,7.74,100,7.12,120,6.56,140,6.35,160,5.93,180,5.77,200e,5.73,215e,5.73,230e,5.73
5/15/2021 4:00,1546.02,5,11.94,10,11.92,20,11.97,30,11.95,40,11.94,60,8.83,80,8.12,100,7.57,120,6.79,140,6.2,160,5.9,180,5.76,200e,5.73,215e,5.73,230e,5.73
5/15/2021 5:00,1546.08,5,11.92,10,11.89,20,11.94,30,11.93,40,11.87,60,9.49,80,8.32,100,7.52,120,7.06,140,6.4,160,6.02,180,5.8,200e,5.75,215e,5.75,230e,5.75
5/15/2021 6:00,1546.07,5,12.01,10,11.99,20,12.03,30,12,40,12,60,9.69,80,8.93,100,7.88,120,7.28,140,6.59,160,6.1,180,5.81,200e,5.74,215e,5.74,230e,5.74
5/15/2021 7:00,1546.06,5,12.11,10,12.07,20,12.1,30,12.09,40,12.09,60,10.36,80,8.37,100,7.57,120,7.12,140,6.62,160,6.3,180,6.08,200e,6.03,215e,6.03,230e,6.03
5/15/2021 8:00,1546.05,5,12.26,10,12.2,20,12.19,30,12,40,11.97,60,10.43,80,8.04,100,7.59,120,6.91,140,6.64,160,6.26,180,6.01,200e,5.95,215e,5.95,230e,5.95
5/15/2021 9:00,1546.04,5,12.67,10,12.54,20,12.13,30,12.06,40,12.05,60,9.88,80,8.19,100,7.32,120,6.88,140,6.55,160,6.08,180,5.81,200e,5.74,215e,5.74,230e,5.74
5/15/2021 10:00,1546.02,5,12.86,10,12.62,20,12.19,30,12.14,40,12.06,60,9.76,80,7.8,100,7.29,120,6.98,140,6.25,160,5.99,180,5.8,200e,5.75,215e,5.75,230e,5.75
5/15/2021 11:00,1546.01,5,13.03,10,12.37,20,12.2,30,12.15,40,10.87,60,8.58,80,8.04,100,7.51,120,6.52,140,6.25,160,6.09,180,5.78,200e,5.7,215e,5.7,230e,5.7
5/15/2021 12:00,1546.03,5,13.04,10,12.88,20,12.24,30,11.78,40,11.05,60,8.43,80,7.99,100,6.99,120,6.45,140,6.17,160,5.83,180,5.65,200e,5.61,215e,5.61,230e,5.61
5/15/2021 13:00,1546.07,5,13.13,10,12.99,20,12.23,30,11.28,40,10.44,60,8.35,80,7.77,100,6.98,120,6.46,140,6.15,160,5.9,180,5.78,200e,5.75,215e,5.75,230e,5.75
5/15/2021 14:00,1546.12,5,12.82,10,12.69,20,12.21,30,11.36,40,9.47,60,8.14,80,7.56,100,7.16,120,6.64,140,6.33,160,5.92,180,5.73,200e,5.68,215e,5.68,230e,5.68
5/15/2021 15:00,1546.13,5,12.87,10,12.38,20,11.46,30,10.76,40,8.83,60,8.16,80,7.67,100,7.41,120,7.28,140,6.56,160,6.38,180,5.94,200e,5.83,215e,5.83,230e,5.83
5/15/2021 16:00,1546.12,5,12.92,10,11.7,20,11.16,30,9.16,40,8.86,60,8.23,80,7.87,100,7.61,120,7.21,140,6.67,160,6.51,180,5.9,200e,5.75,215e,5.75,230e,5.75
5/15/2021 17:00,1546.11,5,14.13,10,11.51,20,10.81,30,9.17,40,8.84,60,8.16,80,7.83,100,7.67,120,7.18,140,6.67,160,5.99,180,5.71,200e,5.64,215e,5.64,230e,5.64
5/15/2021 18:00,1546.1,5,13.51,10,11.65,20,9.63,30,9.08,40,8.73,60,8.08,80,7.87,100,7.18,120,6.74,140,6.6,160,5.97,180,5.7,200e,5.63,215e,5.63,230e,5.63
5/15/2021 19:00,1546.1,5,13.11,10,11.72,20,9.68,30,9.1,40,8.54,60,8.05,80,7.66,100,7.08,120,6.51,140,6.15,160,5.85,180,5.81,200e,5.8,215e,5.8,230e,5.8
5/15/2021 20:00,1546.12,5,13.29,10,11.11,20,10.08,30,9.5,40,8.53,60,8.01,80,7.22,100,6.94,120,6.37,140,6.06,160,5.92,180,5.74,200e,5.7,215e,5.7,230e,5.7
5/15/2021 21:00,1546.16,5,12.97,10,11.09,20,9.99,30,9.42,40,8.73,60,7.93,80,7.04,100,6.45,120,6.26,140,6.01,160,5.79,180,5.67,200e,5.64,215e,5.64,230e,5.64
5/15/2021 22:00,1546.19,5,12.77,10,11.33,20,10.12,30,9.6,40,8.9,60,7.76,80,7.05,100,6.49,120,6.2,140,5.93,160,5.76,180,5.67,200e,5.65,215e,5.65,230e,5.65
5/15/2021 23:00,1546.22,5,12.53,10,12.27,20,10.57,30,9.85,40,9.33,60,7.71,80,7.07,100,6.52,120,6.15,140,5.84,160,5.77,180,5.73,200e,5.72,215e,5.72,230e,5.72
5/16/2021 0:00,1546.26,5,12.49,10,12.41,20,10.72,30,9.95,40,9.59,60,7.66,80,7,100,6.26,120,6.11,140,5.81,160,5.71,180,5.68,200e,5.67,215e,5.67,230e,5.67
5/16/2021 1:00,1546.29,5,12.38,10,12.32,20,11.33,30,10.53,40,9.8,60,7.78,80,7.45,100,6.32,120,6.05,140,5.82,160,5.69,180,5.67,200e,5.67,215e,5.67,230e,5.67
5/16/2021 2:00,1546.32,5,12.39,10,12.35,20,12.07,30,10.99,40,9.74,60,7.87,80,7.53,100,6.42,120,6.05,140,5.85,160,5.75,180,5.7,200e,5.69,215e,5.69,230e,5.69
5/16/2021 3:00,1546.36,5,12.3,10,12.26,20,12.31,30,11.65,40,10.21,60,8.87,80,7.76,100,6.99,120,6.31,140,6.04,160,5.79,180,5.73,200e,5.72,215e,5.72,230e,5.72
5/16/2021 4:00,1546.41,5,12.32,10,12.28,20,12.32,30,12.14,40,11.18,60,9.09,80,7.96,100,7.21,120,6.34,140,6.01,160,5.79,180,5.69,200e,5.67,215e,5.67,230e,5.67
5/16/2021 5:00,1546.45,5,12.32,10,12.31,20,12.31,30,12.29,40,11.5,60,9.11,80,8.16,100,7.73,120,6.69,140,6.33,160,5.96,180,5.81,200e,5.77,215e,5.77,230e,5.77
5/16/2021 6:00,1546.46,5,12.31,10,12.29,20,12.32,30,12.31,40,12.31,60,9.93,80,8.65,100,8.15,120,7.4,140,6.54,160,6.23,180,5.94,200e,5.87,215e,5.87,230e,5.87
5/16/2021 7:00,1546.44,5,12.51,10,12.47,20,12.48,30,12.47,40,12.47,60,10.3,80,8.89,100,8.13,120,7.33,140,7.08,160,6.31,180,5.94,200e,5.85,215e,5.85,230e,5.85
5/16/2021 8:00,1546.43,5,12.7,10,12.65,20,12.68,30,12.56,40,12.34,60,10.5,80,8.93,100,7.84,120,7.08,140,6.83,160,6.4,180,6.05,200e,5.96,215e,5.96,230e,5.96
5/16/2021 9:00,1546.42,5,12.91,10,12.82,20,12.81,30,12.67,40,12.54,60,10.41,80,8.35,100,7.62,120,6.87,140,6.53,160,6.21,180,5.94,200e,5.87,215e,5.87,230e,5.87
5/16/2021 10:00,1546.42,5,13.45,10,13.28,20,12.91,30,12.75,40,12.65,60,9.7,80,8.91,100,7.96,120,7.49,140,6.92,160,6.6,180,6.25,200e,6.16,215e,6.16,230e,6.16
5/16/2021 11:00,1546.4,5,13.74,10,13.56,20,12.8,30,12.7,40,10.8,60,9.72,80,8.58,100,7.88,120,7.25,140,6.73,160,6.28,180,6.24,200e,6.23,215e,6.23,230e,6.23
5/16/2021 12:00,1546.43,5,13.83,10,13.42,20,12.85,30,12.74,40,10.41,60,9.27,80,8.4,100,7.55,120,6.99,140,6.76,160,6.38,180,6.06,200e,5.98,215e,5.98,230e,5.98
5/16/2021 13:00,1546.48,5,13.95,10,12.96,20,12.84,30,12.6,40,10.71,60,9.19,80,8.23,100,7.24,120,6.91,140,6.7,160,6.44,180,6.31,200e,6.28,215e,6.28,230e,6.28
5/16/2021 14:00,1546.52,5,14.11,10,12.98,20,12.72,30,12.08,40,11.12,60,8.89,80,8.03,100,7.76,120,7.12,140,6.65,160,6.26,180,6.09,200e,6.05,215e,6.05,230e,6.05
5/16/2021 15:00,1546.52,5,14.36,10,12.76,20,12.63,30,11.82,40,10.43,60,8.91,80,8.1,100,7.68,120,7.34,140,6.91,160,6.51,180,6.26,200e,6.2,215e,6.2,230e,6.2
5/16/2021 16:00,1546.51,5,14.39,10,12.62,20,12.48,30,11.26,40,9.67,60,8.79,80,8.16,100,7.5,120,7.32,140,7.22,160,6.59,180,6.38,200e,6.33,215e,6.33,230e,6.33
5/16/2021 17:00,1546.5,5,14.39,10,12.55,20,12.04,30,9.91,40,9.53,60,8.8,80,8.2,100,7.69,120,7.33,140,6.68,160,6.52,180,6.09,200e,5.98,215e,5.98,230e,5.98
5/16/2021 18:00,1546.49,5,14.22,10,12.5,20,11.16,30,9.7,40,9.32,60,8.46,80,7.81,100,7.59,120,6.93,140,6.57,160,6.16,180,5.84,200e,5.76,215e,5.76,230e,5.76
5/16/2021 19:00,1546.49,5,14.08,10,12.3,20,10.23,30,9.43,40,9.13,60,8.02,80,7.69,100,7.24,120,6.91,140,6.28,160,5.89,180,5.75,200e,5.72,215e,5.72,230e,5.72
5/16/2021 20:00,1546.52,5,13.64,10,12.32,20,10.16,30,9.33,40,8.75,60,7.88,80,7.34,100,6.99,120,6.41,140,6.05,160,5.88,180,5.78,200e,5.76,215e,5.76,230e,5.76
5/16/2021 21:00,1546.56,5,13.69,10,12.33,20,10.19,30,9.37,40,8.55,60,7.69,80,7.26,100,6.73,120,6.16,140,6.01,160,5.88,180,5.74,200e,5.71,215e,5.71,230e,5.71
5/16/2021 22:00,1546.59,5,13.64,10,12.24,20,10.25,30,9.57,40,9.04,60,7.67,80,7.2,100,6.51,120,6.19,140,5.97,160,5.83,180,5.75,200e,5.73,215e,5.73,230e,5.73
5/16/2021 23:00,1546.62,5,13.54,10,12.22,20,10.78,30,9.62,40,9.04,60,8.05,80,7.17,100,6.43,120,6.15,140,5.98,160,5.82,180,5.7,200e,5.67,215e,5.67,230e,5.67
5/17/2021 0:00,1546.66,5,13.02,10,12.31,20,10.96,30,9.78,40,9.5,60,7.97,80,7,100,6.28,120,6.09,140,5.84,160,5.76,180,5.74,200e,5.74,215e,5.74,230e,5.74
5/17/2021 1:00,1546.68,5,12.9,10,12.46,20,11.6,30,10.56,40,9.46,60,7.71,80,7.24,100,6.42,120,6.1,140,5.81,160,5.71,180,5.68,200e,5.67,215e,5.67,230e,5.67
5/17/2021 2:00,1546.72,5,12.91,10,12.6,20,11.71,30,11.54,40,9.77,60,7.89,80,7.1,100,6.34,120,6.04,140,5.84,160,5.71,180,5.68,200e,5.67,215e,5.67,230e,5.67
5/17/2021 3:00,1546.75,5,12.81,10,12.36,20,12.08,30,11.52,40,9.8,60,7.94,80,6.99,100,6.44,120,6.2,140,5.98,160,5.83,180,5.74,200e,5.72,215e,5.72,230e,5.72
5/17/2021 4:00,1546.78,5,12.75,10,12.65,20,12.24,30,11.8,40,10.46,60,7.87,80,7.44,100,6.81,120,6.41,140,5.99,160,5.79,180,5.74,200e,5.73,215e,5.73,230e,5.73
5/17/2021 5:00,1546.83,5,12.69,10,12.62,20,12.34,30,11.89,40,10.64,60,8.18,80,7.69,100,6.69,120,6.07,140,5.88,160,5.76,180,5.71,200e,5.7,215e,5.7,230e,5.7
5/17/2021 6:00,1546.84,5,12.68,10,12.6,20,12.33,30,11.17,40,10.12,60,8.37,80,7.82,100,6.79,120,6.25,140,5.96,160,5.89,180,5.74,200e,5.7,215e,5.7,230e,5.7
5/17/2021 7:00,1546.83,5,12.67,10,12.54,20,12.26,30,11.34,40,10.21,60,8.61,80,8.04,100,7.09,120,6.57,140,6.22,160,5.96,180,5.79,200e,5.75,215e,5.75,230e,5.75
5/17/2021 8:00,1546.81,5,12.64,10,12.59,20,12.45,30,11.59,40,11.01,60,9.51,80,8.27,100,7.59,120,7.04,140,6.63,160,6.08,180,5.88,200e,5.83,215e,5.83,230e,5.83
5/17/2021 9:00,1546.8,5,12.74,10,12.68,20,12.5,30,11.78,40,11.04,60,10.16,80,8.58,100,7.64,120,7.17,140,6.53,160,6.14,180,6.09,200e,6.08,215e,6.08,230e,6.08
5/17/2021 10:00,1546.78,5,12.89,10,12.8,20,12.47,30,11.42,40,11.01,60,10.01,80,8.55,100,7.7,120,7.2,140,6.66,160,6.19,180,6.14,200e,6.13,215e,6.13,230e,6.13
5/17/2021 11:00,1546.76,5,12.95,10,12.84,20,11.99,30,11.25,40,10.86,60,9.83,80,8.59,100,7.73,120,7.26,140,6.68,160,6.35,180,6.18,200e,6.14,215e,6.14,230e,6.14
5/17/2021 12:00,1546.8,5,12.97,10,12.42,20,11.43,30,10.98,40,10.4,60,9.58,80,8.47,100,7.85,120,7.21,140,6.78,160,6.44,180,6.36,200e,6.34,215e,6.34,230e,6.34
5/17/2021 13:00,1546.85,5,13,10,11.78,20,11.47,30,10.63,40,10.27,60,9.44,80,8.27,100,7.89,120,7.41,140,6.86,160,6.59,180,6.5,200e,6.48,215e,6.48,230e,6.48
5/17/2021 14:00,1546.91,5,13.4,10,11.95,20,11.47,30,10.65,40,10.03,60,8.96,80,8.25,100,7.84,120,7.28,140,6.93,160,6.57,180,6.09,200e,5.97,215e,5.97,230e,5.97
5/17/2021 15:00,1546.9,5,13.27,10,11.83,20,11.06,30,10.42,40,9.66,60,8.56,80,8.01,100,7.49,120,7.22,140,6.88,160,6.43,180,6.13,200e,6.06,215e,6.06,230e,6.06
5/17/2021 16:00,1546.89,5,13.17,10,12.01,20,10.68,30,10.03,40,9.26,60,8.31,80,7.99,100,7.5,120,7.17,140,6.87,160,6.27,180,6.11,200e,6.07,215e,6.07,230e,6.07
5/17/2021 17:00,1546.87,5,12.81,10,11.68,20,10.3,30,9.84,40,8.88,60,8.12,80,7.78,100,7.42,120,7.02,140,6.55,160,6.29,180,5.89,200e,5.79,215e,5.79,230e,5.79
5/17/2021 18:00,1546.86,5,12.73,10,10.9,20,9.89,30,9.29,40,8.64,60,7.99,80,7.65,100,7.2,120,6.61,140,6.38,160,6.05,180,5.89,200e,5.85,215e,5.85,230e,5.85
5/17/2021 19:00,1546.87,5,12.54,10,10.54,20,9.63,30,8.93,40,8.38,60,7.83,80,7.48,100,6.83,120,6.52,140,6.06,160,5.9,180,5.84,200e,5.83,215e,5.83,230e,5.83
5/17/2021 20:00,1546.9,5,13.2,10,10.17,20,9.46,30,8.72,40,8.38,60,7.83,80,7.31,100,6.79,120,6.53,140,6.28,160,5.94,180,5.85,200e,5.83,215e,5.83,230e,5.83
5/17/2021 21:00,1546.93,5,11.24,10,10,20,9.39,30,8.47,40,8.17,60,7.75,80,7.29,100,6.71,120,6.39,140,6.14,160,6,180,5.9,200e,5.88,215e,5.88,230e,5.88
5/17/2021 22:00,1546.97,5,10.84,10,9.65,20,9.01,30,8.47,40,8.09,60,7.51,80,7.27,100,6.73,120,6.34,140,6.18,160,5.94,180,5.83,200e,5.8,215e,5.8,230e,5.8
5/17/2021 23:00,1547,5,10.52,10,9.56,20,8.93,30,8.51,40,8.09,60,7.47,80,7.02,100,6.57,120,6.24,140,6.12,160,5.93,180,5.78,200e,5.74,215e,5.74,230e,5.74
5/18/2021 0:00,1547.02,5,11.56,10,9.76,20,8.94,30,8.54,40,8.21,60,7.62,80,7.28,100,6.88,120,6.39,140,6.2,160,6.03,180,5.8,200e,5.74,215e,5.74,230e,5.74
5/18/2021 1:00,1547.04,5,11.43,10,9.82,20,9.13,30,8.91,40,8.53,60,7.97,80,7.62,100,7.33,120,6.76,140,6.29,160,6.13,180,6.03,200e,6.01,215e,6.01,230e,6.01
5/18/2021 2:00,1547.08,5,10.38,10,9.81,20,9.68,30,9.21,40,8.88,60,8.12,80,7.62,100,6.96,120,6.49,140,6.12,160,6,180,5.89,200e,5.86,215e,5.86,230e,5.86
5/18/2021 3:00,1547.12,5,10.07,10,10,20,9.97,30,9.28,40,9.11,60,8.44,80,7.74,100,7.04,120,6.51,140,6.12,160,5.96,180,5.81,200e,5.77,215e,5.77,230e,5.77
5/18/2021 4:00,1547.16,5,10.26,10,10.08,20,10.08,30,9.93,40,9.37,60,8.39,80,7.81,100,7.33,120,6.8,140,6.44,160,6.32,180,6.09,200e,6.03,215e,6.03,230e,6.03
5/18/2021 5:00,1547.21,5,10.47,10,10.21,20,10.17,30,9.82,40,9.57,60,8.74,80,8.09,100,7.78,120,6.86,140,6.43,160,6.15,180,5.95,200e,5.9,215e,5.9,230e,5.9
5/18/2021 6:00,1547.22,5,10.46,10,10.38,20,9.94,30,9.75,40,9.64,60,9.33,80,8.62,100,8.01,120,7.52,140,7.21,160,6.62,180,6.06,200e,5.92,215e,5.92,230e,5.92
5/18/2021 7:00,1547.21,5,10.59,10,10.51,20,10.46,30,10.25,40,10.05,60,9.51,80,9.25,100,8.31,120,7.76,140,7.29,160,6.61,180,5.87,200e,5.69,215e,5.69,230e,5.69
5/18/2021 8:00,1547.21,5,10.77,10,10.72,20,10.74,30,10.42,40,10.3,60,9.82,80,9.43,100,8.39,120,7.87,140,7.24,160,6.44,180,6.04,200e,5.94,215e,5.94,230e,5.94
5/18/2021 9:00,1547.19,5,10.81,10,10.74,20,10.65,30,10.57,40,10.5,60,10.38,80,9.34,100,8.49,120,7.67,140,7.27,160,6.43,180,6.04,200e,5.94,215e,5.94,230e,5.94
5/18/2021 10:00,1547.18,5,10.86,10,10.8,20,10.84,30,10.65,40,10.62,60,10.53,80,9.62,100,8.48,120,7.69,140,7.24,160,6.69,180,5.99,200e,5.82,215e,5.82,230e,5.82
5/18/2021 11:00,1547.17,5,11.21,10,11.09,20,11.11,30,11.01,40,10.78,60,10.63,80,9.24,100,8.53,120,7.63,140,6.79,160,6.33,180,5.91,200e,5.81,215e,5.81,230e,5.81
5/18/2021 12:00,1547.21,5,11.39,10,11.33,20,11.35,30,11.03,40,10.76,60,10.34,80,9.04,100,8.18,120,7.29,140,6.63,160,6.24,180,5.93,200e,5.85,215e,5.85,230e,5.85
5/18/2021 13:00,1547.26,5,11.7,10,11.52,20,11.45,30,11.1,40,10.91,60,10.16,80,9,100,7.87,120,7.04,140,6.84,160,6.24,180,5.84,200e,5.74,215e,5.74,230e,5.74
5/18/2021 14:00,1547.31,5,11.8,10,11.78,20,11.38,30,11.22,40,11.16,60,9.94,80,8.99,100,7.86,120,7.05,140,6.86,160,5.96,180,5.86,200e,5.84,215e,5.84,230e,5.84
5/18/2021 15:00,1547.3,5,11.84,10,11.81,20,11.61,30,11.35,40,11.27,60,10.67,80,9.12,100,7.48,120,6.92,140,6.33,160,5.97,180,5.86,200e,5.83,215e,5.83,230e,5.83
5/18/2021 16:00,1547.29,5,11.92,10,11.88,20,11.91,30,11.49,40,11.4,60,10.46,80,9.13,100,7.36,120,6.98,140,6.31,160,6.08,180,5.86,200e,5.81,215e,5.81,230e,5.81
5/18/2021 17:00,1547.27,5,11.95,10,11.91,20,11.94,30,11.6,40,11.43,60,10.13,80,8.64,100,7.44,120,7.09,140,6.29,160,5.96,180,5.87,200e,5.85,215e,5.85,230e,5.85
5/18/2021 18:00,1547.27,5,11.97,10,11.93,20,11.73,30,11.67,40,11.27,60,9.93,80,8.03,100,7.45,120,7.08,140,6.44,160,6.07,180,5.74,200e,5.66,215e,5.66,230e,5.66
5/18/2021 19:00,1547.26,5,11.93,10,11.85,20,11.73,30,11.61,40,10.87,60,9.66,80,7.83,100,7.22,120,6.89,140,6.69,160,6.54,180,5.88,200e,5.72,215e,5.72,230e,5.72
5/18/2021 20:00,1547.29,5,11.88,10,11.82,20,11.85,30,11.54,40,10.59,60,8.72,80,7.77,100,7.05,120,6.77,140,6.65,160,6.52,180,6,200e,5.87,215e,5.87,230e,5.87
5/18/2021 21:00,1547.31,5,11.84,10,11.8,20,11.84,30,10.72,40,10.38,60,8.17,80,7.7,100,7.04,120,6.77,140,6.29,160,6.1,180,5.88,200e,5.83,215e,5.83,230e,5.83
5/18/2021 22:00,1547.34,5,11.79,10,11.77,20,11.61,30,10.67,40,9.84,60,8.31,80,7.5,100,7.08,120,6.72,140,6.45,160,5.83,180,5.78,200e,5.77,215e,5.77,230e,5.77
5/18/2021 23:00,1547.35,5,11.75,10,11.72,20,11.6,30,10.69,40,9.19,60,8.07,80,7.32,100,7.17,120,6.6,140,6.03,160,5.88,180,5.78,200e,5.76,215e,5.76,230e,5.76
5/19/2021 0:00,1547.36,5,11.73,10,11.67,20,11.5,30,10.74,40,9.11,60,7.99,80,7.4,100,7.2,120,6.77,140,5.98,160,5.85,180,5.84,200e,5.84,215e,5.84,230e,5.84
5/19/2021 1:00,1547.39,5,11.71,10,11.64,20,11.41,30,10.71,40,9.19,60,7.95,80,7.47,100,6.9,120,6.6,140,6.21,160,5.97,180,5.84,200e,5.81,215e,5.81,230e,5.81
5/19/2021 2:00,1547.41,5,11.66,10,11.61,20,11.35,30,10.85,40,9.32,60,7.95,80,7.52,100,6.91,120,6.57,140,6.21,160,5.99,180,5.96,200e,5.95,215e,5.95,230e,5.95
5/19/2021 3:00,1547.45,5,11.65,10,11.6,20,11.63,30,10.86,40,9.3,60,8.08,80,7.58,100,6.93,120,6.64,140,6.17,160,5.96,180,5.84,200e,5.81,215e,5.81,230e,5.81
5/19/2021 4:00,1547.49,5,11.65,10,11.58,20,11.39,30,10.69,40,9.27,60,8.09,80,7.39,100,6.81,120,6.36,140,6.08,160,5.91,180,5.75,200e,5.71,215e,5.71,230e,5.71
5/19/2021 5:00,1547.53,5,11.63,10,11.57,20,11.29,30,10.82,40,9.26,60,8.09,80,7.36,100,6.76,120,6.45,140,5.93,160,5.85,180,5.73,200e,5.7,215e,5.7,230e,5.7
5/19/2021 6:00,1547.52,5,11.6,10,11.56,20,11.02,30,10.18,40,9.27,60,8.19,80,7.53,100,6.65,120,6.22,140,6.02,160,5.79,180,5.7,200e,5.68,215e,5.68,230e,5.68
5/19/2021 7:00,1547.51,5,11.6,10,11.56,20,11.2,30,10.47,40,9.28,60,8.28,80,7.69,100,6.68,120,6.37,140,5.9,160,5.85,180,5.78,200e,5.76,215e,5.76,230e,5.76
5/19/2021 8:00,1547.5,5,11.54,10,10.67,20,10.64,30,10.26,40,10.21,60,9.74,80,8.28,100,7.26,120,6.42,140,5.97,160,5.86,180,5.78,200e,5.76,215e,5.76,230e,5.76
5/19/2021 9:00,1547.49,5,11.72,10,11.63,20,11.32,30,11.02,40,9.74,60,8.54,80,7.73,100,7.13,120,6.55,140,6.08,160,5.84,180,5.73,200e,5.7,215e,5.7,230e,5.7
5/19/2021 10:00,1547.46,5,11.88,10,11.71,20,11.29,30,11.07,40,10.65,60,8.72,80,7.82,100,7.46,120,6.66,140,6.11,160,5.83,180,5.76,200e,5.74,215e,5.74,230e,5.74
5/19/2021 11:00,1547.44,5,11.86,10,11.42,20,11.3,30,11.05,40,10.83,60,9.12,80,8.34,100,7.52,120,6.67,140,6.26,160,5.97,180,5.85,200e,5.82,215e,5.82,230e,5.82
5/19/2021 12:00,1547.48,5,11.96,10,11.62,20,11.33,30,11.03,40,10.9,60,9.15,80,8.52,100,7.89,120,6.89,140,6.67,160,6.09,180,5.83,200e,5.77,215e,5.77,230e,5.77
5/19/2021 13:00,1547.52,5,12.05,10,11.53,20,11.27,30,11.01,40,10.88,60,9.49,80,8.51,100,7.69,120,6.97,140,6.77,160,6.08,180,5.87,200e,5.82,215e,5.82,230e,5.82
5/19/2021 14:00,1547.55,5,12.06,10,11.64,20,11.22,30,11.04,40,10.8,60,9.58,80,8.69,100,8.05,120,7.23,140,6.82,160,6.08,180,5.85,200e,5.79,215e,5.79,230e,5.79
5/19/2021 15:00,1547.55,5,11.95,10,11.2,20,11.13,30,10.91,40,10.77,60,9.8,80,8.41,100,7.81,120,7.36,140,6.9,160,6.03,180,5.82,200e,5.77,215e,5.77,230e,5.77
5/19/2021 16:00,1547.51,5,12.1,10,11.32,20,11.12,30,11,40,10.59,60,9.18,80,8.48,100,8.1,120,7.26,140,6.72,160,6.06,180,5.83,200e,5.77,215e,5.77,230e,5.77
5/19/2021 17:00,1547.51,5,12.06,10,11.28,20,11.15,30,10.98,40,10.67,60,9.33,80,8.5,100,7.73,120,7.15,140,6.9,160,6.22,180,5.9,200e,5.82,215e,5.82,230e,5.82
5/19/2021 18:00,1547.5,5,11.98,10,11.29,20,11.13,30,11.04,40,10.76,60,9.37,80,8.5,100,7.62,120,6.96,140,6.46,160,6.16,180,5.94,200e,5.89,215e,5.89,230e,5.89
5/19/2021 19:00,1547.48,5,11.92,10,11.41,20,11.15,30,11.01,40,10.74,60,9.3,80,8.51,100,7.56,120,6.87,140,6.45,160,6.27,180,5.94,200e,5.86,215e,5.86,230e,5.86
5/19/2021 20:00,1547.48,5,11.79,10,11.45,20,11.23,30,11.02,40,10.65,60,9.68,80,8.24,100,7.16,120,6.84,140,6.58,160,6.26,180,6.2,200e,6.19,215e,6.19,230e,6.19
5/19/2021 21:00,1547.5,5,11.45,10,11.39,20,11.28,30,11.08,40,10.78,60,9.93,80,8.54,100,7.66,120,6.93,140,6.64,160,6.33,180,6.17,200e,6.13,215e,6.13,230e,6.13
5/19/2021 22:00,1547.51,5,11.43,10,11.41,20,11.45,30,11.19,40,10.69,60,9.73,80,8.56,100,7.55,120,7.02,140,6.6,160,6.38,180,6.23,200e,6.19,215e,6.19,230e,6.19
5/19/2021 23:00,1547.52,5,11.54,10,11.47,20,11.52,30,10.86,40,10.5,60,9.13,80,8.03,100,7.41,120,6.86,140,6.52,160,6.37,180,6.18,200e,6.13,215e,6.13,230e,6.13
5/20/2021 0:00,1547.57,5,11.56,10,11.52,20,11.53,30,11.19,40,10.53,60,9.04,80,7.98,100,7.42,120,6.89,140,6.52,160,6.39,180,6.17,200e,6.12,215e,6.12,230e,6.12
5/20/2021 1:00,1547.61,5,11.52,10,11.48,20,11.5,30,11.25,40,10.61,60,8.86,80,8.06,100,7.28,120,6.88,140,6.5,160,6.31,180,6.15,200e,6.11,215e,6.11,230e,6.11
5/20/2021 2:00,1547.64,5,11.52,10,11.47,20,11.5,30,11.22,40,10.38,60,8.76,80,7.95,100,7.23,120,6.74,140,6.48,160,6.18,180,6.04,200e,6.01,215e,6.01,230e,6.01
5/20/2021 3:00,1547.66,5,11.47,10,11.46,20,11.49,30,11.13,40,10.47,60,8.77,80,7.76,100,7.12,120,6.57,140,6.38,160,6.11,180,5.9,200e,5.85,215e,5.85,230e,5.85
5/20/2021 4:00,1547.68,5,11.44,10,11.44,20,11.49,30,11.12,40,10.17,60,8.41,80,7.5,100,7.01,120,6.55,140,6.29,160,6.01,180,5.85,200e,5.81,215e,5.81,230e,5.81
5/20/2021 5:00,1547.69,5,11.52,10,11.48,20,11.52,30,11.47,40,10.18,60,8.38,80,7.48,100,6.88,120,6.4,140,6.22,160,5.92,180,5.86,200e,5.85,215e,5.85,230e,5.85
5/20/2021 6:00,1547.69,5,11.48,10,11.46,20,11.51,30,11.32,40,10.54,60,8.5,80,7.7,100,7.14,120,6.46,140,6.13,160,5.9,180,5.84,200e,5.83,215e,5.83,230e,5.83
5/20/2021 7:00,1547.66,5,11.5,10,11.45,20,11.48,30,11.43,40,10.73,60,8.86,80,7.79,100,7.26,120,6.51,140,6.25,160,5.95,180,5.87,200e,5.85,215e,5.85,230e,5.85
5/20/2021 8:00,1547.65,5,11.52,10,11.48,20,11.51,30,11.47,40,10.81,60,8.81,80,7.8,100,7.17,120,6.52,140,6.24,160,5.98,180,5.82,200e,5.78,215e,5.78,230e,5.78
5/20/2021 9:00,1547.63,5,11.535,10,11.485,20,11.51,30,11.475,40,11.14,60,8.725,80,7.83,100,7.22,120,6.73,140,6.235,160,5.995,180,5.81,200e,5.78,215e,5.78,230e,5.78
5/20/2021 10:00,1547.61,5,11.55,10,11.49,20,11.51,30,11.48,40,11.47,60,8.64,80,7.86,100,7.27,120,6.9,140,6.23,160,6.01,180,5.81,200e,5.76,215e,5.76,230e,5.76
5/20/2021 11:00,1547.59,5,11.55,10,11.51,20,11.53,30,11.49,40,11.47,60,9.38,80,8.2,100,7.31,120,6.92,140,6.15,160,5.94,180,5.84,200e,5.82,215e,5.82,230e,5.82
5/20/2021 12:00,1547.61,5,11.61,10,11.57,20,11.61,30,11.58,40,11.48,60,9.76,80,8,100,7.36,120,7.03,140,6.72,160,6.22,180,5.99,200e,5.93,215e,5.93,230e,5.93
5/20/2021 13:00,1547.64,5,11.72,10,11.64,20,11.67,30,11.56,40,11.53,60,8.88,80,8.07,100,7.68,120,7.31,140,6.69,160,6.29,180,6.05,200e,5.99,215e,5.99,230e,5.99
5/20/2021 14:00,1547.68,5,11.9,10,11.84,20,11.62,30,11.58,40,11.55,60,8.93,80,8.18,100,7.73,120,7.48,140,6.73,160,6.35,180,6.05,200e,5.98,215e,5.98,230e,5.98
5/20/2021 15:00,1547.66,5,11.92,10,11.68,20,11.64,30,11.6,40,11.51,60,8.7,80,8.18,100,7.84,120,7.47,140,6.89,160,6.39,180,5.88,200e,5.75,215e,5.75,230e,5.75
5/20/2021 16:00,1547.65,5,11.81,10,11.63,20,11.63,30,11.58,40,11.51,60,8.67,80,8.17,100,7.62,120,7.32,140,6.68,160,6.17,180,6,200e,5.96,215e,5.96,230e,5.96
5/20/2021 17:00,1547.64,5,11.79,10,11.68,20,11.61,30,11.57,40,11.51,60,8.75,80,8.28,100,7.76,120,7.2,140,6.72,160,6.03,180,5.94,200e,5.92,215e,5.92,230e,5.92
5/20/2021 18:00,1547.61,5,11.74,10,11.7,20,11.65,30,11.58,40,11.27,60,8.97,80,8.12,100,7.68,120,7.13,140,6.81,160,6.38,180,5.95,200e,5.84,215e,5.84,230e,5.84
5/20/2021 19:00,1547.6,5,11.73,10,11.68,20,11.65,30,11.58,40,10.38,60,8.95,80,8.27,100,7.77,120,6.94,140,6.67,160,6.07,180,6.03,200e,6.02,215e,6.02,230e,6.02
5/20/2021 20:00,1547.6,5,11.69,10,11.65,20,11.61,30,11.34,40,10.36,60,8.62,80,8.25,100,7.26,120,6.96,140,6.48,160,6.09,180,5.98,200e,5.95,215e,5.95,230e,5.95
5/20/2021 21:00,1547.62,5,11.67,10,11.64,20,11.61,30,11.22,40,10.54,60,8.99,80,8.11,100,7.23,120,6.91,140,6.48,160,6.19,180,5.87,200e,5.79,215e,5.79,230e,5.79
5/20/2021 22:00,1547.63,5,11.66,10,11.61,20,11.61,30,10.94,40,10.64,60,8.95,80,7.86,100,7.2,120,6.84,140,6.39,160,5.98,180,5.92,200e,5.91,215e,5.91,230e,5.91
5/20/2021 23:00,1547.65,5,11.64,10,11.6,20,11.52,30,10.97,40,10.85,60,8.89,80,7.98,100,7.25,120,6.89,140,6.24,160,5.99,180,5.87,200e,5.84,215e,5.84,230e,5.84
5/21/2021 0:00,1547.67,5,11.63,10,11.59,20,11.6,30,11.5,40,10.65,60,8.99,80,8.14,100,7.32,120,6.76,140,6.35,160,6.04,180,5.93,200e,5.9,215e,5.9,230e,5.9
5/21/2021 1:00,1547.71,5,11.61,10,11.57,20,11.62,30,11.55,40,10.97,60,9.63,80,8.25,100,7.42,120,6.82,140,6.5,160,6.07,180,5.92,200e,5.88,215e,5.88,230e,5.88
5/21/2021 2:00,1547.74,5,11.59,10,11.56,20,11.59,30,11.56,40,11.09,60,9.3,80,8.23,100,7.47,120,6.82,140,6.47,160,5.98,180,5.9,200e,5.88,215e,5.88,230e,5.88
5/21/2021 3:00,1547.77,5,11.59,10,11.55,20,11.59,30,11.58,40,11.01,60,9.7,80,8.3,100,7.16,120,6.79,140,6.21,160,5.98,180,5.92,200e,5.91,215e,5.91,230e,5.91
5/21/2021 4:00,1547.78,5,11.58,10,11.54,20,11.58,30,11.58,40,11.1,60,9.52,80,8.21,100,7.04,120,6.72,140,6.15,160,5.98,180,5.92,200e,5.91,215e,5.91,230e,5.91
5/21/2021 5:00,1547.79,5,11.55,10,11.54,20,11.58,30,11.57,40,11.25,60,9.44,80,8.23,100,6.96,120,6.61,140,6.2,160,6,180,5.91,200e,5.89,215e,5.89,230e,5.89
5/21/2021 6:00,1547.77,5,11.57,10,11.54,20,11.58,30,11.57,40,11.56,60,9.4,80,8.15,100,7.07,120,6.45,140,6.1,160,5.96,180,5.88,200e,5.86,215e,5.86,230e,5.86
5/21/2021 7:00,1547.76,5,11.57,10,11.53,20,11.57,30,11.57,40,11.56,60,9.12,80,8.33,100,7.1,120,6.6,140,6.18,160,5.94,180,5.83,200e,5.8,215e,5.8,230e,5.8
5/21/2021 8:00,1547.73,5,11.58,10,11.55,20,11.59,30,11.57,40,11.56,60,9.2,80,8.1,100,7.07,120,6.44,140,6.18,160,5.96,180,5.82,200e,5.79,215e,5.79,230e,5.79
5/21/2021 9:00,1547.71,5,11.64,10,11.6,20,11.62,30,11.62,40,11.6,60,9.17,80,7.93,100,7,120,6.44,140,6.01,160,5.85,180,5.84,200e,5.84,215e,5.84,230e,5.84
5/21/2021 10:00,1547.68,5,11.68,10,11.65,20,11.67,30,11.6,40,11.48,60,8.89,80,7.87,100,6.88,120,6.48,140,6.01,160,5.91,180,5.85,200e,5.84,215e,5.84,230e,5.84
5/21/2021 11:00,1547.67,5,11.69,10,11.65,20,11.69,30,11.59,40,11.54,60,8.97,80,7.79,100,6.81,120,6.44,140,6.03,160,5.92,180,5.82,200e,5.8,215e,5.8,230e,5.8
5/21/2021 12:00,1547.69,5,11.71,10,11.67,20,11.68,30,11.59,40,10.98,60,8.9,80,7.66,100,6.82,120,6.44,140,6.13,160,5.94,180,5.9,200e,5.89,215e,5.89,230e,5.89
5/21/2021 13:00,1547.72,5,11.8,10,11.71,20,11.67,30,11.31,40,10.15,60,8.54,80,7.79,100,6.91,120,6.51,140,6.24,160,5.95,180,5.86,200e,5.84,215e,5.84,230e,5.84
5/21/2021 14:00,1547.75,5,12.19,10,11.75,20,11.67,30,11.37,40,10.01,60,8.45,80,7.86,100,7.05,120,6.55,140,6.25,160,6.02,180,5.86,200e,5.82,215e,5.82,230e,5.82
5/21/2021 15:00,1547.74,5,12.24,10,11.79,20,11.71,30,11.11,40,9.79,60,8.61,80,8.07,100,7.15,120,6.56,140,6.28,160,5.96,180,5.83,200e,5.8,215e,5.8,230e,5.8
5/21/2021 16:00,1547.72,5,12.2,10,11.77,20,11.7,30,11.28,40,10.05,60,8.69,80,8.08,100,7.29,120,6.82,140,6.41,160,6.26,180,5.93,200e,5.85,215e,5.85,230e,5.85
5/21/2021 17:00,1547.71,5,12.1,10,11.78,20,11.64,30,11.12,40,10.06,60,8.71,80,7.94,100,7.35,120,6.78,140,6.47,160,6.25,180,5.95,200e,5.88,215e,5.88,230e,5.88
5/21/2021 18:00,1547.68,5,12.02,10,11.72,20,11.64,30,11.21,40,9.9,60,8.72,80,7.93,100,7.4,120,6.8,140,6.52,160,6.22,180,5.97,200e,5.91,215e,5.91,230e,5.91
5/21/2021 19:00,1547.65,5,11.9,10,11.73,20,11.65,30,11.28,40,9.88,60,8.78,80,7.95,100,7.4,120,6.88,140,6.63,160,6.2,180,5.99,200e,5.94,215e,5.94,230e,5.94
5/21/2021 20:00,1547.32,5,11.83,10,11.73,20,11.66,30,11.43,40,10.34,60,8.91,80,7.9,100,7.35,120,6.99,140,6.61,160,6.24,180,6.06,200e,6.02,215e,6.02,230e,6.02
5/21/2021 21:00,1547.66,5,11.82,10,11.72,20,11.65,30,11.45,40,10.83,60,8.96,80,8.16,100,7.53,120,7.18,140,6.61,160,6.31,180,6.06,200e,6,215e,6,230e,6
5/21/2021 22:00,1547.67,5,11.81,10,11.72,20,11.66,30,11.57,40,10.79,60,9.1,80,8.17,100,7.6,120,7.17,140,6.63,160,6.34,180,6,200e,5.92,215e,5.92,230e,5.92
5/21/2021 23:00,1547.68,5,11.8,10,11.75,20,11.65,30,11.51,40,10.58,60,9.17,80,8.13,100,7.6,120,7.06,140,6.58,160,6.29,180,6.15,200e,6.12,215e,6.12,230e,6.12
5/22/2021 0:00,1547.7,5,11.78,10,11.74,20,11.67,30,11.62,40,11.06,60,9.13,80,8.13,100,7.5,120,7.11,140,6.66,160,6.39,180,6.21,200e,6.17,215e,6.17,230e,6.17
5/22/2021 1:00,1547.74,5,11.76,10,11.72,20,11.72,30,11.61,40,10.84,60,8.98,80,7.94,100,7.44,120,7.15,140,6.72,160,6.37,180,6.08,200e,6.01,215e,6.01,230e,6.01
5/22/2021 2:00,1547.43,5,11.75,10,11.71,20,11.75,30,11.64,40,10.81,60,8.61,80,7.82,100,7.32,120,7.11,140,6.68,160,6.41,180,6.1,200e,6.02,215e,6.02,230e,6.02
5/22/2021 3:00,1547.8,5,11.74,10,11.71,20,11.75,30,11.41,40,10.6,60,8.82,80,7.79,100,7.34,120,7.08,140,6.59,160,6.28,180,6.02,200e,5.96,215e,5.96,230e,5.96
5/22/2021 4:00,1547.81,5,11.73,10,11.72,20,11.75,30,11.48,40,10.48,60,9.33,80,7.82,100,7.36,120,6.96,140,6.51,160,6.25,180,5.94,200e,5.86,215e,5.86,230e,5.86
5/22/2021 5:00,1547.83,5,11.74,10,11.71,20,11.74,30,11.21,40,10.56,60,8.85,80,8.05,100,7.4,120,6.94,140,6.5,160,6.16,180,5.96,200e,5.91,215e,5.91,230e,5.91
5/22/2021 6:00,1547.8,5,11.74,10,11.7,20,11.74,30,11.72,40,10.85,60,9.27,80,8.14,100,7.59,120,7.02,140,6.44,160,6.15,180,5.9,200e,5.84,215e,5.84,230e,5.84
5/22/2021 7:00,1547.77,5,11.74,10,11.7,20,11.73,30,11.71,40,10.88,60,9.74,80,8.41,100,7.68,120,7.18,140,6.64,160,6.27,180,5.93,200e,5.85,215e,5.85,230e,5.85
5/22/2021 8:00,1547.76,5,11.73,10,11.69,20,11.73,30,11.71,40,11.01,60,9.82,80,8.52,100,7.76,120,7.26,140,6.81,160,6.41,180,5.94,200e,5.82,215e,5.82,230e,5.82
5/22/2021 9:00,1547.71,5,11.77,10,11.72,20,11.75,30,11.74,40,11.04,60,10.03,80,8.69,100,7.89,120,7.31,140,6.9,160,6.41,180,6,200e,5.9,215e,5.9,230e,5.9
5/22/2021 10:00,1547.69,5,11.85,10,11.79,20,11.77,30,11.47,40,10.81,60,9.62,80,8.45,100,8.03,120,7.4,140,6.92,160,6.49,180,6.11,200e,6.02,215e,6.02,230e,6.02
5/22/2021 11:00,1547.66,5,12.09,10,11.98,20,11.63,30,11.1,40,10.34,60,9.29,80,8.46,100,7.84,120,7.38,140,6.89,160,6.46,180,6.12,200e,6.04,215e,6.04,230e,6.04
5/22/2021 12:00,1547.69,5,12.12,10,11.69,20,11.51,30,10.73,40,10.23,60,9,80,8.21,100,7.74,120,7.19,140,6.58,160,6.36,180,6.13,200e,6.07,215e,6.07,230e,6.07
5/22/2021 13:00,1547.73,5,12.5,10,11.72,20,11.41,30,10.46,40,9.74,60,8.67,80,7.91,100,7.54,120,7.13,140,6.6,160,6.24,180,6.02,200e,5.97,215e,5.97,230e,5.97
5/22/2021 14:00,1547.76,5,12.64,10,11.81,20,11.2,30,10.24,40,9.41,60,8.49,80,7.89,100,7.51,120,7.07,140,6.55,160,6.23,180,6.03,200e,5.98,215e,5.98,230e,5.98
5/22/2021 15:00,1547.75,5,12.63,10,11.71,20,10.95,30,10.12,40,9.2,60,8.38,80,7.87,100,7.43,120,6.73,140,6.37,160,6.07,180,5.87,200e,5.82,215e,5.82,230e,5.82
5/22/2021 16:00,1547.73,5,12.58,10,11.69,20,10.79,30,9.82,40,9.09,60,8.23,80,7.97,100,7.34,120,6.7,140,6.27,160,5.94,180,5.82,200e,5.79,215e,5.79,230e,5.79
5/22/2021 17:00,1547.7,5,12.68,10,11.52,20,10.47,30,9.64,40,9.14,60,8.16,80,7.89,100,7.35,120,6.71,140,6.22,160,5.95,180,5.84,200e,5.81,215e,5.81,230e,5.81
5/22/2021 18:00,1547.68,5,12.75,10,11.34,20,10.42,30,9.7,40,9.08,60,8.28,80,7.78,100,7.24,120,6.72,140,6.26,160,6,180,5.87,200e,5.84,215e,5.84,230e,5.84
5/22/2021 19:00,1547.66,5,12.58,10,11.27,20,10.23,30,9.82,40,9.21,60,8.33,80,7.81,100,7.26,120,6.6,140,6.26,160,5.95,180,5.84,200e,5.81,215e,5.81,230e,5.81
5/22/2021 20:00,1547.67,5,11.7,10,11.06,20,10.41,30,9.9,40,9.16,60,8.4,80,7.77,100,7.22,120,6.67,140,6.31,160,5.92,180,5.82,200e,5.8,215e,5.8,230e,5.8
5/22/2021 21:00,1547.66,5,11.76,10,11.67,20,10.61,30,10.16,40,9.46,60,8.52,80,7.85,100,7.32,120,6.82,140,6.31,160,5.96,180,5.87,200e,5.85,215e,5.85,230e,5.85
5/22/2021 22:00,1547.67,5,11.75,10,11.11,20,10.79,30,10.41,40,9.63,60,8.55,80,7.82,100,7.11,120,6.63,140,6.21,160,5.98,180,5.84,200e,5.81,215e,5.81,230e,5.81
5/22/2021 23:00,1547.68,5,11.63,10,10.98,20,10.84,30,10.53,40,9.56,60,8.27,80,7.64,100,6.99,120,6.7,140,6.17,160,5.91,180,5.79,200e,5.76,215e,5.76,230e,5.76
5/23/2021 0:00,1547.7,5,11.56,10,11.07,20,11,30,10.84,40,10.52,60,8.5,80,7.87,100,7.27,120,6.66,140,6.08,160,5.87,180,5.77,200e,5.75,215e,5.75,230e,5.75
5/23/2021 1:00,1547.73,5,11.35,10,11.33,20,11.32,30,10.94,40,10.68,60,9.14,80,8.09,100,7.48,120,6.82,140,6.41,160,6,180,5.89,200e,5.86,215e,5.86,230e,5.86
5/23/2021 2:00,1547.76,5,11.44,10,11.41,20,11.45,30,11.05,40,10.91,60,9.64,80,8.49,100,7.69,120,7,140,6.64,160,6.12,180,5.92,200e,5.87,215e,5.87,230e,5.87
5/23/2021 3:00,1547.78,5,11.53,10,11.51,20,11.48,30,11.21,40,11.02,60,10.01,80,8.6,100,8,120,7.38,140,6.87,160,6.34,180,5.99,200e,5.9,215e,5.9,230e,5.9
5/23/2021 4:00,1547.79,5,11.58,10,11.55,20,11.28,30,11.07,40,10.97,60,10.3,80,9.18,100,8.4,120,7.93,140,7.32,160,6.82,180,6.19,200e,6.03,215e,6.03,230e,6.03
5/23/2021 5:00,1547.79,5,11.76,10,11.67,20,11.73,30,11.22,40,10.99,60,10.41,80,9.47,100,8.55,120,7.74,140,7.38,160,6.72,180,6.3,200e,6.2,215e,6.2,230e,6.2
5/23/2021 6:00,1547.78,5,11.76,10,11.73,20,11.77,30,11.57,40,11.19,60,10.77,80,9.55,100,8.45,120,7.62,140,7.21,160,6.42,180,6.02,200e,5.92,215e,5.92,230e,5.92
5/23/2021 7:00,1547.76,5,11.83,10,11.79,20,11.79,30,11.71,40,11.24,60,10.6,80,9.5,100,8.28,120,7.56,140,6.85,160,6.27,180,5.91,200e,5.82,215e,5.82,230e,5.82
5/23/2021 8:00,1547.74,5,11.84,10,11.8,20,11.78,30,11.75,40,11.12,60,10.23,80,9.43,100,8.25,120,7.47,140,6.92,160,6.09,180,5.91,200e,5.87,215e,5.87,230e,5.87
5/23/2021 9:00,1547.72,5,11.92,10,11.87,20,11.81,30,11.43,40,11.03,60,10.22,80,9.01,100,8.26,120,7.22,140,6.57,160,6.28,180,5.93,200e,5.84,215e,5.84,230e,5.84
5/23/2021 10:00,1547.69,5,11.97,10,11.9,20,11.81,30,11.4,40,10.82,60,9.73,80,8.91,100,8.07,120,7.38,140,6.83,160,6.24,180,5.91,200e,5.83,215e,5.83,230e,5.83
5/23/2021 11:00,1547.67,5,12.1,10,11.84,20,11.82,30,11.71,40,10.84,60,9.33,80,8.65,100,8.07,120,7.35,140,6.99,160,6.34,180,5.94,200e,5.84,215e,5.84,230e,5.84
5/23/2021 12:00,1547.68,5,12.3,10,11.84,20,11.85,30,11.67,40,10.7,60,9.18,80,8.35,100,7.77,120,7.44,140,6.92,160,6.34,180,6.06,200e,5.99,215e,5.99,230e,5.99
5/23/2021 13:00,1547.72,5,12.25,10,11.91,20,11.85,30,11.46,40,10.42,60,9.08,80,8.17,100,7.74,120,7.27,140,6.94,160,6.35,180,5.93,200e,5.83,215e,5.83,230e,5.83
5/23/2021 14:00,1547.74,5,12.29,10,11.87,20,11.88,30,11.18,40,10.38,60,9.02,80,7.98,100,7.63,120,7.24,140,6.75,160,6.28,180,6.06,200e,6.01,215e,6.01,230e,6.01
5/23/2021 15:00,1547.73,5,12.18,10,11.97,20,11.69,30,11.05,40,10.1,60,8.62,80,8.21,100,7.61,120,7.08,140,6.46,160,6.13,180,5.96,200e,5.92,215e,5.92,230e,5.92
5/23/2021 16:00,1547.7,5,12.16,10,12.03,20,11.36,30,10.54,40,9.79,60,8.88,80,8.08,100,7.5,120,6.95,140,6.55,160,6.05,180,5.88,200e,5.84,215e,5.84,230e,5.84
5/23/2021 17:00,1547.68,5,12.15,10,11.91,20,11.54,30,10.77,40,9.6,60,8.88,80,8.03,100,7.37,120,6.89,140,6.47,160,5.95,180,5.83,200e,5.8,215e,5.8,230e,5.8
5/23/2021 18:00,1547.66,5,12.12,10,11.85,20,11.57,30,10.65,40,9.6,60,8.77,80,7.99,100,7.3,120,6.77,140,6.34,160,6.05,180,5.79,200e,5.73,215e,5.73,230e,5.73
5/23/2021 19:00,1547.64,5,12.18,10,11.83,20,11.6,30,10.63,40,9.68,60,8.62,80,7.95,100,7.13,120,6.63,140,6.17,160,5.89,180,5.79,200e,5.77,215e,5.77,230e,5.77
5/23/2021 20:00,1547.64,5,12.1,10,11.85,20,11.63,30,10.82,40,9.78,60,8.7,80,7.8,100,7.06,120,6.42,140,6.16,160,5.95,180,5.84,200e,5.81,215e,5.81,230e,5.81
5/23/2021 21:00,1547.64,5,12.07,10,11.88,20,11.6,30,11,40,9.81,60,8.62,80,7.84,100,7.03,120,6.46,140,6.07,160,5.94,180,5.81,200e,5.78,215e,5.78,230e,5.78
5/23/2021 22:00,1547.65,5,11.98,10,11.86,20,11.61,30,11.02,40,9.81,60,8.71,80,7.9,100,7.08,120,6.45,140,6.05,160,5.87,180,5.8,200e,5.78,215e,5.78,230e,5.78
5/23/2021 23:00,1547.66,5,11.93,10,11.87,20,11.7,30,10.99,40,9.84,60,8.63,80,7.76,100,7.1,120,6.44,140,6.07,160,5.9,180,5.82,200e,5.8,215e,5.8,230e,5.8
5/24/2021 0:00,1547.69,5,11.87,10,11.82,20,11.84,30,11.24,40,10.13,60,8.93,80,7.78,100,7.28,120,6.35,140,6.04,160,5.89,180,5.81,200e,5.79,215e,5.79,230e,5.79
5/24/2021 1:00,1547.71,5,11.86,10,11.83,20,11.68,30,11.3,40,10.41,60,8.86,80,7.72,100,6.75,120,6.27,140,5.98,160,5.87,180,5.81,200e,5.8,215e,5.8,230e,5.8
5/24/2021 2:00,1547.75,5,11.83,10,11.74,20,11.66,30,11.32,40,10.37,60,8.9,80,7.73,100,6.77,120,6.13,140,5.93,160,5.85,180,5.77,200e,5.75,215e,5.75,230e,5.75
5/24/2021 3:00,1547.77,5,11.8,10,11.72,20,11.63,30,10.93,40,10.38,60,8.96,80,7.83,100,6.77,120,6.13,140,5.93,160,5.82,180,5.76,200e,5.75,215e,5.75,230e,5.75
5/24/2021 4:00,1547.78,5,11.75,10,11.67,20,11.43,30,11.04,40,10.37,60,9.12,80,8.02,100,6.71,120,6.17,140,5.94,160,5.85,180,5.81,200e,5.8,215e,5.8,230e,5.8
5/24/2021 5:00,1547.78,5,11.7,10,11.59,20,11.49,30,10.89,40,10.42,60,9.22,80,8.15,100,7.2,120,6.21,140,5.93,160,5.82,180,5.77,200e,5.76,215e,5.76,230e,5.76
5/24/2021 6:00,1547.77,5,11.7,10,11.62,20,11.59,30,11.19,40,10.49,60,9.38,80,8.53,100,7.4,120,6.33,140,6.02,160,5.87,180,5.8,200e,5.78,215e,5.78,230e,5.78
5/24/2021 7:00,1547.75,5,11.69,10,11.66,20,11.63,30,11.16,40,10.66,60,9.76,80,8.79,100,7.63,120,6.8,140,6.23,160,5.89,180,5.78,200e,5.75,215e,5.75,230e,5.75
5/24/2021 8:00,1547.73,5,11.74,10,11.68,20,11.7,30,11.5,40,10.96,60,9.94,80,8.95,100,8.19,120,7.31,140,6.22,160,5.94,180,5.81,200e,5.78,215e,5.78,230e,5.78
5/24/2021 9:00,1547.7,5,11.81,10,11.7,20,11.66,30,11.47,40,11.07,60,9.93,80,9.01,100,8.19,120,7.23,140,6.41,160,6.2,180,5.99,200e,5.94,215e,5.94,230e,5.94
5/24/2021 10:00,1547.69,5,11.83,10,11.74,20,11.68,30,11.4,40,11.18,60,9.79,80,9.14,100,8.44,120,7.44,140,6.55,160,6.15,180,5.83,200e,5.75,215e,5.75,230e,5.75
5/24/2021 11:00,1547.66,5,11.89,10,11.85,20,11.87,30,11.55,40,11.31,60,10.01,80,9.22,100,8.2,120,7.52,140,6.81,160,6.34,180,5.93,200e,5.83,215e,5.83,230e,5.83
5/24/2021 12:00,1547.68,5,12.01,10,11.95,20,11.99,30,11.53,40,11.28,60,9.97,80,9.19,100,8.13,120,7.54,140,6.72,160,6.45,180,5.93,200e,5.8,215e,5.8,230e,5.8
5/24/2021 13:00,1547.71,5,na,10,na,20,na,30,na,40,na,60,na,80,na,100,na,120,na,140,na,160,na,180,na,200e,na,215e,na,230e,na
5/24/2021 14:00,1547.73,5,na,10,na,20,na,30,na,40,na,60,na,80,na,100,na,120,na,140,na,160,na,180,na,200e,na,215e,na,230e,na
5/24/2021 15:00,1547.71,5,na,10,na,20,na,30,na,40,na,60,na,80,na,100,na,120,na,140,na,160,na,180,na,200e,na,215e,na,230e,na
5/24/2021 16:00,1547.69,5,na,10,na,20,na,30,na,40,na,60,na,80,na,100,na,120,na,140,na,160,na,180,na,200e,na,215e,na,230e,na
5/24/2021 17:00,1547.67,5,na,10,na,20,na,30,na,40,na,60,na,80,na,100,na,120,na,140,na,160,na,180,na,200e,na,215e,na,230e,na
5/24/2021 18:00,1547.66,5,na,10,na,20,na,30,na,40,na,60,na,80,na,100,na,120,na,140,na,160,na,180,na,200e,na,215e,na,230e,na
5/24/2021 19:00,1547.64,5,na,10,na,20,na,30,na,40,na,60,na,80,na,100,na,120,na,140,na,160,na,180,na,200e,na,215e,na,230e,na
5/24/2021 20:00,1547.65,5,na,10,na,20,na,30,na,40,na,60,na,80,na,100,na,120,na,140,na,160,na,180,na,200e,na,215e,na,230e,na
5/24/2021 21:00,1547.66,5,na,10,na,20,na,30,na,40,na,60,na,80,na,100,na,120,na,140,na,160,na,180,na,200e,na,215e,na,230e,na
5/24/2021 22:00,1547.68,5,na,10,na,20,na,30,na,40,na,60,na,80,na,100,na,120,na,140,na,160,na,180,na,200e,na,215e,na,230e,na
5/24/2021 23:00,1547.69,5,na,10,na,20,na,30,na,40,na,60,na,80,na,100,na,120,na,140,na,160,na,180,na,200e,na,215e,na,230e,na
5/25/2021 0:00,1547.7,5,na,10,na,20,na,30,na,40,na,60,na,80,na,100,na,120,na,140,na,160,na,180,na,200e,na,215e,na,230e,na
5/25/2021 1:00,1547.72,5,na,10,na,20,na,30,na,40,na,60,na,80,na,100,na,120,na,140,na,160,na,180,na,200e,na,215e,na,230e,na
5/25/2021 2:00,1547.73,5,na,10,na,20,na,30,na,40,na,60,na,80,na,100,na,120,na,140,na,160,na,180,na,200e,na,215e,na,230e,na
5/25/2021 3:00,1547.74,5,na,10,na,20,na,30,na,40,na,60,na,80,na,100,na,120,na,140,na,160,na,180,na,200e,na,215e,na,230e,na
5/25/2021 4:00,1547.41,5,na,10,na,20,na,30,na,40,na,60,na,80,na,100,na,120,na,140,na,160,na,180,na,200e,na,215e,na,230e,na
5/25/2021 5:00,1547.78,5,na,10,na,20,na,30,na,40,na,60,na,80,na,100,na,120,na,140,na,160,na,180,na,200e,na,215e,na,230e,na
5/25/2021 6:00,1547.81,5,na,10,na,20,na,30,na,40,na,60,na,80,na,100,na,120,na,140,na,160,na,180,na,200e,na,215e,na,230e,na
5/25/2021 7:00,1547.85,5,na,10,na,20,na,30,na,40,na,60,na,80,na,100,na,120,na,140,na,160,na,180,na,200e,na,215e,na,230e,na
5/25/2021 8:00,1547.89,5,na,10,na,20,na,30,na,40,na,60,na,80,na,100,na,120,na,140,na,160,na,180,na,200e,na,215e,na,230e,na
5/25/2021 9:00,1547.88,5,na,10,na,20,na,30,na,40,na,60,na,80,na,100,na,120,na,140,na,160,na,180,na,200e,na,215e,na,230e,na
5/25/2021 10:00,1547.86,5,na,10,na,20,na,30,na,40,na,60,na,80,na,100,na,120,na,140,na,160,na,180,na,200e,na,215e,na,230e,na
5/25/2021 11:00,1547.84,5,na,10,na,20,na,30,na,40,na,60,na,80,na,100,na,120,na,140,na,160,na,180,na,200e,na,215e,na,230e,na
5/25/2021 12:00,1547.83,5,na,10,na,20,na,30,na,40,na,60,na,80,na,100,na,120,na,140,na,160,na,180,na,200e,na,215e,na,230e,na
5/25/2021 13:00,1547.81,5,na,10,na,20,na,30,na,40,na,60,na,80,na,100,na,120,na,140,na,160,na,180,na,200e,na,215e,na,230e,na
5/25/2021 14:00,1547.79,5,na,10,na,20,na,30,na,40,na,60,na,80,na,100,na,120,na,140,na,160,na,180,na,200e,na,215e,na,230e,na
5/25/2021 15:00,1547.77,5,na,10,na,20,na,30,na,40,na,60,na,80,na,100,na,120,na,140,na,160,na,180,na,200e,na,215e,na,230e,na
5/25/2021 16:00,1547.76,5,na,10,na,20,na,30,na,40,na,60,na,80,na,100,na,120,na,140,na,160,na,180,na,200e,na,215e,na,230e,na
5/25/2021 17:00,1547.78,5,na,10,na,20,na,30,na,40,na,60,na,80,na,100,na,120,na,140,na,160,na,180,na,200e,na,215e,na,230e,na
5/25/2021 18:00,1547.81,5,na,10,na,20,na,30,na,40,na,60,na,80,na,100,na,120,na,140,na,160,na,180,na,200e,na,215e,na,230e,na
5/25/2021 19:00,1547.82,5,na,10,na,20,na,30,na,40,na,60,na,80,na,100,na,120,na,140,na,160,na,180,na,200e,na,215e,na,230e,na
5/25/2021 20:00,1547.83,5,na,10,na,20,na,30,na,40,na,60,na,80,na,100,na,120,na,140,na,160,na,180,na,200e,na,215e,na,230e,na
5/25/2021 21:00,1547.84,5,na,10,na,20,na,30,na,40,na,60,na,80,na,100,na,120,na,140,na,160,na,180,na,200e,na,215e,na,230e,na
5/25/2021 22:00,1547.86,5,na,10,na,20,na,30,na,40,na,60,na,80,na,100,na,120,na,140,na,160,na,180,na,200e,na,215e,na,230e,na
5/25/2021 23:00,1547.87,5,na,10,na,20,na,30,na,40,na,60,na,80,na,100,na,120,na,140,na,160,na,180,na,200e,na,215e,na,230e,na
5/26/2021 0:00,1547.89,5,na,10,na,20,na,30,na,40,na,60,na,80,na,100,na,120,na,140,na,160,na,180,na,200e,na,215e,na,230e,na
5/26/2021 1:00,1547.9,5,na,10,na,20,na,30,na,40,na,60,na,80,na,100,na,120,na,140,na,160,na,180,na,200e,na,215e,na,230e,na
5/26/2021 2:00,1547.92,5,na,10,na,20,na,30,na,40,na,60,na,80,na,100,na,120,na,140,na,160,na,180,na,200e,na,215e,na,230e,na
5/26/2021 3:00,1547.93,5,na,10,na,20,na,30,na,40,na,60,na,80,na,100,na,120,na,140,na,160,na,180,na,200e,na,215e,na,230e,na
5/26/2021 4:00,1547.95,5,na,10,na,20,na,30,na,40,na,60,na,80,na,100,na,120,na,140,na,160,na,180,na,200e,na,215e,na,230e,na
5/26/2021 5:00,1547.95,5,na,10,na,20,na,30,na,40,na,60,na,80,na,100,na,120,na,140,na,160,na,180,na,200e,na,215e,na,230e,na
5/26/2021 6:00,1547.99,5,na,10,na,20,na,30,na,40,na,60,na,80,na,100,na,120,na,140,na,160,na,180,na,200e,na,215e,na,230e,na
5/26/2021 7:00,1548.03,5,12.48,10,12.42,20,12.33,30,12.04,40,11.49,60,9.46,80,8.26,100,7.47,120,7.08,140,6.47,160,6.02,180,5.91,200e,5.88,215e,5.88,230e,5.88
5/26/2021 8:00,1548.06,5,12.69,10,12.52,20,12.49,30,12.08,40,11.77,60,10.01,80,8.57,100,7.54,120,7.19,140,6.54,160,6.05,180,5.92,200e,5.89,215e,5.89,230e,5.89
5/26/2021 9:00,1548.06,5,13.02,10,12.71,20,12.48,30,12.12,40,11.92,60,10.52,80,8.69,100,7.85,120,7.26,140,6.54,160,6.14,180,5.94,200e,5.89,215e,5.89,230e,5.89
5/26/2021 10:00,1548.04,5,13.23,10,12.52,20,12.51,30,12.22,40,12.04,60,10.75,80,8.99,100,8.07,120,7.45,140,6.77,160,6.34,180,5.92,200e,5.82,215e,5.82,230e,5.82
5/26/2021 11:00,1548.02,5,13.59,10,12.52,20,12.5,30,12.27,40,12.13,60,11.15,80,8.97,100,7.93,120,7.52,140,7.02,160,6.42,180,6.01,200e,5.91,215e,5.91,230e,5.91
5/26/2021 12:00,1548,5,14.29,10,12.59,20,12.5,30,12.29,40,12.03,60,10.66,80,8.99,100,7.96,120,7.59,140,7.04,160,6.41,180,5.97,200e,5.86,215e,5.86,230e,5.86
5/26/2021 13:00,1547.97,5,14.72,10,12.93,20,12.49,30,12.25,40,11.92,60,10,80,8.94,100,7.95,120,7.46,140,6.88,160,6.31,180,5.97,200e,5.89,215e,5.89,230e,5.89
5/26/2021 14:00,1547.95,5,14.9,10,12.61,20,12.45,30,12.12,40,11.98,60,9.82,80,8.59,100,7.84,120,7.35,140,6.48,160,6.01,180,5.86,200e,5.82,215e,5.82,230e,5.82
5/26/2021 15:00,1547.93,5,14.71,10,12.63,20,12.46,30,12.17,40,11.93,60,9.47,80,8.4,100,7.9,120,7.39,140,6.78,160,6.1,180,5.97,200e,5.94,215e,5.94,230e,5.94
5/26/2021 16:00,1547.91,5,14.35,10,12.61,20,12.39,30,12.15,40,10.85,60,9.14,80,8.49,100,7.96,120,7.44,140,6.97,160,6.37,180,6.01,200e,5.92,215e,5.92,230e,5.92
5/26/2021 17:00,1547.93,5,13.91,10,12.59,20,12.37,30,12.18,40,10.35,60,8.94,80,8.32,100,7.75,120,7.38,140,6.86,160,6.61,180,6.44,200e,6.4,215e,6.4,230e,6.4
5/26/2021 18:00,1547.97,5,13.94,10,12.62,20,12.33,30,12.08,40,9.81,60,8.73,80,8.16,100,7.63,120,7.33,140,6.79,160,6.53,180,6.11,200e,6.01,215e,6.01,230e,6.01
5/26/2021 19:00,1547.98,5,13.29,10,12.51,20,12.32,30,11.37,40,9.81,60,8.65,80,7.97,100,7.6,120,7.22,140,6.84,160,6.35,180,6.06,200e,5.99,215e,5.99,230e,5.99
5/26/2021 20:00,1547.99,5,12.77,10,12.47,20,12.33,30,10.76,40,9.7,60,8.65,80,7.99,100,7.49,120,7.06,140,6.66,160,6.3,180,6.12,200e,6.08,215e,6.08,230e,6.08
5/26/2021 21:00,1548,5,13,10,12.59,20,12.28,30,11.39,40,9.53,60,8.8,80,7.98,100,7.48,120,6.92,140,6.5,160,6.24,180,6,200e,5.94,215e,5.94,230e,5.94
5/26/2021 22:00,1548.02,5,13.41,10,12.54,20,12.3,30,11.13,40,9.58,60,8.89,80,7.82,100,7.38,120,6.79,140,6.41,160,6.13,180,5.93,200e,5.88,215e,5.88,230e,5.88
5/26/2021 23:00,1548.02,5,12.96,10,12.55,20,12.31,30,11.36,40,9.71,60,8.89,80,7.92,100,7.33,120,6.81,140,6.38,160,6.02,180,5.91,200e,5.88,215e,5.88,230e,5.88
5/27/2021 0:00,1548.04,5,12.93,10,12.74,20,12.45,30,11.82,40,9.6,60,8.94,80,7.98,100,7.14,120,6.59,140,6.23,160,6.11,180,5.9,200e,5.85,215e,5.85,230e,5.85
5/27/2021 1:00,1548.05,5,13.19,10,13.12,20,12.45,30,11.95,40,9.74,60,8.92,80,7.99,100,7.04,120,6.52,140,6.15,160,6.03,180,5.96,200e,5.94,215e,5.94,230e,5.94
5/27/2021 2:00,1548.06,5,13.25,10,12.7,20,12.42,30,12.16,40,9.9,60,9,80,7.81,100,7.15,120,6.48,140,6.14,160,5.96,180,5.84,200e,5.81,215e,5.81,230e,5.81
5/27/2021 3:00,1548.08,5,13.2,10,12.64,20,12.52,30,12.26,40,9.84,60,9.07,80,7.98,100,7.09,120,6.31,140,6.1,160,5.92,180,5.8,200e,5.77,215e,5.77,230e,5.77
5/27/2021 4:00,1548.09,5,13.15,10,12.63,20,12.37,30,11.7,40,10.56,60,9.18,80,8.07,100,7.25,120,6.29,140,5.99,160,5.87,180,5.82,200e,5.81,215e,5.81,230e,5.81
5/27/2021 5:00,1548.11,5,13.02,10,12.94,20,12.63,30,11.71,40,10.73,60,9.28,80,8.16,100,7.27,120,6.48,140,6.09,160,5.91,180,5.82,200e,5.8,215e,5.8,230e,5.8
5/27/2021 6:00,1548.14,5,12.91,10,12.86,20,12.78,30,12.3,40,10.58,60,9.44,80,8.3,100,7.59,120,6.98,140,6.27,160,6.07,180,5.89,200e,5.85,215e,5.85,230e,5.85
5/27/2021 7:00,1548.18,5,12.99,10,12.91,20,12.9,30,12.67,40,10.65,60,9.49,80,8.49,100,7.62,120,6.96,140,6.53,160,6.17,180,5.9,200e,5.83,215e,5.83,230e,5.83
5/27/2021 8:00,1548.21,5,13.02,10,12.93,20,12.94,30,12.72,40,11.61,60,9.49,80,8.37,100,7.68,120,7.23,140,6.71,160,6.12,180,5.9,200e,5.85,215e,5.85,230e,5.85
5/27/2021 9:00,1548.2,5,13.01,10,12.94,20,12.95,30,12.8,40,11.89,60,9.47,80,8.51,100,7.7,120,7.23,140,6.65,160,6.03,180,5.89,200e,5.86,215e,5.86,230e,5.86
5/27/2021 10:00,1548.18,5,13.05,10,12.98,20,12.96,30,12.78,40,11.56,60,9.62,80,8.95,100,7.81,120,7.21,140,6.5,160,5.94,180,5.88,200e,5.87,215e,5.87,230e,5.87
5/27/2021 11:00,1548.16,5,13.05,10,12.94,20,12.94,30,12.73,40,10.92,60,10.2,80,9.01,100,8.04,120,7.29,140,6.62,160,6.15,180,5.91,200e,5.85,215e,5.85,230e,5.85
5/27/2021 12:00,1548.12,5,13.06,10,13.01,20,12.92,30,11.36,40,11.09,60,10.06,80,9.38,100,8.42,120,7.62,140,6.77,160,6.16,180,5.99,200e,5.95,215e,5.95,230e,5.95
5/27/2021 13:00,1548.11,5,13.06,10,13.02,20,12.75,30,11.02,40,10.69,60,9.77,80,9.41,100,8.46,120,7.52,140,7.03,160,6.25,180,6.08,200e,6.04,215e,6.04,230e,6.04
5/27/2021 14:00,1548.11,5,13.11,10,13.09,20,11.9,30,11.16,40,10.46,60,9.62,80,9.1,100,8.38,120,7.61,140,7.23,160,6.44,180,6,200e,5.89,215e,5.89,230e,5.89
5/27/2021 15:00,1548.09,5,13.15,10,13.1,20,11.89,30,11.12,40,10.38,60,9.45,80,8.84,100,8.03,120,7.56,140,7.2,160,6.44,180,5.93,200e,5.8,215e,5.8,230e,5.8
5/27/2021 16:00,1548.08,5,13.14,10,12.69,20,12.09,30,11.8,40,10.3,60,9.36,80,8.6,100,7.98,120,7.6,140,6.96,160,6.35,180,6.12,200e,6.06,215e,6.06,230e,6.06
5/27/2021 17:00,1548.1,5,13.12,10,12.46,20,12.2,30,10.68,40,10.15,60,9.37,80,8.62,100,7.96,120,7.5,140,7.16,160,6.69,180,6.2,200e,6.08,215e,6.08,230e,6.08
5/27/2021 18:00,1548.14,5,13.03,10,12.33,20,12.05,30,10.71,40,10.12,60,9.21,80,8.6,100,7.89,120,7.52,140,7.23,160,6.53,180,6.12,200e,6.02,215e,6.02,230e,6.02
5/27/2021 19:00,1548.14,5,12.68,10,12.17,20,11.3,30,10.01,40,9.73,60,9.12,80,8.16,100,7.66,120,7.3,140,6.73,160,6.21,180,6.01,200e,5.96,215e,5.96,230e,5.96
5/27/2021 20:00,1548.15,5,12.49,10,12.11,20,11.41,30,10.17,40,9.8,60,9,80,8.12,100,7.49,120,7.06,140,6.56,160,6.05,180,5.89,200e,5.85,215e,5.85,230e,5.85
5/27/2021 21:00,1548.16,5,12.37,10,11.88,20,10.95,30,10.11,40,9.65,60,8.76,80,7.82,100,7.29,120,6.69,140,6.14,160,5.97,180,5.89,200e,5.87,215e,5.87,230e,5.87
5/27/2021 22:00,1548.18,5,12.47,10,12.1,20,11.05,30,10.13,40,9.71,60,8.77,80,7.66,100,7.01,120,6.39,140,6.06,160,5.93,180,5.84,200e,5.82,215e,5.82,230e,5.82
5/27/2021 23:00,1548.2,5,12.6,10,11.72,20,10.96,30,10.19,40,9.69,60,8.81,80,7.62,100,6.71,120,6.42,140,6.11,160,5.93,180,5.83,200e,5.81,215e,5.81,230e,5.81
5/28/2021 0:00,1548.21,5,12.49,10,11.53,20,10.62,30,9.98,40,9.7,60,8.82,80,7.71,100,7.08,120,6.57,140,6.26,160,5.97,180,5.86,200e,5.83,215e,5.83,230e,5.83
5/28/2021 1:00,1548.22,5,12.38,10,11.8,20,11.4,30,10.28,40,9.89,60,9.08,80,8.11,100,7.22,120,6.71,140,6.25,160,6.02,180,5.87,200e,5.83,215e,5.83,230e,5.83
5/28/2021 2:00,1548.24,5,12.37,10,11.95,20,11.69,30,10.63,40,10.05,60,9.11,80,8.3,100,7.12,120,6.75,140,6.35,160,6.07,180,5.89,200e,5.85,215e,5.85,230e,5.85
5/28/2021 3:00,1548.25,5,12.37,10,12.03,20,11.76,30,11.21,40,10.4,60,9.21,80,7.95,100,7.07,120,6.64,140,6.31,160,5.98,180,5.85,200e,5.82,215e,5.82,230e,5.82
5/28/2021 4:00,1548.26,5,12.32,10,12.06,20,11.93,30,11.11,40,10.56,60,9.13,80,8.08,100,7.3,120,6.51,140,6.28,160,6.01,180,5.89,200e,5.86,215e,5.86,230e,5.86
5/28/2021 5:00,1548.27,5,12.22,10,12.15,20,11.79,30,11.14,40,10.42,60,9.38,80,8.29,100,7.24,120,6.56,140,6.24,160,6.08,180,5.9,200e,5.86,215e,5.86,230e,5.86
5/28/2021 6:00,1548.3,5,12.25,10,12.2,20,11.66,30,11.33,40,10.88,60,9.57,80,8.64,100,7.75,120,6.65,140,6.42,160,6.13,180,5.89,200e,5.83,215e,5.83,230e,5.83
5/28/2021 7:00,1548.35,5,12.27,10,12.13,20,12.02,30,11.55,40,10.65,60,9.75,80,8.84,100,8.03,120,7.19,140,6.55,160,6.2,180,5.98,200e,5.93,215e,5.93,230e,5.93
5/28/2021 8:00,1548.36,5,12.35,10,12.28,20,12.03,30,11.61,40,11.04,60,10.15,80,9.19,100,8.48,120,7.51,140,6.91,160,6.53,180,6.14,200e,6.04,215e,6.04,230e,6.04
5/28/2021 9:00,1548.36,5,12.49,10,12.37,20,12.02,30,11.55,40,11.06,60,10.45,80,9.86,100,8.98,120,7.96,140,7.17,160,6.56,180,6.2,200e,6.11,215e,6.11,230e,6.11
5/28/2021 10:00,1548.34,5,12.68,10,12.54,20,12.01,30,11.76,40,11.35,60,10.56,80,10.13,100,9.13,120,7.82,140,7.17,160,6.4,180,6.11,200e,6.04,215e,6.04,230e,6.04
5/28/2021 11:00,1548.32,5,13.21,10,12.18,20,12.13,30,11.84,40,11.02,60,10.67,80,10.23,100,9.24,120,7.72,140,7.13,160,6.31,180,6.09,200e,6.04,215e,6.04,230e,6.04
5/28/2021 12:00,1548.3,5,13.46,10,12.24,20,12.14,30,11.69,40,11.04,60,10.5,80,9.91,100,8.82,120,7.78,140,7.26,160,6.6,180,6.17,200e,6.06,215e,6.06,230e,6.06
5/28/2021 13:00,1548.28,5,13.86,10,12.38,20,12.17,30,11.73,40,11.09,60,10.64,80,9.72,100,8.31,120,7.67,140,7.11,160,6.71,180,6.19,200e,6.06,215e,6.06,230e,6.06
5/28/2021 14:00,1548.26,5,13.83,10,12.41,20,12.2,30,11.7,40,11.21,60,10.38,80,9.38,100,8.3,120,7.23,140,6.91,160,6.45,180,6.05,200e,5.95,215e,5.95,230e,5.95
5/28/2021 15:00,1548.24,5,13.76,10,12.41,20,12.22,30,11.52,40,11.36,60,10.17,80,9.13,100,7.7,120,7.33,140,7.12,160,6.42,180,6.02,200e,5.92,215e,5.92,230e,5.92
5/28/2021 16:00,1548.23,5,13.59,10,12.42,20,11.8,30,11.67,40,11.48,60,10.3,80,8.86,100,7.65,120,7.29,140,6.75,160,6.13,180,5.95,200e,5.91,215e,5.91,230e,5.91
5/28/2021 17:00,1548.25,5,13.22,10,12.26,20,12.15,30,11.69,40,11.38,60,10.13,80,8.22,100,7.43,120,7.12,140,6.49,160,6.05,180,5.94,200e,5.91,215e,5.91,230e,5.91
5/28/2021 18:00,1548.28,5,13.27,10,12.25,20,11.83,30,11.77,40,11.01,60,9.45,80,8.05,100,7.39,120,7.16,140,6.49,160,6.03,180,5.91,200e,5.88,215e,5.88,230e,5.88
5/28/2021 19:00,1548.29,5,13.14,10,12.23,20,12,30,11.45,40,10.67,60,9.3,80,7.96,100,7.42,120,6.86,140,6.37,160,6,180,5.9,200e,5.88,215e,5.88,230e,5.88
5/28/2021 20:00,1548.3,5,12.6,10,12.08,20,12.03,30,11.32,40,10.42,60,9.3,80,7.71,100,7.24,120,6.74,140,6.1,160,5.98,180,5.87,200e,5.84,215e,5.84,230e,5.84
5/28/2021 21:00,1548.31,5,12.4,10,12.1,20,12.04,30,11.24,40,10.29,60,8.86,80,7.73,100,7.44,120,6.71,140,6.11,160,5.99,180,5.89,200e,5.87,215e,5.87,230e,5.87
5/28/2021 22:00,1548.32,5,12.58,10,12.16,20,12.06,30,11.19,40,10.24,60,8.66,80,7.75,100,7.18,120,6.66,140,6.14,160,5.97,180,5.87,200e,5.85,215e,5.85,230e,5.85
5/28/2021 23:00,1548.33,5,12.53,10,12.38,20,12.1,30,11.37,40,10.29,60,8.58,80,7.65,100,7.15,120,6.51,140,6.14,160,5.98,180,5.86,200e,5.83,215e,5.83,230e,5.83
5/29/2021 0:00,1548.35,5,12.53,10,12.46,20,12.46,30,11.39,40,10.43,60,8.44,80,7.58,100,6.97,120,6.31,140,6.02,160,5.9,180,5.84,200e,5.83,215e,5.83,230e,5.83
5/29/2021 1:00,1548.35,5,12.63,10,12.6,20,12.59,30,12.04,40,10.67,60,8.42,80,7.35,100,6.82,120,6.28,140,6.1,160,5.94,180,5.88,200e,5.87,215e,5.87,230e,5.87
5/29/2021 2:00,1548.36,5,12.61,10,12.6,20,12.65,30,12.64,40,10.74,60,8.49,80,7.65,100,6.67,120,6.16,140,5.98,160,5.92,180,5.87,200e,5.86,215e,5.86,230e,5.86
5/29/2021 3:00,1548.37,5,12.64,10,12.6,20,12.65,30,12.64,40,12.02,60,9.29,80,7.8,100,7.02,120,6.22,140,6.02,160,5.92,180,5.89,200e,5.88,215e,5.88,230e,5.88
5/29/2021 4:00,1548.39,5,12.59,10,12.56,20,12.61,30,12.62,40,12.61,60,9.95,80,8.2,100,7.25,120,6.51,140,6,160,5.9,180,5.86,200e,5.85,215e,5.85,230e,5.85
5/29/2021 5:00,1548.39,5,12.57,10,12.57,20,12.6,30,12.61,40,12.6,60,10.32,80,8.3,100,7.6,120,6.94,140,6.3,160,5.98,180,5.89,200e,5.87,215e,5.87,230e,5.87
5/29/2021 6:00,1548.42,5,12.61,10,12.6,20,12.65,30,12.63,40,12.62,60,10.64,80,8.89,100,8.08,120,7.05,140,6.29,160,6.04,180,5.93,200e,5.9,215e,5.9,230e,5.9
5/29/2021 7:00,1548.46,5,12.65,10,12.6,20,12.65,30,12.63,40,12.63,60,10.58,80,9.08,100,8.16,120,7.52,140,6.91,160,6.09,180,5.93,200e,5.89,215e,5.89,230e,5.89
5/29/2021 8:00,1548.48,5,12.91,10,12.79,20,12.79,30,12.77,40,12.77,60,10.58,80,9.05,100,8.17,120,7.62,140,6.93,160,6.11,180,5.92,200e,5.87,215e,5.87,230e,5.87
5/29/2021 9:00,1548.48,5,13.25,10,13.12,20,12.97,30,12.71,40,12.7,60,11.54,80,8.68,100,8.15,120,7.31,140,6.77,160,6.09,180,5.91,200e,5.87,215e,5.87,230e,5.87
5/29/2021 10:00,1548.45,5,13.59,10,13.42,20,12.81,30,12.74,40,12.73,60,11.24,80,8.66,100,7.76,120,7.02,140,6.46,160,6.08,180,5.92,200e,5.88,215e,5.88,230e,5.88
5/29/2021 11:00,1548.42,5,13.98,10,13.46,20,13.09,30,12.96,40,12.86,60,10.89,80,8.62,100,7.55,120,7,140,6.48,160,6.09,180,5.92,200e,5.88,215e,5.88,230e,5.88
5/29/2021 12:00,1548.39,5,14.71,10,13.45,20,12.96,30,12.91,40,12.86,60,10.89,80,8.59,100,7.88,120,7.04,140,6.63,160,6.28,180,6.02,200e,5.96,215e,5.96,230e,5.96
5/29/2021 13:00,1548.37,5,14.67,10,13.2,20,13.12,30,12.92,40,12.88,60,10.32,80,8.64,100,7.68,120,7.09,140,6.91,160,6.6,180,6.24,200e,6.15,215e,6.15,230e,6.15
5/29/2021 14:00,1548.34,5,14.11,10,13.13,20,13.08,30,12.91,40,12.05,60,9.64,80,8.59,100,7.75,120,7.14,140,6.96,160,6.71,180,6.45,200e,6.39,215e,6.39,230e,6.39
5/29/2021 15:00,1548.33,5,13.78,10,13.4,20,12.99,30,12.85,40,11.75,60,9.16,80,8.48,100,7.65,120,7.29,140,6.73,160,6.68,180,5.99,200e,5.82,215e,5.82,230e,5.82
5/29/2021 16:00,1548.31,5,14.37,10,13,20,12.92,30,12.3,40,10.14,60,9.05,80,8.36,100,7.8,120,7.38,140,6.77,160,6.7,180,6.01,200e,5.84,215e,5.84,230e,5.84
5/29/2021 17:00,1548.34,5,14.55,10,13,20,12.77,30,11.49,40,9.74,60,9,80,8.36,100,7.79,120,7.12,140,6.75,160,6.37,180,6.24,200e,6.21,215e,6.21,230e,6.21
5/29/2021 18:00,1548.37,5,14.87,10,12.9,20,12.52,30,10.2,40,9.29,60,8.82,80,8.27,100,7.78,120,7.1,140,6.65,160,6.49,180,6.28,200e,6.23,215e,6.23,230e,6.23
5/29/2021 19:00,1548.38,5,13.17,10,12.83,20,12.5,30,9.79,40,9.21,60,8.62,80,8.1,100,7.19,120,6.85,140,6.57,160,6.45,180,6.13,200e,6.05,215e,6.05,230e,6.05
5/29/2021 20:00,1548.38,5,13.08,10,12.81,20,11.82,30,9.7,40,9.41,60,8.71,80,7.91,100,6.92,120,6.64,140,6.45,160,6.33,180,6.1,200e,6.04,215e,6.04,230e,6.04
5/29/2021 21:00,1548.39,5,13.71,10,12.82,20,12.03,30,9.98,40,9.5,60,8.77,80,7.86,100,6.99,120,6.57,140,6.36,160,6.11,180,5.94,200e,5.9,215e,5.9,230e,5.9
5/29/2021 22:00,1548.41,5,13.53,10,12.78,20,12.35,30,10.23,40,9.66,60,8.77,80,7.86,100,6.9,120,6.61,140,6.38,160,6.07,180,5.96,200e,5.93,215e,5.93,230e,5.93
5/29/2021 23:00,1548.41,5,13.36,10,12.82,20,12.31,30,10.44,40,9.67,60,8.73,80,7.8,100,7.11,120,6.69,140,6.21,160,6.03,180,5.93,200e,5.91,215e,5.91,230e,5.91
5/30/2021 0:00,1548.43,5,13.17,10,13.07,20,12.5,30,10.61,40,9.82,60,8.45,80,7.51,100,7.02,120,6.57,140,6.23,160,5.94,180,5.87,200e,5.85,215e,5.85,230e,5.85
5/30/2021 1:00,1548.43,5,13.13,10,12.95,20,12.5,30,11.29,40,9.88,60,8.38,80,7.5,100,6.96,120,6.3,140,6.09,160,6.05,180,5.97,200e,5.95,215e,5.95,230e,5.95
5/30/2021 2:00,1548.43,5,13.07,10,13.02,20,12.52,30,11.93,40,10.25,60,8.7,80,7.79,100,7.08,120,6.46,140,6.24,160,6.06,180,5.94,200e,5.91,215e,5.91,230e,5.91
5/30/2021 3:00,1548.44,5,13.09,10,13.04,20,12.79,30,12.47,40,10.75,60,9.19,80,7.75,100,7.27,120,6.66,140,6.35,160,6.03,180,5.95,200e,5.93,215e,5.93,230e,5.93
5/30/2021 4:00,1548.44,5,13.06,10,13.03,20,13.07,30,12.61,40,11.45,60,9.53,80,8.12,100,7.53,120,7.04,140,6.46,160,6.16,180,6.01,200e,5.97,215e,5.97,230e,5.97
5/30/2021 5:00,1548.45,5,13.11,10,13.08,20,13.13,30,12.96,40,11.94,60,9.14,80,8.39,100,7.92,120,7.18,140,6.8,160,6.44,180,6.16,200e,6.09,215e,6.09,230e,6.09
5/30/2021 6:00,1548.48,5,13.11,10,13.08,20,13.12,30,12.5,40,11.47,60,9.79,80,8.64,100,7.98,120,7.37,140,7.17,160,6.83,180,6.32,200e,6.19,215e,6.19,230e,6.19
5/30/2021 7:00,1548.52,5,13.13,10,13.08,20,13.11,30,13.09,40,12.42,60,10.99,80,9.36,100,8.18,120,7.66,140,7.38,160,7.1,180,6.75,200e,6.66,215e,6.58,230e,6.5
5/30/2021 8:00,1548.54,5,13.24,10,13.17,20,13.19,30,13.19,40,13.15,60,11.35,80,9.86,100,8.2,120,7.66,140,7.4,160,7.21,180,6.83,200e,6.74,215e,6.62,230e,6.5
5/30/2021 9:00,1548.53,5,13.55,10,13.47,20,13.47,30,13.23,40,13,60,11.12,80,10.05,100,8.73,120,7.7,140,7.45,160,7.1,180,6.75,200e,6.66,215e,6.58,230e,6.5
5/30/2021 10:00,1548.51,5,14.16,10,13.48,20,13.12,30,13.1,40,13.07,60,10.49,80,9.9,100,9.51,120,8.22,140,7.56,160,6.88,180,6.33,200e,6.19,215e,6.19,230e,6.19
5/30/2021 11:00,1548.48,5,14.3,10,13.71,20,13.31,30,13.15,40,12.49,60,10.52,80,9.92,100,9.38,120,7.93,140,7.55,160,7,180,6.35,200e,6.19,215e,6.19,230e,6.19
5/30/2021 12:00,1548.45,5,14.71,10,13.73,20,13.44,30,13.16,40,12.98,60,10.08,80,9.65,100,8.72,120,7.86,140,7.28,160,6.94,180,6.4,200e,6.27,215e,6.27,230e,6.27
5/30/2021 13:00,1548.42,5,14.54,10,13.55,20,13.36,30,13.15,40,11.73,60,9.92,80,9.39,100,8.31,120,7.4,140,7.21,160,6.76,180,6.16,200e,6.01,215e,6.01,230e,6.01
5/30/2021 14:00,1548.4,5,14.48,10,13.47,20,13.29,30,13.15,40,10.92,60,9.42,80,8.79,100,7.99,120,7.43,140,6.96,160,6.47,180,6.12,200e,6.03,215e,6.03,230e,6.03
5/30/2021 15:00,1548.39,5,14.57,10,13.35,20,13.15,30,12.24,40,11.18,60,9.27,80,8.73,100,8.04,120,7.66,140,6.9,160,6.44,180,6.1,200e,6.02,215e,6.02,230e,6.02
5/30/2021 16:00,1548.38,5,14.81,10,13.26,20,13.14,30,12.01,40,9.93,60,9.1,80,8.32,100,7.89,120,7.31,140,6.91,160,6.5,180,6.11,200e,6.01,215e,6.01,230e,6.01
5/30/2021 17:00,1548.4,5,14.76,10,13.2,20,12.45,30,11.03,40,9.84,60,8.86,80,7.97,100,7.71,120,7.19,140,6.93,160,6.2,180,5.95,200e,5.89,215e,5.89,230e,5.89
5/30/2021 18:00,1548.43,5,14.81,10,13.08,20,11.98,30,10.43,40,9.95,60,8.88,80,7.82,100,7.55,120,7.06,140,6.56,160,6.2,180,6.2,200e,6.2,215e,6.2,230e,6.2
5/30/2021 19:00,1548.44,5,14.62,10,13.12,20,11.67,30,10.32,40,9.99,60,8.87,80,7.75,100,7.2,120,6.79,140,6.56,160,6.22,180,6.12,200e,6.1,215e,6.1,230e,6.1
5/30/2021 20:00,1548.44,5,13.54,10,13.19,20,11.82,30,10.56,40,9.86,60,8.2,80,7.77,100,7.2,120,6.67,140,6.32,160,6.13,180,5.93,200e,5.88,215e,5.88,230e,5.88
5/30/2021 21:00,1548.45,5,14.61,10,13.15,20,12.8,30,10.41,40,9.82,60,8.18,80,7.59,100,6.96,120,6.43,140,6.26,160,6.04,180,5.89,200e,5.85,215e,5.85,230e,5.85
5/30/2021 22:00,1548.45,5,14.21,10,13.28,20,12.93,30,11.07,40,9.9,60,8.2,80,7.44,100,6.97,120,6.38,140,6.08,160,5.93,180,5.87,200e,5.86,215e,5.86,230e,5.86
5/30/2021 23:00,1548.45,5,14.01,10,13.32,20,13.15,30,11.05,40,10.51,60,8.45,80,7.62,100,6.94,120,6.33,140,6.06,160,6,180,5.92,200e,5.9,215e,5.9,230e,5.9
5/31/2021 0:00,1548.46,5,13.94,10,13.4,20,12.9,30,11.35,40,10.1,60,8.93,80,7.72,100,6.95,120,6.32,140,6.06,160,5.94,180,5.9,200e,5.89,215e,5.89,230e,5.89
5/31/2021 1:00,1548.46,5,13.84,10,13.38,20,12.9,30,12.6,40,11.08,60,9.39,80,7.56,100,7,120,6.24,140,6.05,160,5.92,180,5.85,200e,5.83,215e,5.83,230e,5.83
5/31/2021 2:00,1548.47,5,13.8,10,13.7,20,13.33,30,12.47,40,11.22,60,9.65,80,7.82,100,7.15,120,6.24,140,6.14,160,5.97,180,5.84,200e,5.81,215e,5.81,230e,5.81
5/31/2021 3:00,1548.47,5,13.77,10,13.7,20,13.66,30,12.8,40,11.27,60,9.97,80,7.95,100,7.36,120,6.92,140,6.2,160,6.1,180,6.02,200e,6,215e,6,230e,6
5/31/2021 4:00,1548.48,5,13.85,10,13.73,20,13.67,30,12.04,40,10.83,60,9.58,80,8.33,100,7.8,120,7.1,140,6.31,160,6.12,180,5.96,200e,5.92,215e,5.92,230e,5.92
5/31/2021 5:00,1548.49,5,13.72,10,13.68,20,13.72,30,13.52,40,11.76,60,9.88,80,8.59,100,7.97,120,7.52,140,6.97,160,6.25,180,6.07,200e,6.03,215e,6.03,230e,6.03
5/31/2021 6:00,1548.51,5,13.73,10,13.7,20,13.73,30,13.73,40,13.63,60,10.94,80,8.96,100,8.1,120,7.61,140,7.2,160,6.59,180,6.21,200e,6.12,215e,6.12,230e,6.12
5/31/2021 7:00,1548.56,5,13.92,10,13.83,20,13.86,30,13.84,40,13.81,60,11.17,80,9.27,100,8.25,120,7.7,140,7.23,160,6.58,180,6.21,200e,6.12,215e,6.12,230e,6.12
5/31/2021 8:00,1548.59,5,14.07,10,13.98,20,13.99,30,13.77,40,13.7,60,11.15,80,9.72,100,8.44,120,7.78,140,7.19,160,6.51,180,6.2,200e,6.12,215e,6.12,230e,6.12
5/31/2021 9:00,1548.58,5,14.38,10,14.18,20,14.14,30,13.86,40,13.81,60,11.13,80,10.28,100,9.04,120,7.76,140,7.22,160,6.47,180,6.13,200e,6.05,215e,6.05,230e,6.05
5/31/2021 10:00,1548.56,5,14.74,10,14.61,20,14.02,30,13.94,40,12.86,60,11.29,80,9.55,100,8.47,120,8.01,140,7.51,160,6.79,180,6.56,200e,6.5,215e,6.5,230e,6.5
5/31/2021 11:00,1548.53,5,15.25,10,14.71,20,14.36,30,14.03,40,12.3,60,11.34,80,9.49,100,8.57,120,7.8,140,7.01,160,6.74,180,6.4,200e,6.32,215e,6.32,230e,6.32
5/31/2021 12:00,1548.5,5,15.71,10,14.71,20,14.07,30,13.96,40,12.3,60,10.51,80,9.39,100,8.16,120,7.71,140,7.12,160,6.55,180,6.07,200e,5.95,215e,5.95,230e,5.95
5/31/2021 13:00,1548.48,5,15.7,10,14.53,20,14.18,30,12.76,40,12.23,60,10.15,80,9.07,100,8.07,120,7.41,140,7.14,160,6.26,180,6.08,200e,6.04,215e,6.04,230e,6.04
5/31/2021 14:00,1548.46,5,15.53,10,14.27,20,14.02,30,12.9,40,11.03,60,9.49,80,8.6,100,8.15,120,7.31,140,6.99,160,6.42,180,6.24,200e,6.2,215e,6.2,230e,6.2
5/31/2021 15:00,1548.44,5,15.53,10,14.06,20,13.62,30,11.73,40,10.51,60,9.05,80,8.47,100,7.92,120,7.37,140,7.01,160,6.39,180,6.29,200e,6.27,215e,6.27,230e,6.27
5/31/2021 16:00,1548.43,5,15.58,10,14.02,20,13.46,30,11.52,40,10.55,60,9.11,80,8.18,100,7.72,120,7.4,140,6.7,160,6.33,180,6.16,200e,6.12,215e,6.12,230e,6.12
5/31/2021 17:00,1548.45,5,15.93,10,13.94,20,12.76,30,10.96,40,10.24,60,9.01,80,8.07,100,7.46,120,6.92,140,6.72,160,6.23,180,5.96,200e,5.89,215e,5.89,230e,5.89
5/31/2021 18:00,1548.48,5,15.84,10,13.61,20,12.11,30,10.99,40,10.27,60,8.65,80,7.82,100,7.26,120,6.83,140,6.21,160,5.97,180,5.9,200e,5.88,215e,5.88,230e,5.88
5/31/2021 19:00,1548.5,5,16.16,10,13.74,20,11.52,30,10.9,40,10.37,60,8.72,80,7.76,100,7,120,6.42,140,6.11,160,6.02,180,5.96,200e,5.95,215e,5.95,230e,5.95
5/31/2021 20:00,1548.51,5,15.73,10,13.78,20,12.26,30,11.27,40,10.25,60,8.67,80,7.48,100,6.94,120,6.43,140,6.14,160,5.97,180,5.88,200e,5.86,215e,5.86,230e,5.86
5/31/2021 21:00,1548.52,5,14.7,10,13.65,20,12.22,30,11.39,40,10.26,60,8.54,80,7.39,100,6.57,120,6.28,140,6.12,160,5.99,180,5.96,200e,5.95,215e,5.95,230e,5.95
5/31/2021 22:00,1548.53,5,15.18,10,13.85,20,12.36,30,11.66,40,10.54,60,8.52,80,7.32,100,6.5,120,6.23,140,6.08,160,6,180,5.87,200e,5.84,215e,5.84,230e,5.84
5/31/2021 23:00,1548.54,5,14.72,10,13.95,20,12.65,30,11.79,40,10.87,60,8.38,80,7.35,100,6.44,120,6.26,140,6.03,160,5.92,180,5.91,200e,5.91,215e,5.91,230e,5.91
6/1/2021 0:00,1548.55,5,14.58,10,14.44,20,13.16,30,12.35,40,10.98,60,8.52,80,7.36,100,6.43,120,6.18,140,6.04,160,5.99,180,5.87,200e,5.84,215e,5.84,230e,5.84
6/1/2021 1:00,1548.56,5,14.88,10,14.42,20,13.43,30,12.53,40,11.4,60,8.52,80,7.39,100,6.69,120,6.2,140,6.05,160,5.99,180,5.89,200e,5.87,215e,5.87,230e,5.87
6/1/2021 2:00,1548.18,5,14.94,10,14.42,20,13.57,30,12.58,40,11.85,60,8.82,80,8.01,100,7.05,120,6.25,140,6.07,160,6.02,180,5.99,200e,5.98,215e,5.98,230e,5.98
6/1/2021 3:00,1548.56,5,14.77,10,14.54,20,13.64,30,12.52,40,11.32,60,9.36,80,8.57,100,7.49,120,6.69,140,6.17,160,6.01,180,5.93,200e,5.91,215e,5.91,230e,5.91
6/1/2021 4:00,1548.56,5,14.7,10,14.48,20,14.47,30,12.59,40,11.91,60,9.68,80,8.83,100,7.97,120,7.09,140,6.67,160,6.2,180,6.03,200e,5.99,215e,5.99,230e,5.99
6/1/2021 5:00,1548.56,5,14.61,10,14.48,20,14.5,30,13.53,40,12.36,60,10,80,9.27,100,8.16,120,7.76,140,7.15,160,6.59,180,6.09,200e,5.97,215e,5.97,230e,5.97
6/1/2021 6:00,1548.6,5,14.41,10,14.4,20,14.43,30,14.43,40,13.11,60,10.83,80,9.42,100,8.57,120,7.92,140,7.42,160,6.72,180,6.17,200e,6.03,215e,6.03,230e,6.03
6/1/2021 7:00,1548.62,5,14.58,10,14.52,20,14.54,30,14.52,40,14.46,60,11.25,80,9.34,100,8.57,120,7.91,140,7.33,160,6.62,180,6.15,200e,6.03,215e,6.03,230e,6.03
6/1/2021 8:00,1548.65,5,14.8,10,14.69,20,14.7,30,14.66,40,13.36,60,11.7,80,9.51,100,8.62,120,7.95,140,7.25,160,6.86,180,6.31,200e,6.17,215e,6.17,230e,6.17
6/1/2021 9:00,1548.65,5,15.03,10,14.96,20,14.83,30,14.52,40,13.09,60,11.26,80,9.81,100,8.76,120,7.73,140,7.37,160,6.89,180,6.41,200e,6.29,215e,6.29,230e,6.29
6/1/2021 10:00,1548.62,5,15.28,10,15.13,20,14.58,30,14.51,40,13.74,60,10.98,80,9.37,100,8.69,120,7.71,140,7.4,160,7.06,180,6.64,200e,6.54,215e,6.52,230e,6.5
6/1/2021 11:00,1548.6,5,16.4,10,15.5,20,14.98,30,14.56,40,12.3,60,10.43,80,9.67,100,8.2,120,7.73,140,7.14,160,6.68,180,6.05,200e,5.89,215e,5.89,230e,5.89
6/1/2021 12:00,1548.57,5,16.77,10,15.27,20,14.73,30,14.48,40,12.32,60,10.25,80,9.68,100,8.5,120,7.73,140,7.09,160,6.39,180,6.21,200e,6.17,215e,6.17,230e,6.17
6/1/2021 13:00,1548.55,5,16.7,10,15.2,20,14.77,30,13.21,40,12.2,60,9.92,80,9.1,100,8.46,120,7.97,140,7.01,160,6.59,180,6.2,200e,6.1,215e,6.1,230e,6.1
6/1/2021 14:00,1548.52,5,16.61,10,14.92,20,14.69,30,13.5,40,11.11,60,9.41,80,8.75,100,8.15,120,7.55,140,6.99,160,6.62,180,6.27,200e,6.18,215e,6.18,230e,6.18
6/1/2021 15:00,1548.5,5,16.63,10,14.67,20,14.03,30,12.09,40,9.96,60,9.08,80,8.45,100,7.88,120,7.33,140,6.63,160,6.43,180,6.04,200e,5.94,215e,5.94,230e,5.94
6/1/2021 16:00,1548.48,5,16.63,10,14.59,20,13.63,30,11.42,40,10.14,60,9.09,80,8.42,100,7.67,120,6.9,140,6.41,160,6.07,180,6.03,200e,6.02,215e,6.02,230e,6.02
6/1/2021 17:00,1548.51,5,16.68,10,14.55,20,12.97,30,11.06,40,9.87,60,8.75,80,8,100,7.37,120,6.74,140,6.54,160,6.14,180,6.04,200e,6.02,215e,6.02,230e,6.02
6/1/2021 18:00,1548.54,5,16.32,10,14.33,20,12.27,30,11.1,40,9.92,60,8.8,80,7.99,100,7.33,120,6.58,140,6.28,160,6.14,180,6.07,200e,6.05,215e,6.05,230e,6.05
6/1/2021 19:00,1548.55,5,15.13,10,14.33,20,12.16,30,10.9,40,9.81,60,8.72,80,7.59,100,7.13,120,6.6,140,6.27,160,6.06,180,5.99,200e,5.97,215e,5.97,230e,5.97
6/1/2021 20:00,1548.56,5,14.97,10,14.33,20,12.06,30,10.58,40,9.99,60,8.53,80,7.48,100,7,120,6.52,140,6.15,160,6.04,180,5.93,200e,5.9,215e,5.9,230e,5.9
6/1/2021 21:00,1548.58,5,14.81,10,14.33,20,12.34,30,11.17,40,10.16,60,8.36,80,7.45,100,6.87,120,6.38,140,6.13,160,6.06,180,5.97,200e,5.95,215e,5.95,230e,5.95
6/1/2021 22:00,1548.61,5,14.8,10,14.37,20,12.77,30,11.73,40,10.3,60,8.75,80,7.41,100,6.73,120,6.29,140,6.17,160,6.03,180,5.96,200e,5.94,215e,5.94,230e,5.94
6/1/2021 23:00,1548.65,5,15.81,10,14.33,20,12.86,30,12.08,40,10.61,60,8.65,80,7.22,100,6.79,120,6.24,140,6.11,160,5.99,180,5.96,200e,5.95,215e,5.95,230e,5.95
6/2/2021 0:00,1548.69,5,15.53,10,14.35,20,12.91,30,12.26,40,10.9,60,8.66,80,7.54,100,6.92,120,6.24,140,6.13,160,6,180,5.97,200e,5.96,215e,5.96,230e,5.96
6/2/2021 1:00,1548.74,5,15.29,10,14.33,20,13.03,30,12.23,40,10.6,60,8.83,80,7.93,100,6.94,120,6.24,140,6.12,160,6.03,180,6,200e,5.99,215e,5.99,230e,5.99
6/2/2021 2:00,1548.77,5,15.26,10,14.5,20,13.16,30,12.45,40,11.3,60,8.81,80,8.19,100,7.14,120,6.63,140,6.12,160,6.01,180,5.97,200e,5.96,215e,5.96,230e,5.96
6/2/2021 3:00,1548.82,5,15.14,10,14.87,20,13.42,30,12.38,40,11.69,60,8.91,80,8.37,100,7.55,120,7,140,6.71,160,6.21,180,6.02,200e,5.97,215e,5.97,230e,5.97
6/2/2021 4:00,1548.85,5,15.41,10,14.89,20,13.76,30,12.55,40,11.98,60,9.13,80,8.35,100,7.75,120,7.4,140,7.1,160,6.32,180,6.04,200e,5.97,215e,5.97,230e,5.97
6/2/2021 5:00,1548.89,5,15.12,10,14.91,20,14.86,30,12.67,40,11.84,60,9.92,80,8.37,100,7.86,120,7.67,140,7.31,160,6.83,180,6.22,200e,6.07,215e,6.07,230e,6.07
6/2/2021 6:00,1548.93,5,15.03,10,14.96,20,14.98,30,14.93,40,12.43,60,10.7,80,9.04,100,8.12,120,7.72,140,7.44,160,6.84,180,6.46,200e,6.37,215e,6.37,230e,6.37
6/2/2021 7:00,1548.96,5,15.11,10,15.03,20,15.03,30,14.94,40,12.83,60,11.51,80,9.49,100,8.55,120,7.81,140,7.42,160,7.09,180,6.57,200e,6.44,215e,6.44,230e,6.44
6/2/2021 8:00,1548.98,5,15.54,10,15.28,20,15.06,30,13.64,40,12.62,60,11.59,80,9.88,100,8.98,120,7.87,140,7.36,160,7.1,180,6.46,200e,6.3,215e,6.3,230e,6.3
6/2/2021 9:00,1548.98,5,15.63,10,15.49,20,14.68,30,13.16,40,12.28,60,11.28,80,10.38,100,9.13,120,8.37,140,7.33,160,7.1,180,6.66,200e,6.55,215e,6.53,230e,6.5
6/2/2021 10:00,1548.96,5,15.78,10,15.14,20,14.36,30,13,40,12.42,60,11.01,80,10,100,8.99,120,7.65,140,7.3,160,6.94,180,6.55,200e,6.45,215e,6.45,230e,6.45
6/2/2021 11:00,1548.93,5,15.86,10,15.08,20,13.93,30,13.01,40,12.33,60,10.46,80,9.43,100,8.87,120,7.51,140,7.02,160,6.74,180,6.35,200e,6.25,215e,6.25,230e,6.25
6/2/2021 12:00,1548.88,5,16.05,10,14.96,20,13.63,30,12.64,40,11.26,60,10.08,80,9.24,100,8.22,120,7.47,140,7,160,6.63,180,6.26,200e,6.17,215e,6.17,230e,6.17
6/2/2021 13:00,1548.84,5,15.88,10,15.07,20,13.83,30,12.62,40,11.82,60,9.77,80,9.02,100,8.23,120,7.3,140,6.92,160,6.48,180,6.2,200e,6.13,215e,6.13,230e,6.13
6/2/2021 14:00,1548.82,5,15.88,10,14.53,20,13.8,30,12.29,40,10.98,60,9.48,80,8.74,100,8.17,120,7.39,140,6.94,160,6.49,180,6.3,200e,6.25,215e,6.25,230e,6.25
6/2/2021 15:00,1548.8,5,15.89,10,14.32,20,12.66,30,12.15,40,10.18,60,8.8,80,8.29,100,7.98,120,7.2,140,6.89,160,6.53,180,6.05,200e,5.93,215e,5.93,230e,5.93
6/2/2021 16:00,1548.76,5,16.37,10,13.32,20,12.63,30,12.15,40,10.57,60,8.64,80,8.26,100,7.72,120,7.16,140,6.7,160,6.29,180,6,200e,5.93,215e,5.93,230e,5.93
6/2/2021 17:00,1548.78,5,16.39,10,13,20,12.71,30,12.07,40,9.72,60,8.54,80,8.05,100,7.51,120,7.02,140,6.43,160,6.15,180,6.11,200e,6.1,215e,6.1,230e,6.1
6/2/2021 18:00,1548.81,5,16.4,10,13.11,20,12.76,30,12.01,40,9.44,60,8.46,80,7.9,100,7.45,120,6.77,140,6.41,160,6.13,180,6.02,200e,5.99,215e,5.99,230e,5.99
6/2/2021 19:00,1548.84,5,15.21,10,13.04,20,12.6,30,11.32,40,10.33,60,8.43,80,7.85,100,6.95,120,6.44,140,6.21,160,6.12,180,6.03,200e,6.01,215e,6.01,230e,6.01
6/2/2021 20:00,1548.85,5,15.96,10,13.23,20,12.41,30,11.1,40,9.9,60,8.58,80,7.82,100,6.78,120,6.41,140,6.15,160,6.09,180,6,200e,5.98,215e,5.98,230e,5.98
6/2/2021 21:00,1548.86,5,14.28,10,13.39,20,12.9,30,11.56,40,10.13,60,8.72,80,7.88,100,6.86,120,6.26,140,6.17,160,6.09,180,6.05,200e,6.04,215e,6.04,230e,6.04
6/2/2021 22:00,1548.87,5,13.76,10,13.49,20,12.89,30,12.08,40,10.52,60,8.9,80,7.73,100,6.86,120,6.21,140,6.16,160,6.08,180,6,200e,5.98,215e,5.98,230e,5.98
6/2/2021 23:00,1548.88,5,13.95,10,13.37,20,13.07,30,12.27,40,10.32,60,8.88,80,7.95,100,6.85,120,6.25,140,6.12,160,6.06,180,6.03,200e,6.02,215e,6.02,230e,6.02
6/3/2021 0:00,1548.9,5,14.33,10,13.92,20,13.38,30,12.2,40,10.31,60,8.88,80,8.08,100,7.05,120,6.62,140,6.25,160,6.09,180,6.04,200e,6.03,215e,6.03,230e,6.03
6/3/2021 1:00,1548.9,5,14.46,10,13.62,20,13.4,30,12.29,40,10.6,60,9.06,80,8.37,100,7.39,120,6.78,140,6.37,160,6.11,180,6.05,200e,6.04,215e,6.04,230e,6.04
6/3/2021 2:00,1548.91,5,14.33,10,13.43,20,13.13,30,12.51,40,10.7,60,9.34,80,8.5,100,7.85,120,7,140,6.62,160,6.16,180,6.03,200e,6,215e,6,230e,6
6/3/2021 3:00,1548.92,5,14.22,10,13.41,20,13.17,30,12.27,40,11.04,60,9.48,80,8.71,100,8.04,120,7.23,140,6.84,160,6.44,180,6.11,200e,6.03,215e,6.03,230e,6.03
6/3/2021 4:00,1548.55,5,14.93,10,14.29,20,13.44,30,13.03,40,12.73,60,11.09,80,9.14,100,8.31,120,7.86,140,7.32,160,6.54,180,6.3,200e,6.24,215e,6.24,230e,6.24
6/3/2021 5:00,1548.94,5,15.04,10,14.88,20,14.33,30,13.62,40,12.88,60,11.78,80,10.02,100,9.05,120,7.94,140,7.46,160,6.92,180,6.38,200e,6.25,215e,6.25,230e,6.25
6/3/2021 6:00,1548.98,5,15.04,10,14.29,20,14.28,30,13.11,40,12.75,60,11.51,80,10.11,100,8.9,120,8.15,140,7.52,160,6.78,180,6.44,200e,6.36,215e,6.36,230e,6.36
6/3/2021 7:00,1549.02,5,15.06,10,14.38,20,13.43,30,13.09,40,12.63,60,11.5,80,10.55,100,8.68,120,7.81,140,7.41,160,6.62,180,6.38,200e,6.32,215e,6.32,230e,6.32
6/3/2021 8:00,1549.07,5,15.02,10,14.52,20,13.18,30,13.05,40,12.74,60,11.6,80,9.88,100,8.82,120,7.82,140,7.48,160,6.61,180,6.1,200e,5.97,215e,5.97,230e,5.97
6/3/2021 9:00,1549.05,5,14.98,10,14.81,20,13.48,30,13.22,40,12.78,60,11.37,80,9.8,100,8.68,120,7.65,140,6.74,160,6.47,180,6.17,200e,6.1,215e,6.1,230e,6.1
6/3/2021 10:00,1548.99,5,15.19,10,14.52,20,13.71,30,13.52,40,12.87,60,10.79,80,9.36,100,8,120,7.39,140,6.9,160,6.37,180,6.2,200e,6.16,215e,6.16,230e,6.16
6/3/2021 11:00,1548.98,5,15.31,10,14.09,20,14,30,12.93,40,12.46,60,10.72,80,9.01,100,7.99,120,7.51,140,7.08,160,6.56,180,6.22,200e,6.14,215e,6.14,230e,6.14
6/3/2021 12:00,1548.95,5,15.25,10,14.19,20,13.73,30,12.92,40,11.61,60,9.48,80,8.96,100,7.96,120,7.41,140,6.6,160,6.46,180,6.28,200e,6.24,215e,6.24,230e,6.24
6/3/2021 13:00,1548.92,5,14.78,10,14.1,20,13.09,30,11.37,40,10.78,60,9.23,80,8.7,100,8.05,120,7.56,140,6.59,160,6.34,180,6.25,200e,6.23,215e,6.23,230e,6.23
6/3/2021 14:00,1548.9,5,14.92,10,13.98,20,13.21,30,12.05,40,10.92,60,9.13,80,8.36,100,7.81,120,6.99,140,6.6,160,6.34,180,6.09,200e,6.03,215e,6.03,230e,6.03
6/3/2021 15:00,1548.87,5,15.36,10,13.61,20,12.73,30,11.66,40,10.29,60,9.01,80,8.28,100,7.64,120,7.11,140,6.6,160,6.11,180,6.07,200e,6.06,215e,6.06,230e,6.06
6/3/2021 16:00,1548.87,5,15.89,10,13.15,20,12.59,30,11.63,40,10.11,60,9.15,80,8.34,100,7.44,120,6.94,140,6.36,160,6.1,180,6.08,200e,6.08,215e,6.08,230e,6.08
6/3/2021 17:00,1548.9,5,16.36,10,13,20,12.44,30,10.62,40,9.81,60,8.79,80,7.78,100,7.05,120,6.56,140,6.39,160,6.17,180,6.1,200e,6.08,215e,6.08,230e,6.08
6/3/2021 18:00,1548.95,5,15.9,10,13.03,20,12.34,30,10.69,40,10.06,60,8.85,80,7.47,100,6.9,120,6.55,140,6.36,160,6.11,180,6.01,200e,5.99,215e,5.99,230e,5.99
6/3/2021 19:00,1548.95,5,14.05,10,13.21,20,12.46,30,11.18,40,9.95,60,8.9,80,7.81,100,6.87,120,6.5,140,6.27,160,6.15,180,6.08,200e,6.06,215e,6.06,230e,6.06
6/3/2021 20:00,1548.96,5,13.56,10,13,20,12.3,30,11.27,40,9.95,60,8.99,80,7.56,100,6.92,120,6.52,140,6.19,160,6.11,180,6.01,200e,5.99,215e,5.99,230e,5.99
6/3/2021 21:00,1548.95,5,13.34,10,13.07,20,12.47,30,12.12,40,10.5,60,9.15,80,7.87,100,6.86,120,6.51,140,6.18,160,6.01,180,5.96,200e,5.95,215e,5.95,230e,5.95
6/3/2021 22:00,1548.96,5,13.24,10,12.97,20,12.76,30,12.33,40,11.08,60,9.18,80,8,100,6.86,120,6.49,140,6.21,160,6.06,180,6,200e,5.99,215e,5.99,230e,5.99
6/3/2021 23:00,1548.96,5,13.42,10,12.86,20,12.85,30,12.64,40,10.9,60,9.54,80,8.11,100,7.16,120,6.64,140,6.21,160,6.1,180,6.01,200e,5.99,215e,5.99,230e,5.99
6/4/2021 0:00,1548.97,5,13.46,10,13.4,20,12.95,30,12.6,40,11.2,60,9.84,80,8.66,100,7.6,120,7.01,140,6.43,160,6.22,180,6.08,200e,6.05,215e,6.05,230e,6.05
6/4/2021 1:00,1548.97,5,13.73,10,13.45,20,13.04,30,12.53,40,12.31,60,9.94,80,8.91,100,8.13,120,6.89,140,6.44,160,6.22,180,6.08,200e,6.05,215e,6.05,230e,6.05
6/4/2021 2:00,1548.97,5,13.88,10,13.83,20,13.86,30,13.61,40,12.34,60,10.45,80,9.39,100,8.37,120,7.63,140,7.1,160,6.46,180,6.25,200e,6.2,215e,6.2,230e,6.2
6/4/2021 3:00,1548.97,5,14.19,10,14.08,20,14.14,30,13.03,40,12.71,60,10.94,80,9.69,100,8.43,120,8.02,140,7.32,160,6.52,180,6.25,200e,6.18,215e,6.18,230e,6.18
6/4/2021 4:00,1548.99,5,14.11,10,14.07,20,14.11,30,13.59,40,12.8,60,11.81,80,10.32,100,8.61,120,7.79,140,6.95,160,6.26,180,6.1,200e,6.06,215e,6.06,230e,6.06
6/4/2021 5:00,1549.01,5,14.21,10,14.17,20,14.1,30,13.17,40,13,60,11.57,80,9.35,100,8.44,120,7.83,140,7.04,160,6.4,180,6.18,200e,6.13,215e,6.13,230e,6.13
6/4/2021 6:00,1549.03,5,14.17,10,14.13,20,13.95,30,13.12,40,12.92,60,11.36,80,9.25,100,8.08,120,7.73,140,6.85,160,6.55,180,6.26,200e,6.19,215e,6.19,230e,6.19
6/4/2021 7:00,1549.08,5,14.2,10,14.08,20,13.47,30,13.07,40,12.48,60,10.99,80,9.29,100,8.11,120,7.59,140,7,160,6.6,180,6.24,200e,6.15,215e,6.15,230e,6.15
6/4/2021 8:00,1549.09,5,14.33,10,14.09,20,13.55,30,13.05,40,12.21,60,10.53,80,9.47,100,8.01,120,7.38,140,6.89,160,6.55,180,6.29,200e,6.23,215e,6.23,230e,6.23
6/4/2021 9:00,1549.09,5,14.17,10,14.1,20,13.21,30,12.81,40,12.24,60,10,80,8.99,100,7.99,120,7.51,140,6.89,160,6.49,180,6.27,200e,6.22,215e,6.22,230e,6.22
6/4/2021 10:00,1549.08,5,14.41,10,14.29,20,13.23,30,12.66,40,11.49,60,10.02,80,8.7,100,7.92,120,7.21,140,6.95,160,6.49,180,6.24,200e,6.18,215e,6.18,230e,6.18
6/4/2021 11:00,1548.67,5,14.54,10,13.5,20,12.98,30,11.94,40,11.37,60,9.37,80,8.45,100,7.85,120,7.28,140,6.76,160,6.57,180,6.28,200e,6.21,215e,6.21,230e,6.21
6/4/2021 12:00,1549.04,5,14.61,10,13.3,20,12.85,30,11.5,40,10.82,60,9.15,80,8.46,100,7.6,120,7.05,140,6.59,160,6.31,180,6.19,200e,6.16,215e,6.16,230e,6.16
6/4/2021 13:00,1549.01,5,14.8,10,13.21,20,12.5,30,11.01,40,9.84,60,9.25,80,8.36,100,7.49,120,6.75,140,6.54,160,6.24,180,6.08,200e,6.04,215e,6.04,230e,6.04
6/4/2021 14:00,1549,5,15.25,10,12.86,20,11.79,30,10.37,40,9.6,60,8.83,80,8.02,100,7.36,120,6.77,140,6.53,160,6.08,180,5.98,200e,5.96,215e,5.96,230e,5.96
6/4/2021 15:00,1548.98,5,15.32,10,12.42,20,11,30,10.03,40,9.6,60,8.81,80,7.87,100,7.07,120,6.69,140,6.39,160,6.14,180,5.99,200e,5.95,215e,5.95,230e,5.95
6/4/2021 16:00,1548.96,5,15.62,10,12.21,20,10.7,30,9.86,40,9.55,60,8.79,80,7.59,100,7.07,120,6.71,140,6.47,160,6.31,180,6.09,200e,6.04,215e,6.04,230e,6.04
6/4/2021 17:00,1548.98,5,15.45,10,12.45,20,10.7,30,9.96,40,9.7,60,8.67,80,7.62,100,7.12,120,6.84,140,6.38,160,6.27,180,6.14,200e,6.11,215e,6.11,230e,6.11
6/4/2021 18:00,1549.03,5,15.47,10,12.05,20,11.13,30,10.41,40,9.86,60,8.57,80,7.77,100,7.01,120,6.81,140,6.32,160,6.08,180,6.01,200e,5.99,215e,5.99,230e,5.99
6/4/2021 19:00,1549.02,5,12.82,10,12.23,20,11.35,30,10.4,40,10.1,60,9.04,80,7.84,100,7.09,120,6.77,140,6.37,160,6.18,180,6.07,200e,6.04,215e,6.04,230e,6.04
6/4/2021 20:00,1549.02,5,12.75,10,12.24,20,11.65,30,11.45,40,10.63,60,9.57,80,8.05,100,7.68,120,6.96,140,6.5,160,6.23,180,6.14,200e,6.12,215e,6.12,230e,6.12
6/4/2021 21:00,1549.03,5,13.25,10,12.11,20,11.96,30,11.76,40,11.38,60,10.18,80,8.44,100,7.93,120,7.36,140,6.68,160,6.28,180,6.17,200e,6.14,215e,6.14,230e,6.14
6/4/2021 22:00,1549.03,5,12.51,10,12.51,20,12.52,30,11.95,40,11.67,60,10.75,80,9.33,100,8.34,120,7.74,140,7.13,160,6.61,180,6.24,200e,6.15,215e,6.15,230e,6.15
6/4/2021 23:00,1549.03,5,13.23,10,12.95,20,12.74,30,12.58,40,11.95,60,11.55,80,10.08,100,9.04,120,8.2,140,7.43,160,6.81,180,6.3,200e,6.17,215e,6.17,230e,6.17
6/5/2021 0:00,1549.05,5,13.12,10,13.02,20,12.9,30,12.8,40,12.67,60,11.7,80,10.4,100,9.12,120,8.32,140,7.49,160,6.87,180,6.34,200e,6.21,215e,6.21,230e,6.21
6/5/2021 1:00,1549.05,5,13.41,10,13.34,20,13.48,30,13.45,40,12.74,60,11.74,80,10.71,100,9.05,120,7.98,140,7.16,160,6.69,180,6.25,200e,6.14,215e,6.14,230e,6.14
6/5/2021 2:00,1549.06,5,13.51,10,13.42,20,13.47,30,12.94,40,12.92,60,11.85,80,10,100,8.91,120,7.91,140,7.02,160,6.42,180,6.19,200e,6.13,215e,6.13,230e,6.13
6/5/2021 3:00,1549.08,5,13.81,10,13.76,20,13.31,30,13.17,40,13.09,60,11.94,80,10.39,100,8.51,120,7.67,140,6.86,160,6.65,180,6.32,200e,6.24,215e,6.24,230e,6.24
6/5/2021 4:00,1549.09,5,14.32,10,14.24,20,14.29,30,13.51,40,13.35,60,12.76,80,9.07,100,7.5,120,6.89,140,6.43,160,6.22,180,6.1,200e,6.07,215e,6.07,230e,6.07
6/5/2021 5:00,1549.12,5,15.25,10,15.2,20,15.1,30,14.54,40,14.14,60,11.38,80,9.4,100,7.72,120,7.07,140,6.66,160,6.33,180,6.16,200e,6.12,215e,6.12,230e,6.12
6/5/2021 6:00,1549.15,5,15.3,10,15.28,20,15.31,30,14.6,40,13.77,60,11.35,80,8.83,100,7.96,120,7.14,140,6.49,160,6.29,180,6.23,200e,6.22,215e,6.22,230e,6.22
6/5/2021 7:00,1549.17,5,15.32,10,15.29,20,15.33,30,14.05,40,13.57,60,11.7,80,9.11,100,8.03,120,7.04,140,6.5,160,6.3,180,6.19,200e,6.16,215e,6.16,230e,6.16
6/5/2021 8:00,1549.2,5,15.3,10,15.26,20,15.3,30,13.86,40,13.12,60,10.85,80,8.3,100,7.92,120,7.43,140,6.86,160,6.59,180,6.46,200e,6.43,215e,6.43,230e,6.43
6/5/2021 9:00,1549.19,5,15.31,10,15.25,20,15.1,30,13.46,40,13,60,9.01,80,8.42,100,7.85,120,7.21,140,7,160,6.77,180,6.77,200e,6.77,215e,6.64,230e,6.5
6/5/2021 10:00,1549.17,5,15.33,10,15.26,20,14.56,30,13.36,40,12.44,60,9.09,80,8.48,100,7.54,120,7.43,140,6.99,160,6.58,180,6.27,200e,6.19,215e,6.19,230e,6.19
6/5/2021 11:00,1549.15,5,15.31,10,15.21,20,14.12,30,13.21,40,11.34,60,9.2,80,8.21,100,7.72,120,7.45,140,6.75,160,6.31,180,6.08,200e,6.02,215e,6.02,230e,6.02
6/5/2021 12:00,1549.12,5,15.33,10,15.25,20,14.14,30,13.13,40,10.24,60,9.33,80,8.19,100,7.7,120,7.07,140,6.57,160,6.45,180,6.24,200e,6.19,215e,6.19,230e,6.19
6/5/2021 13:00,1549.1,5,15.38,10,15.04,20,14.32,30,13.13,40,10.21,60,9.04,80,8.3,100,7.79,120,7.03,140,6.6,160,6.54,180,6.24,200e,6.17,215e,6.17,230e,6.17
6/5/2021 14:00,1549.07,5,15.5,10,14.49,20,14.22,30,11.65,40,10.2,60,8.99,80,8.51,100,7.08,120,6.96,140,6.73,160,6.36,180,6.14,200e,6.09,215e,6.09,230e,6.09
6/5/2021 15:00,1549.05,5,15.48,10,14.73,20,14.13,30,11.87,40,10.49,60,9.1,80,8.08,100,7.33,120,6.98,140,6.33,160,6.19,180,6.01,200e,5.97,215e,5.97,230e,5.97
6/5/2021 16:00,1549.04,5,15.35,10,14.98,20,14.17,30,12.15,40,10.49,60,9.17,80,8.34,100,7.29,120,6.83,140,6.34,160,6.16,180,6.09,200e,6.07,215e,6.07,230e,6.07
6/5/2021 17:00,1549.05,5,15.08,10,14.6,20,13.9,30,12.14,40,10.74,60,9.5,80,8.37,100,7,120,6.65,140,6.42,160,6.3,180,6.22,200e,6.2,215e,6.2,230e,6.2
6/5/2021 18:00,1549.07,5,14.87,10,14.52,20,13.28,30,12.01,40,10.38,60,9.35,80,8.08,100,7.18,120,6.57,140,6.24,160,6.14,180,6.11,200e,6.1,215e,6.1,230e,6.1
6/5/2021 19:00,1549.08,5,14.59,10,14.08,20,13.15,30,11.44,40,10.33,60,9.37,80,7.81,100,7.43,120,6.65,140,6.41,160,6.15,180,6.13,200e,6.13,215e,6.13,230e,6.13
6/5/2021 20:00,1549.09,5,14.44,10,13.64,20,13.59,30,11.87,40,10.65,60,9.39,80,8.07,100,7.49,120,6.68,140,6.38,160,6.13,180,6.06,200e,6.04,215e,6.04,230e,6.04
6/5/2021 21:00,1549.09,5,14.27,10,13.72,20,13.34,30,12.94,40,11.38,60,9.72,80,8.3,100,7.91,120,6.86,140,6.58,160,6.16,180,6.05,200e,6.02,215e,6.02,230e,6.02
6/5/2021 22:00,1549.1,5,14.14,10,13.67,20,13.35,30,13.01,40,12.2,60,10.19,80,8.75,100,7.38,120,6.89,140,6.45,160,6.24,180,6.13,200e,6.1,215e,6.1,230e,6.1
6/5/2021 23:00,1549.11,5,14.26,10,13.87,20,13.61,30,13.38,40,11.98,60,10.36,80,8.76,100,8.05,120,7.04,140,6.54,160,6.2,180,6.12,200e,6.1,215e,6.1,230e,6.1
6/6/2021 0:00,1549.12,5,14.22,10,14.07,20,13.84,30,13.28,40,12.61,60,10.42,80,8.9,100,8.06,120,7.07,140,6.53,160,6.25,180,6.12,200e,6.09,215e,6.09,230e,6.09
6/6/2021 1:00,1549.12,5,14.08,10,13.91,20,13.64,30,13.43,40,13.04,60,10.51,80,9.1,100,8.07,120,7.31,140,6.83,160,6.38,180,6.15,200e,6.09,215e,6.09,230e,6.09
6/6/2021 2:00,1549.12,5,14.11,10,14.08,20,13.42,30,13.24,40,12.82,60,10.75,80,9.44,100,8.17,120,7.62,140,6.9,160,6.49,180,6.2,200e,6.13,215e,6.13,230e,6.13
6/6/2021 3:00,1549.12,5,14.09,10,14.05,20,13.42,30,13.12,40,12.34,60,11.06,80,9.44,100,8.34,120,7.72,140,6.97,160,6.53,180,6.25,200e,6.18,215e,6.18,230e,6.18
6/6/2021 4:00,1549.12,5,14.01,10,14,20,13.5,30,13.16,40,12.81,60,11.51,80,10.01,100,8.45,120,7.72,140,7.28,160,6.74,180,6.4,200e,6.32,215e,6.32,230e,6.32
6/6/2021 5:00,1549.13,5,14.11,10,14.05,20,14.08,30,13.23,40,13.07,60,11.64,80,10.09,100,8.48,120,7.71,140,7.16,160,6.7,180,6.4,200e,6.33,215e,6.33,230e,6.33
6/6/2021 6:00,1549.14,5,14.1,10,14.06,20,14.07,30,13.5,40,13.26,60,11.54,80,9.92,100,8.27,120,7.57,140,6.92,160,6.7,180,6.35,200e,6.26,215e,6.26,230e,6.26
6/6/2021 7:00,1549.17,5,14.13,10,14.1,20,14.14,30,13.57,40,13.22,60,11.02,80,9.5,100,7.87,120,7.34,140,7.15,160,6.69,180,6.41,200e,6.34,215e,6.34,230e,6.34
6/6/2021 8:00,1549.21,5,14.17,10,14.12,20,14.13,30,13.95,40,13.34,60,10.61,80,9.18,100,7.87,120,7.27,140,6.95,160,6.68,180,6.44,200e,6.38,215e,6.38,230e,6.38
6/6/2021 9:00,1549.18,5,14.19,10,14.14,20,14.05,30,14,40,13,60,10.4,80,8.97,100,7.89,120,7.28,140,6.86,160,6.49,180,6.37,200e,6.34,215e,6.34,230e,6.34
6/6/2021 10:00,1549.15,5,14.24,10,14.23,20,14.25,30,14.06,40,12.99,60,10.5,80,8.86,100,7.91,120,7.38,140,6.93,160,6.61,180,6.41,200e,6.36,215e,6.36,230e,6.36
6/6/2021 11:00,1549.12,5,14.62,10,14.44,20,14.14,30,14.09,40,13.15,60,10.13,80,8.79,100,7.98,120,7.47,140,6.61,160,6.51,180,6.21,200e,6.14,215e,6.14,230e,6.14
6/6/2021 12:00,1549.09,5,14.68,10,14.32,20,14.14,30,14.13,40,13.53,60,9.8,80,8.44,100,8.03,120,7.46,140,6.77,160,6.49,180,6.23,200e,6.17,215e,6.17,230e,6.17
6/6/2021 13:00,1549.07,5,14.65,10,14.27,20,14.19,30,14.17,40,13.28,60,9.35,80,8.31,100,7.73,120,7.12,140,6.71,160,6.48,180,6.21,200e,6.14,215e,6.14,230e,6.14
6/6/2021 14:00,1549.05,5,14.65,10,14.6,20,14.22,30,14.19,40,13.24,60,9.33,80,8.19,100,7.7,120,7.01,140,6.58,160,6.29,180,6.06,200e,6,215e,6,230e,6
6/6/2021 15:00,1549.03,5,14.68,10,14.4,20,14.37,30,14.21,40,13.23,60,9.13,80,8.09,100,7.67,120,7.2,140,6.33,160,6.18,180,6.09,200e,6.07,215e,6.07,230e,6.07
6/6/2021 16:00,1549.01,5,14.7,10,14.45,20,14.41,30,14.28,40,12.66,60,9.08,80,8.08,100,7.58,120,7.15,140,6.34,160,6.19,180,6.07,200e,6.04,215e,6.04,230e,6.04
6/6/2021 17:00,1549.01,5,14.75,10,14.69,20,14.47,30,14.3,40,12.4,60,8.95,80,7.87,100,7.36,120,7,140,6.62,160,6.32,180,6.13,200e,6.08,215e,6.08,230e,6.08
6/6/2021 18:00,1549.03,5,14.72,10,14.67,20,14.47,30,14.26,40,12.71,60,8.86,80,8.07,100,7.43,120,6.76,140,6.59,160,6.35,180,6.11,200e,6.05,215e,6.05,230e,6.05
6/6/2021 19:00,1549.03,5,14.71,10,14.66,20,14.35,30,14.24,40,12.36,60,8.86,80,8.08,100,7.42,120,6.89,140,6.54,160,6.34,180,6.15,200e,6.1,215e,6.1,230e,6.1
6/6/2021 20:00,1549.05,5,14.69,10,14.64,20,14.44,30,14.25,40,10.7,60,8.91,80,8.11,100,7.32,120,6.89,140,6.43,160,6.23,180,6.11,200e,6.08,215e,6.08,230e,6.08
6/6/2021 21:00,1549.05,5,14.63,10,14.61,20,14.46,30,14.2,40,10.27,60,8.87,80,8.11,100,7.28,120,6.88,140,6.31,160,6.18,180,6.11,200e,6.09,215e,6.09,230e,6.09
6/6/2021 22:00,1549.05,5,14.61,10,14.58,20,14.27,30,13.3,40,10.31,60,8.94,80,8.37,100,7.41,120,6.85,140,6.3,160,6.18,180,6.12,200e,6.11,215e,6.11,230e,6.11
6/6/2021 23:00,1549.04,5,14.58,10,14.54,20,14.33,30,11.97,40,9.82,60,8.91,80,8.46,100,7.54,120,6.78,140,6.31,160,6.18,180,6.13,200e,6.12,215e,6.12,230e,6.12
6/7/2021 0:00,1549.04,5,14.54,10,14.48,20,14.35,30,11.91,40,10.3,60,9.14,80,8.53,100,7.56,120,6.87,140,6.31,160,6.17,180,6.1,200e,6.08,215e,6.08,230e,6.08
6/7/2021 1:00,1549.05,5,14.48,10,14.41,20,14.38,30,11.26,40,10.55,60,9.24,80,8.52,100,7.59,120,6.97,140,6.4,160,6.21,180,6.15,200e,6.14,215e,6.14,230e,6.14
6/7/2021 2:00,1549.05,5,14.46,10,14.41,20,14.33,30,11.95,40,10.72,60,9.63,80,8.72,100,7.84,120,7.26,140,6.88,160,6.34,180,6.16,200e,6.12,215e,6.12,230e,6.12
6/7/2021 3:00,1549.05,5,14.45,10,14.39,20,14.28,30,13.37,40,11.4,60,10.1,80,9.15,100,8.48,120,7.59,140,7.18,160,6.5,180,6.21,200e,6.14,215e,6.14,230e,6.14
6/7/2021 4:00,1549.05,5,14.42,10,14.38,20,14.28,30,13.58,40,12.05,60,10.93,80,9.78,100,8.76,120,7.98,140,7.49,160,6.7,180,6.24,200e,6.13,215e,6.13,230e,6.13
6/7/2021 5:00,1549.05,5,14.38,10,14.35,20,14.24,30,13.38,40,12.59,60,10.9,80,9.99,100,8.7,120,8.21,140,7.58,160,6.88,180,6.51,200e,6.42,215e,6.42,230e,6.42
6/7/2021 6:00,1549.07,5,14.35,10,14.32,20,14.13,30,13.27,40,12.45,60,10.78,80,9.88,100,8.75,120,8.28,140,7.58,160,7.05,180,6.48,200e,6.34,215e,6.34,230e,6.34
6/7/2021 7:00,1549.11,5,14.33,10,14.29,20,14.3,30,13.19,40,12.6,60,11.09,80,9.34,100,8.94,120,7.71,140,7.33,160,6.89,180,6.35,200e,6.22,215e,6.22,230e,6.22
6/7/2021 8:00,1549.13,5,14.33,10,14.3,20,14.17,30,13.33,40,12.98,60,10.65,80,9.26,100,8.32,120,7.81,140,7.12,160,6.61,180,6.26,200e,6.17,215e,6.17,230e,6.17
6/7/2021 9:00,1549.11,5,14.36,10,14.32,20,14.18,30,13.49,40,13.02,60,10.65,80,9.43,100,8.33,120,7.55,140,7.03,160,6.51,180,6.22,200e,6.15,215e,6.15,230e,6.15
6/7/2021 10:00,1549.09,5,14.46,10,14.35,20,14.23,30,13.71,40,13.2,60,10.66,80,9.52,100,8.19,120,7.39,140,6.9,160,6.32,180,6.17,200e,6.13,215e,6.13,230e,6.13
6/7/2021 11:00,1549.06,5,14.66,10,14.37,20,14.36,30,13.95,40,13.13,60,10.61,80,9.33,100,8.11,120,7.38,140,6.85,160,6.32,180,6.15,200e,6.11,215e,6.11,230e,6.11
6/7/2021 12:00,1549.03,5,14.91,10,14.4,20,14.38,30,14.08,40,13.31,60,10.6,80,9.27,100,8.37,120,7.41,140,6.58,160,6.3,180,6.08,200e,6.03,215e,6.03,230e,6.03
6/7/2021 13:00,1549.01,5,15.03,10,14.42,20,14.38,30,14.1,40,13.07,60,10.46,80,9.23,100,8.09,120,7.36,140,6.45,160,6.18,180,6.12,200e,6.11,215e,6.11,230e,6.11
6/7/2021 14:00,1548.97,5,15.17,10,14.49,20,14.4,30,13.96,40,12.95,60,10.28,80,8.75,100,7.89,120,6.83,140,6.46,160,6.2,180,6.12,200e,6.1,215e,6.1,230e,6.1
6/7/2021 15:00,1548.95,5,15.25,10,14.46,20,14.41,30,13.85,40,12.47,60,9.96,80,8.32,100,7.48,120,6.8,140,6.43,160,6.2,180,6.13,200e,6.11,215e,6.11,230e,6.11
6/7/2021 16:00,1548.91,5,15.29,10,14.48,20,14.27,30,13.44,40,11.61,60,9.67,80,8.33,100,7.3,120,6.9,140,6.46,160,6.17,180,6.08,200e,6.06,215e,6.06,230e,6.06
6/7/2021 17:00,1548.92,5,15.23,10,14.41,20,14.18,30,13.39,40,11.73,60,9.39,80,8.49,100,7.21,120,6.93,140,6.41,160,6.19,180,6.14,200e,6.13,215e,6.13,230e,6.13
6/7/2021 18:00,1548.94,5,15.1,10,14.43,20,14.18,30,13.37,40,11.83,60,9.24,80,8.34,100,7.33,120,6.89,140,6.53,160,6.21,180,6.16,200e,6.15,215e,6.15,230e,6.15
6/7/2021 19:00,1548.95,5,14.56,10,14.35,20,14.13,30,13.13,40,11.72,60,9.13,80,8.14,100,7.4,120,6.71,140,6.47,160,6.24,180,6.17,200e,6.15,215e,6.15,230e,6.15
6/7/2021 20:00,1548.95,5,14.44,10,14.3,20,14.11,30,13.12,40,10.94,60,9.24,80,8.11,100,7.31,120,6.88,140,6.6,160,6.24,180,6.15,200e,6.13,215e,6.13,230e,6.13
6/7/2021 21:00,1548.96,5,14.4,10,14.27,20,14.1,30,13.19,40,10.47,60,8.98,80,8.15,100,7.54,120,6.94,140,6.57,160,6.25,180,6.11,200e,6.08,215e,6.08,230e,6.08
6/7/2021 22:00,1548.96,5,14.38,10,14.31,20,14.19,30,12.98,40,10.39,60,9.03,80,8.13,100,7.46,120,6.95,140,6.52,160,6.24,180,6.12,200e,6.09,215e,6.09,230e,6.09
6/7/2021 23:00,1548.96,5,14.36,10,14.31,20,14.1,30,12.8,40,10.28,60,9.23,80,7.95,100,7.53,120,6.89,140,6.48,160,6.15,180,6.1,200e,6.09,215e,6.09,230e,6.09
6/8/2021 0:00,1548.96,5,14.34,10,14.3,20,14.24,30,13.27,40,10.72,60,9.45,80,8.15,100,7.49,120,6.91,140,6.33,160,6.16,180,6.13,200e,6.12,215e,6.12,230e,6.12
6/8/2021 1:00,1548.96,5,14.32,10,14.28,20,13.71,30,13.36,40,10.81,60,9.38,80,8.26,100,7.39,120,6.99,140,6.6,160,6.16,180,6.11,200e,6.1,215e,6.1,230e,6.1
6/8/2021 2:00,1548.96,5,14.3,10,14.25,20,14.01,30,13.6,40,11.59,60,9.5,80,8.6,100,7.74,120,6.92,140,6.61,160,6.27,180,6.1,200e,6.06,215e,6.06,230e,6.06
6/8/2021 3:00,1548.95,5,14.27,10,14.24,20,14.16,30,13.98,40,12.18,60,9.76,80,8.85,100,7.9,120,7.2,140,6.65,160,6.31,180,6.11,200e,6.06,215e,6.06,230e,6.06
6/8/2021 4:00,1548.95,5,14.24,10,14.23,20,14.25,30,13.78,40,13.13,60,10.02,80,9.21,100,8.31,120,7.24,140,6.71,160,6.36,180,6.15,200e,6.1,215e,6.1,230e,6.1
6/8/2021 5:00,1548.95,5,14.22,10,14.21,20,14.26,30,14.14,40,13.14,60,10.31,80,9.37,100,8.45,120,7.56,140,7.03,160,6.52,180,6.31,200e,6.26,215e,6.26,230e,6.26
6/8/2021 6:00,1548.97,5,14.27,10,14.24,20,14.27,30,14.22,40,13.63,60,10.27,80,9.3,100,8.66,120,7.86,140,7.32,160,6.73,180,6.35,200e,6.26,215e,6.26,230e,6.26
6/8/2021 7:00,1548.99,5,14.31,10,14.27,20,14.3,30,14.26,40,13.62,60,10.64,80,9.41,100,8.6,120,7.99,140,7.53,160,6.81,180,6.38,200e,6.27,215e,6.27,230e,6.27
6/8/2021 8:00,1549.01,5,14.29,10,14.28,20,14.32,30,14.08,40,13.4,60,10.85,80,9.45,100,8.59,120,7.93,140,7.26,160,6.76,180,6.38,200e,6.29,215e,6.29,230e,6.29
6/8/2021 9:00,1548.99,5,14.35,10,14.3,20,14.26,30,14.09,40,13.17,60,11.09,80,9.46,100,8.45,120,7.83,140,7.23,160,6.49,180,6.26,200e,6.2,215e,6.2,230e,6.2
6/8/2021 10:00,1548.96,5,14.41,10,14.37,20,14.25,30,14.05,40,13.42,60,11.01,80,9.42,100,8.33,120,7.7,140,7.24,160,6.65,180,6.21,200e,6.1,215e,6.1,230e,6.1
6/8/2021 11:00,1548.93,5,14.5,10,14.33,20,14.26,30,13.87,40,13.18,60,11.05,80,9.22,100,8.28,120,7.5,140,7.01,160,6.56,180,6.24,200e,6.16,215e,6.16,230e,6.16
6/8/2021 12:00,1548.91,5,14.54,10,14.45,20,14.28,30,13.89,40,12.77,60,10.71,80,9.19,100,8.08,120,7.44,140,6.89,160,6.58,180,6.27,200e,6.19,215e,6.19,230e,6.19
6/8/2021 13:00,1548.88,5,14.79,10,14.27,20,14.28,30,13.84,40,12.46,60,10.32,80,8.89,100,7.93,120,7.56,140,7.06,160,6.73,180,6.27,200e,6.16,215e,6.16,230e,6.16
6/8/2021 14:00,1548.86,5,14.77,10,14.36,20,14.29,30,13.62,40,11.94,60,10.17,80,8.83,100,7.89,120,7.44,140,7.04,160,6.65,180,6.35,200e,6.28,215e,6.28,230e,6.28
6/8/2021 15:00,1548.81,5,14.74,10,14.42,20,14.19,30,13.08,40,11.62,60,9.67,80,8.66,100,8,120,7.29,140,6.88,160,6.62,180,6.2,200e,6.1,215e,6.1,230e,6.1
6/8/2021 16:00,1548.8,5,14.66,10,14.32,20,14.08,30,12.79,40,11.25,60,9.47,80,8.56,100,7.88,120,7.28,140,6.81,160,6.29,180,6.08,200e,6.03,215e,6.03,230e,6.03
6/8/2021 17:00,1548.81,5,14.62,10,14.35,20,13.9,30,12.78,40,10.81,60,9.28,80,8.37,100,7.55,120,6.98,140,6.72,160,6.16,180,6.1,200e,6.09,215e,6.09,230e,6.09
6/8/2021 18:00,1548.83,5,14.49,10,14.36,20,13.83,30,12.38,40,10.66,60,9.29,80,8.19,100,7.5,120,6.82,140,6.27,160,6.14,180,6.12,200e,6.12,215e,6.12,230e,6.12
6/8/2021 19:00,1548.84,5,14.45,10,14.31,20,13.83,30,12.1,40,10.8,60,9.31,80,8.17,100,7.34,120,6.78,140,6.3,160,6.13,180,6.07,200e,6.06,215e,6.06,230e,6.06
6/8/2021 20:00,1548.84,5,14.4,10,14.33,20,14.12,30,13.21,40,10.89,60,9.46,80,8.23,100,7.3,120,6.79,140,6.32,160,6.15,180,6.08,200e,6.06,215e,6.06,230e,6.06
6/8/2021 21:00,1548.83,5,14.38,10,14.33,20,14.08,30,13.46,40,11.14,60,9.43,80,8.2,100,7.2,120,6.67,140,6.35,160,6.15,180,6.11,200e,6.1,215e,6.1,230e,6.1
6/8/2021 22:00,1548.84,5,14.33,10,14.3,20,14.21,30,13.62,40,11.35,60,9.38,80,8.21,100,7.22,120,6.76,140,6.32,160,6.15,180,6.08,200e,6.06,215e,6.06,230e,6.06
6/8/2021 23:00,1548.83,5,14.32,10,14.28,20,14.26,30,13.83,40,11.46,60,9.54,80,8.24,100,7.22,120,6.86,140,6.39,160,6.17,180,6.12,200e,6.11,215e,6.11,230e,6.11
6/9/2021 0:00,1548.83,5,14.31,10,14.26,20,14.31,30,14.14,40,12.48,60,9.71,80,8.85,100,7.67,120,6.94,140,6.44,160,6.19,180,6.13,200e,6.12,215e,6.12,230e,6.12
6/9/2021 1:00,1548.83,5,14.36,10,14.33,20,14.35,30,14.22,40,13.12,60,9.87,80,8.99,100,7.83,120,7.06,140,6.54,160,6.22,180,6.16,200e,6.15,215e,6.15,230e,6.15
6/9/2021 2:00,1548.83,5,14.35,10,14.32,20,14.35,30,14.33,40,12.76,60,9.92,80,9.04,100,8.01,120,7.21,140,6.67,160,6.25,180,6.14,200e,6.11,215e,6.11,230e,6.11
6/9/2021 3:00,1548.83,5,14.34,10,14.3,20,14.34,30,14.32,40,13.22,60,10.43,80,9.28,100,8.43,120,7.55,140,6.79,160,6.44,180,6.21,200e,6.15,215e,6.15,230e,6.15
6/9/2021 4:00,1548.83,5,14.3,10,14.26,20,14.3,30,14.3,40,13.75,60,11.01,80,9.7,100,8.62,120,7.57,140,6.96,160,6.49,180,6.19,200e,6.12,215e,6.12,230e,6.12
6/9/2021 5:00,1548.84,5,14.28,10,14.24,20,14.31,30,14.29,40,14.29,60,11.64,80,9.83,100,8.95,120,7.85,140,7.05,160,6.67,180,6.3,200e,6.21,215e,6.21,230e,6.21
6/9/2021 6:00,1548.86,5,14.3,10,14.26,20,14.31,30,14.29,40,14.29,60,11.59,80,10.1,100,8.88,120,7.89,140,7.04,160,6.66,180,6.29,200e,6.2,215e,6.2,230e,6.2
6/9/2021 7:00,1548.88,5,14.28,10,14.26,20,14.3,30,14.28,40,14.28,60,11.86,80,10,100,9.05,120,7.86,140,7.01,160,6.63,180,6.25,200e,6.16,215e,6.16,230e,6.16
6/9/2021 8:00,1548.89,5,14.48,10,14.41,20,14.41,30,14.35,40,14.32,60,11.38,80,9.79,100,8.88,120,7.84,140,7.07,160,6.66,180,6.38,200e,6.31,215e,6.31,230e,6.31
6/9/2021 9:00,1548.87,5,14.55,10,14.49,20,14.38,30,14.32,40,14.3,60,11.1,80,9.73,100,8.87,120,7.88,140,7.03,160,6.56,180,6.21,200e,6.12,215e,6.12,230e,6.12
6/9/2021 10:00,1548.84,5,15.01,10,14.37,20,14.36,30,14.31,40,14.29,60,10.67,80,9.48,100,8.61,120,7.59,140,6.91,160,6.49,180,6.17,200e,6.09,215e,6.09,230e,6.09
6/9/2021 11:00,1548.82,5,15.5,10,14.48,20,14.38,30,14.31,40,14.3,60,10.6,80,9.25,100,8.4,120,7.48,140,6.89,160,6.43,180,6.17,200e,6.11,215e,6.11,230e,6.11
6/9/2021 12:00,1548.79,5,15.35,10,14.51,20,14.47,30,14.38,40,14.29,60,10.59,80,9.15,100,8.19,120,7.37,140,6.8,160,6.46,180,6.15,200e,6.07,215e,6.07,230e,6.07
6/9/2021 13:00,1548.76,5,15.66,10,14.47,20,14.45,30,14.35,40,12.74,60,9.88,80,8.8,100,7.93,120,7.32,140,6.72,160,6.43,180,6.12,200e,6.04,215e,6.04,230e,6.04
6/9/2021 14:00,1548.73,5,15.8,10,14.64,20,14.45,30,14.38,40,12.58,60,9.55,80,8.54,100,7.76,120,6.98,140,6.52,160,6.18,180,6.15,200e,6.14,215e,6.14,230e,6.14
6/9/2021 15:00,1548.7,5,15.69,10,14.66,20,14.42,30,14.35,40,11.5,60,9.44,80,8.27,100,7.5,120,6.83,140,6.41,160,6.19,180,6.14,200e,6.13,215e,6.13,230e,6.13
6/9/2021 16:00,1548.67,5,15.54,10,14.63,20,14.42,30,14.31,40,11.09,60,9.01,80,7.98,100,7.11,120,6.7,140,6.41,160,6.17,180,6.09,200e,6.07,215e,6.07,230e,6.07
6/9/2021 17:00,1548.69,5,15.33,10,14.55,20,14.41,30,12.73,40,10.64,60,8.9,80,7.56,100,7.13,120,6.63,140,6.31,160,6.19,180,6.12,200e,6.1,215e,6.1,230e,6.1
6/9/2021 18:00,1548.7,5,15.34,10,14.55,20,14.41,30,11.7,40,10.54,60,8.72,80,7.79,100,7.05,120,6.64,140,6.28,160,6.25,180,6.09,200e,6.05,215e,6.05,230e,6.05
6/9/2021 19:00,1548.7,5,14.81,10,14.5,20,14.4,30,11.52,40,10.6,60,8.95,80,7.79,100,6.91,120,6.64,140,6.3,160,6.21,180,6.09,200e,6.06,215e,6.06,230e,6.06
6/9/2021 20:00,1548.7,5,14.52,10,14.39,20,14.27,30,11.41,40,10.62,60,9.04,80,7.92,100,6.83,120,6.44,140,6.24,160,6.13,180,6.09,200e,6.08,215e,6.08,230e,6.08
6/9/2021 21:00,1548.71,5,14.48,10,14.4,20,14.34,30,11.62,40,10.83,60,9.14,80,7.91,100,6.8,120,6.39,140,6.21,160,6.13,180,6.1,200e,6.09,215e,6.09,230e,6.09
6/9/2021 22:00,1548.7,5,14.45,10,14.34,20,14.27,30,11.58,40,11.02,60,9.4,80,8.01,100,6.95,120,6.38,140,6.18,160,6.12,180,6.07,200e,6.06,215e,6.06,230e,6.06
6/9/2021 23:00,1548.7,5,14.42,10,14.34,20,13.63,30,11.59,40,10.91,60,9.64,80,8.2,100,7.19,120,6.52,140,6.23,160,6.11,180,6.06,200e,6.05,215e,6.05,230e,6.05
6/10/2021 0:00,1548.7,5,14.38,10,14.33,20,13.91,30,11.84,40,10.98,60,9.79,80,8.23,100,7.52,120,6.88,140,6.4,160,6.17,180,6.14,200e,6.13,215e,6.13,230e,6.13
6/10/2021 1:00,1548.69,5,14.34,10,14.3,20,13.84,30,11.86,40,11.31,60,10.13,80,8.66,100,7.74,120,7.12,140,6.47,160,6.22,180,6.11,200e,6.08,215e,6.08,230e,6.08
6/10/2021 2:00,1548.71,5,14.29,10,14.26,20,14.29,30,12.03,40,11.54,60,10.3,80,8.79,100,7.95,120,7.5,140,6.78,160,6.41,180,6.16,200e,6.1,215e,6.1,230e,6.1
6/10/2021 3:00,1548.7,5,14.25,10,14.24,20,14.17,30,12.62,40,11.74,60,10.61,80,8.78,100,8.08,120,7.76,140,7.1,160,6.52,180,6.24,200e,6.17,215e,6.17,230e,6.17
6/10/2021 4:00,1548.67,5,14.25,10,14.23,20,14.15,30,13.21,40,11.94,60,11.05,80,9.07,100,8.31,120,7.82,140,7.3,160,6.92,180,6.5,200e,6.4,215e,6.4,230e,6.4
6/10/2021 5:00,1548.67,5,14.23,10,14.19,20,14.2,30,12.61,40,12.04,60,11.03,80,9.27,100,8.29,120,7.83,140,7.39,160,7,180,6.57,200e,6.46,215e,6.46,230e,6.46
6/10/2021 6:00,1548.7,5,14.25,10,14.21,20,14.23,30,12.72,40,12.39,60,11.24,80,9.81,100,8.8,120,7.98,140,7.56,160,6.96,180,6.55,200e,6.45,215e,6.45,230e,6.45
6/10/2021 7:00,1548.71,5,14.26,10,14.19,20,13.93,30,12.82,40,12.35,60,11.22,80,10.22,100,9.13,120,8.07,140,7.61,160,7.06,180,6.5,200e,6.36,215e,6.36,230e,6.36
6/10/2021 8:00,1548.73,5,14.29,10,14.23,20,14.13,30,13.06,40,12.31,60,11.34,80,10.16,100,8.97,120,8.01,140,7.48,160,7.03,180,6.61,200e,6.51,215e,6.5,230e,6.5
6/10/2021 9:00,1548.7,5,14.34,10,14.16,20,14.14,30,12.81,40,12.5,60,11.38,80,10.12,100,8.87,120,7.96,140,7.3,160,6.81,180,6.35,200e,6.24,215e,6.24,230e,6.24
6/10/2021 10:00,1548.67,5,14.44,10,14.28,20,14.18,30,13.55,40,12.41,60,11.38,80,9.77,100,8.64,120,7.75,140,7.27,160,6.69,180,6.24,200e,6.13,215e,6.13,230e,6.13
6/10/2021 11:00,1548.64,5,14.68,10,14.3,20,14.31,30,13.79,40,12.52,60,11.25,80,9.73,100,8.59,120,7.58,140,7.09,160,6.6,180,6.27,200e,6.19,215e,6.19,230e,6.19
6/10/2021 12:00,1548.62,5,14.79,10,14.35,20,14.33,30,14.05,40,12.64,60,10.81,80,9.47,100,8.3,120,7.51,140,6.9,160,6.48,180,6.23,200e,6.17,215e,6.17,230e,6.17
6/10/2021 13:00,1548.58,5,15.08,10,14.37,20,14.33,30,14.09,40,12.64,60,10.49,80,8.95,100,8.06,120,7.46,140,6.67,160,6.47,180,6.19,200e,6.12,215e,6.12,230e,6.12
6/10/2021 14:00,1548.55,5,15.09,10,14.4,20,14.32,30,13.83,40,12.36,60,10.19,80,8.67,100,7.88,120,7.26,140,6.76,160,6.37,180,6.14,200e,6.08,215e,6.08,230e,6.08
6/10/2021 15:00,1548.51,5,15.16,10,14.38,20,14.25,30,13.82,40,11.74,60,9.99,80,8.43,100,7.8,120,7.35,140,6.93,160,6.34,180,6.16,200e,6.12,215e,6.12,230e,6.12
6/10/2021 16:00,1548.49,5,15.11,10,14.34,20,14.22,30,12.75,40,11.67,60,9.35,80,8.3,100,7.68,120,7.21,140,6.95,160,6.4,180,6.17,200e,6.11,215e,6.11,230e,6.11
6/10/2021 17:00,1548.5,5,15.07,10,14.38,20,14.29,30,12.4,40,11.44,60,9.16,80,8.08,100,7.51,120,7.24,140,6.86,160,6.51,180,6.19,200e,6.11,215e,6.11,230e,6.11
6/10/2021 18:00,1548.52,5,15.1,10,14.35,20,14.21,30,12.33,40,11.37,60,8.9,80,8.14,100,7.72,120,7.25,140,6.81,160,6.44,180,6.27,200e,6.23,215e,6.23,230e,6.23
6/10/2021 19:00,1548.53,5,14.69,10,14.32,20,14.1,30,12.28,40,11.38,60,8.74,80,8.16,100,7.74,120,7.2,140,6.57,160,6.3,180,6.22,200e,6.2,215e,6.2,230e,6.2
6/10/2021 20:00,1548.52,5,14.56,10,14.34,20,14.24,30,12.5,40,11.17,60,8.83,80,8.24,100,7.62,120,7.14,140,6.59,160,6.28,180,6.17,200e,6.14,215e,6.14,230e,6.14
6/10/2021 21:00,1548.51,5,14.6,10,14.48,20,14.16,30,12.67,40,11.34,60,8.88,80,8.3,100,7.67,120,7.06,140,6.58,160,6.38,180,6.23,200e,6.19,215e,6.19,230e,6.19
6/10/2021 22:00,1548.51,5,14.64,10,14.36,20,14.32,30,13.73,40,11.57,60,9.11,80,8.4,100,7.79,120,7.04,140,6.66,160,6.4,180,6.22,200e,6.18,215e,6.18,230e,6.18
6/10/2021 23:00,1548.51,5,14.49,10,14.4,20,14.34,30,13.58,40,11.64,60,9.56,80,8.58,100,8.03,120,7.09,140,6.71,160,6.33,180,6.21,200e,6.18,215e,6.18,230e,6.18
6/11/2021 0:00,1548.5,5,14.55,10,14.45,20,14.31,30,13.75,40,11.8,60,9.9,80,8.69,100,8.02,120,7.11,140,6.61,160,6.32,180,6.22,200e,6.2,215e,6.2,230e,6.2
6/11/2021 1:00,1548.5,5,14.6,10,14.52,20,14.45,30,14,40,12.57,60,10.15,80,8.95,100,8.17,120,7.12,140,6.73,160,6.34,180,6.19,200e,6.15,215e,6.15,230e,6.15
6/11/2021 2:00,1548.51,5,14.54,10,14.52,20,14.56,30,14.25,40,12.73,60,10.96,80,8.99,100,8.13,120,7.13,140,6.7,160,6.28,180,6.16,200e,6.13,215e,6.13,230e,6.13
6/11/2021 3:00,1548.52,5,14.54,10,14.51,20,14.55,30,14.48,40,12.94,60,11.31,80,9.43,100,8.19,120,7.35,140,6.83,160,6.33,180,6.15,200e,6.11,215e,6.11,230e,6.11
6/11/2021 4:00,1548.5,5,14.55,10,14.54,20,14.55,30,14.55,40,13.82,60,11.58,80,9.64,100,8.37,120,7.54,140,6.8,160,6.34,180,6.16,200e,6.12,215e,6.12,230e,6.12
6/11/2021 5:00,1548.5,5,14.52,10,14.52,20,14.56,30,14.55,40,14.3,60,11.8,80,9.97,100,8.53,120,7.63,140,6.89,160,6.3,180,6.15,200e,6.11,215e,6.11,230e,6.11
6/11/2021 6:00,1548.52,5,14.54,10,14.5,20,14.54,30,14.5,40,14.48,60,12.03,80,10.66,100,8.79,120,7.72,140,6.74,160,6.21,180,6.14,200e,6.12,215e,6.12,230e,6.12
6/11/2021 7:00,1548.55,5,14.56,10,14.51,20,14.54,30,14.52,40,14.48,60,12.07,80,9.97,100,8.71,120,7.48,140,6.73,160,6.28,180,6.14,200e,6.11,215e,6.11,230e,6.11
6/11/2021 8:00,1548.55,5,14.54,10,14.51,20,14.54,30,14.5,40,14.43,60,11.91,80,9.5,100,8.66,120,7.28,140,6.75,160,6.39,180,6.15,200e,6.09,215e,6.09,230e,6.09
6/11/2021 9:00,1548.54,5,14.57,10,14.55,20,14.58,30,14.54,40,14.47,60,11.89,80,9.38,100,8.29,120,7.69,140,6.74,160,6.42,180,6.17,200e,6.11,215e,6.11,230e,6.11
6/11/2021 10:00,1548.51,5,14.67,10,14.64,20,14.67,30,14.66,40,14.57,60,11.31,80,9.26,100,7.99,120,7.6,140,6.79,160,6.36,180,6.12,200e,6.06,215e,6.06,230e,6.06
6/11/2021 11:00,1548.48,5,14.68,10,14.64,20,14.68,30,14.58,40,14.56,60,11.16,80,9.05,100,8.05,120,7.47,140,6.86,160,6.33,180,6.11,200e,6.06,215e,6.06,230e,6.06
6/11/2021 12:00,1548.45,5,14.77,10,14.7,20,14.7,30,14.65,40,14.62,60,10.77,80,8.9,100,8.02,120,7.54,140,6.83,160,6.42,180,6.16,200e,6.1,215e,6.1,230e,6.1
6/11/2021 13:00,1548.42,5,14.8,10,14.75,20,14.75,30,14.74,40,14.65,60,10.19,80,8.71,100,7.96,120,7.29,140,6.84,160,6.48,180,6.16,200e,6.08,215e,6.08,230e,6.08
6/11/2021 14:00,1548.39,5,14.96,10,14.91,20,14.92,30,14.89,40,14.48,60,10.02,80,8.35,100,7.73,120,7.29,140,6.7,160,6.44,180,6.29,200e,6.25,215e,6.25,230e,6.25
6/11/2021 15:00,1548.36,5,15.02,10,14.98,20,15.01,30,14.99,40,12.73,60,9.91,80,8.31,100,7.7,120,7.04,140,6.55,160,6.36,180,6.28,200e,6.26,215e,6.26,230e,6.26
6/11/2021 16:00,1548.34,5,15.12,10,15.05,20,15.08,30,15.04,40,12.93,60,9.62,80,8.3,100,7.54,120,6.79,140,6.56,160,6.3,180,6.18,200e,6.15,215e,6.15,230e,6.15
6/11/2021 17:00,1548.35,5,15.16,10,15.1,20,15.12,30,15.06,40,12.79,60,9.35,80,7.98,100,7.21,120,6.88,140,6.56,160,6.37,180,6.22,200e,6.18,215e,6.18,230e,6.18
6/11/2021 18:00,1548.38,5,15.19,10,15.14,20,15.17,30,15.11,40,12.83,60,9.16,80,7.9,100,7.32,120,6.83,140,6.41,160,6.31,180,6.16,200e,6.12,215e,6.12,230e,6.12
6/11/2021 19:00,1548.37,5,15.19,10,15.14,20,15.17,30,15.09,40,12.54,60,9.19,80,7.93,100,7.09,120,6.69,140,6.45,160,6.18,180,6.17,200e,6.17,215e,6.17,230e,6.17
6/11/2021 20:00,1548.37,5,15.19,10,15.15,20,15.18,30,15.12,40,12.85,60,9.38,80,7.87,100,7.1,120,6.52,140,6.47,160,6.26,180,6.18,200e,6.16,215e,6.16,230e,6.16
6/11/2021 21:00,1548.36,5,15.17,10,15.13,20,15.18,30,15.17,40,12.09,60,9.31,80,7.81,100,7.23,120,6.64,140,6.4,160,6.23,180,6.13,200e,6.11,215e,6.11,230e,6.11
6/11/2021 22:00,1548.36,5,15.22,10,15.18,20,15.22,30,15.21,40,11.94,60,9.29,80,7.89,100,7.11,120,6.66,140,6.37,160,6.22,180,6.13,200e,6.11,215e,6.11,230e,6.11
6/11/2021 23:00,1548.35,5,15.26,10,15.23,20,15.27,30,15.25,40,12.02,60,9.33,80,8.04,100,7.14,120,6.62,140,6.39,160,6.21,180,6.13,200e,6.11,215e,6.11,230e,6.11
6/12/2021 0:00,1548.35,5,15.27,10,15.24,20,15.27,30,15.26,40,11.75,60,9.51,80,8.33,100,7.2,120,6.78,140,6.44,160,6.21,180,6.14,200e,6.12,215e,6.12,230e,6.12
6/12/2021 1:00,1548.35,5,15.35,10,15.3,20,15.3,30,15.29,40,11.8,60,9.67,80,8.44,100,7.6,120,7.08,140,6.4,160,6.2,180,6.14,200e,6.13,215e,6.13,230e,6.13
6/12/2021 2:00,1548.35,5,15.41,10,15.36,20,15.39,30,15.38,40,12.64,60,9.77,80,8.65,100,7.71,120,7.27,140,6.55,160,6.35,180,6.18,200e,6.14,215e,6.14,230e,6.14
6/12/2021 3:00,1548.34,5,15.45,10,15.38,20,15.42,30,15.41,40,12.9,60,10.08,80,9.03,100,7.91,120,7.46,140,6.93,160,6.49,180,6.32,200e,6.28,215e,6.28,230e,6.28
6/12/2021 4:00,1548.36,5,15.43,10,15.39,20,15.44,30,15.43,40,12.34,60,10.35,80,9.34,100,8.08,120,7.66,140,7.2,160,6.86,180,6.43,200e,6.32,215e,6.32,230e,6.32
6/12/2021 5:00,1548.35,5,15.45,10,15.41,20,15.46,30,15.06,40,12.2,60,10.59,80,9.16,100,8.25,120,7.73,140,7.41,160,7.1,180,6.56,200e,6.43,215e,6.43,230e,6.43
6/12/2021 6:00,1548.37,5,15.44,10,15.41,20,15.45,30,15.44,40,11.91,60,10.78,80,9.43,100,8.29,120,7.97,140,7.64,160,7.29,180,6.63,200e,6.47,215e,6.47,230e,6.47
6/12/2021 7:00,1548.39,5,15.46,10,15.42,20,15.46,30,15.44,40,12.23,60,10.49,80,9.17,100,8.48,120,7.94,140,7.66,160,7.17,180,6.6,200e,6.46,215e,6.46,230e,6.46
6/12/2021 8:00,1548.4,5,15.58,10,15.55,20,15.58,30,15.5,40,12.53,60,10.66,80,9.44,100,8.5,120,7.94,140,7.59,160,7.11,180,6.51,200e,6.36,215e,6.36,230e,6.36
6/12/2021 9:00,1548.38,5,15.85,10,15.71,20,15.5,30,15.44,40,12.23,60,10.51,80,9.73,100,8.67,120,8.05,140,7.41,160,6.81,180,6.34,200e,6.22,215e,6.22,230e,6.22
6/12/2021 10:00,1548.36,5,16.16,10,16.02,20,15.51,30,15.47,40,12.1,60,10.23,80,9.5,100,8.57,120,7.97,140,7.24,160,6.57,180,6.26,200e,6.18,215e,6.18,230e,6.18
6/12/2021 11:00,1548.32,5,16.51,10,16.31,20,15.7,30,15.52,40,12.05,60,10.1,80,9.4,100,8.4,120,7.54,140,7.13,160,6.45,180,6.17,200e,6.1,215e,6.1,230e,6.1
6/12/2021 12:00,1548.31,5,17,10,16.34,20,15.73,30,15.52,40,11.94,60,10.03,80,9.34,100,8.09,120,7.57,140,6.88,160,6.31,180,6.16,200e,6.12,215e,6.12,230e,6.12
6/12/2021 13:00,1548.28,5,17.89,10,16.22,20,15.81,30,15.42,40,11.67,60,10.02,80,9.2,100,8.14,120,7.56,140,6.69,160,6.38,180,6.15,200e,6.09,215e,6.09,230e,6.09
6/12/2021 14:00,1548.25,5,17.65,10,16.43,20,15.88,30,14.71,40,11.74,60,9.91,80,9.14,100,8.21,120,7.23,140,6.67,160,6.28,180,6.15,200e,6.12,215e,6.12,230e,6.12
6/12/2021 15:00,1547.79,5,17.63,10,16.6,20,15.77,30,14.77,40,11.67,60,9.87,80,8.85,100,8.16,120,7.25,140,6.65,160,6.27,180,6.17,200e,6.15,215e,6.15,230e,6.15
6/12/2021 16:00,1548.17,5,19.17,10,16.33,20,15.73,30,13.82,40,11.07,60,9.71,80,8.9,100,8.04,120,7.3,140,6.44,160,6.25,180,6.11,200e,6.08,215e,6.08,230e,6.08
6/12/2021 17:00,1548.18,5,17.95,10,16.16,20,15.48,30,12.05,40,11.07,60,9.61,80,8.56,100,7.72,120,7.35,140,6.49,160,6.25,180,6.11,200e,6.08,215e,6.08,230e,6.08
6/12/2021 18:00,1548.2,5,17.63,10,15.71,20,15.22,30,11.46,40,10.92,60,9.55,80,8.58,100,7.67,120,7.04,140,6.58,160,6.33,180,6.13,200e,6.08,215e,6.08,230e,6.08
6/12/2021 19:00,1548.2,5,16.49,10,15.67,20,14.08,30,11.35,40,10.67,60,9.67,80,8.59,100,7.73,120,7.03,140,6.62,160,6.32,180,6.21,200e,6.18,215e,6.18,230e,6.18
6/12/2021 20:00,1548.2,5,16.43,10,15.86,20,14.31,30,11.27,40,10.63,60,9.63,80,8.59,100,7.97,120,7.17,140,6.65,160,6.25,180,6.2,200e,6.19,215e,6.19,230e,6.19
6/12/2021 21:00,1548.2,5,16.45,10,15.66,20,13.23,30,11.03,40,10.57,60,9.76,80,8.64,100,8.02,120,7.22,140,6.55,160,6.3,180,6.19,200e,6.16,215e,6.16,230e,6.16
6/12/2021 22:00,1548.21,5,16.26,10,15.13,20,13.2,30,12.14,40,10.89,60,9.55,80,8.55,100,7.92,120,7.44,140,6.94,160,6.35,180,6.18,200e,6.14,215e,6.14,230e,6.14
6/12/2021 23:00,1548.21,5,15.92,10,15.2,20,13.55,30,11.95,40,10.8,60,9.83,80,8.64,100,7.88,120,7.4,140,6.79,160,6.37,180,6.17,200e,6.12,215e,6.12,230e,6.12
6/13/2021 0:00,1548.21,5,15.61,10,14.72,20,13.9,30,11.95,40,10.82,60,9.65,80,8.77,100,7.99,120,7.34,140,6.87,160,6.45,180,6.22,200e,6.16,215e,6.16,230e,6.16
6/13/2021 1:00,1548.21,5,16.02,10,14.57,20,13.44,30,12.12,40,11.12,60,9.6,80,8.89,100,8.05,120,7.5,140,6.91,160,6.36,180,6.17,200e,6.12,215e,6.12,230e,6.12
6/13/2021 2:00,1548.2,5,15.81,10,14.63,20,12.6,30,11.85,40,10.82,60,9.89,80,8.91,100,8.28,120,7.51,140,7.05,160,6.52,180,6.27,200e,6.21,215e,6.21,230e,6.21
6/13/2021 3:00,1548.21,5,15.59,10,14.85,20,13.37,30,11.94,40,11.4,60,10.36,80,8.91,100,8.01,120,7.52,140,7.11,160,6.59,180,6.21,200e,6.12,215e,6.12,230e,6.12
6/13/2021 4:00,1548.2,5,15.91,10,15.01,20,14.16,30,12.54,40,11.87,60,10.63,80,9.17,100,8.41,120,7.72,140,7.23,160,6.46,180,6.16,200e,6.09,215e,6.09,230e,6.09
6/13/2021 5:00,1548.2,5,15.95,10,14.94,20,14.37,30,12.72,40,11.99,60,11.21,80,9.86,100,8.47,120,7.63,140,7.05,160,6.55,180,6.27,200e,6.2,215e,6.2,230e,6.2
6/13/2021 6:00,1548.23,5,15.64,10,14.89,20,14.34,30,12.92,40,12.16,60,11.37,80,10.45,100,8.51,120,7.78,140,6.76,160,6.41,180,6.24,200e,6.2,215e,6.2,230e,6.2
6/13/2021 7:00,1548.25,5,15.96,10,14.5,20,13.68,30,13,40,12.37,60,11.66,80,10.51,100,8.58,120,7.66,140,6.74,160,6.33,180,6.18,200e,6.14,215e,6.14,230e,6.14
6/13/2021 8:00,1548.28,5,15.72,10,14.54,20,14.08,30,13.11,40,12.8,60,11.89,80,10.44,100,8.61,120,8.08,140,7.01,160,6.53,180,6.18,200e,6.09,215e,6.09,230e,6.09
6/13/2021 9:00,1548.25,5,15.87,10,15.14,20,14.46,30,13.35,40,12.75,60,11.84,80,10.27,100,8.67,120,8.04,140,6.98,160,6.55,180,6.21,200e,6.13,215e,6.13,230e,6.13
6/13/2021 10:00,1548.23,5,15.96,10,15.15,20,14.74,30,13.42,40,13.05,60,11.94,80,10.32,100,8.74,120,7.77,140,6.86,160,6.57,180,6.25,200e,6.17,215e,6.17,230e,6.17
6/13/2021 11:00,1548.19,5,16.31,10,15.05,20,14.81,30,13.46,40,13.01,60,11.95,80,10.41,100,8.51,120,7.72,140,7.23,160,6.59,180,6.21,200e,6.12,215e,6.12,230e,6.12
6/13/2021 12:00,1548.16,5,16.39,10,15.33,20,14.97,30,13.8,40,13.21,60,11.64,80,10.37,100,8.29,120,7.79,140,7.26,160,6.47,180,6.19,200e,6.12,215e,6.12,230e,6.12
6/13/2021 13:00,1548.11,5,16.81,10,15.38,20,14.34,30,13.92,40,13.4,60,11.5,80,9.38,100,8.08,120,7.68,140,7.06,160,6.38,180,6.19,200e,6.14,215e,6.14,230e,6.14
6/13/2021 14:00,1548.09,5,16.74,10,15.13,20,14.36,30,13.84,40,13.02,60,10.81,80,8.79,100,8.12,120,7.67,140,6.82,160,6.39,180,6.13,200e,6.07,215e,6.07,230e,6.07
6/13/2021 15:00,1548.07,5,16.32,10,14.66,20,14.25,30,13.66,40,11.96,60,10.04,80,8.63,100,8.14,120,7.35,140,6.57,160,6.46,180,6.11,200e,6.02,215e,6.02,230e,6.02
6/13/2021 16:00,1548.05,5,15.63,10,14.74,20,14.06,30,12.9,40,11.7,60,9.63,80,8.64,100,8.07,120,7.37,140,6.76,160,6.25,180,6.14,200e,6.11,215e,6.11,230e,6.11
6/13/2021 17:00,1548.08,5,16.08,10,14.77,20,14,30,12.56,40,11.54,60,9.34,80,8.59,100,7.88,120,7.45,140,6.78,160,6.24,180,6.13,200e,6.1,215e,6.1,230e,6.1
6/13/2021 18:00,1548.13,5,16.06,10,14.62,20,14.08,30,12.25,40,11.31,60,9.41,80,8.58,100,7.65,120,7.13,140,6.5,160,6.24,180,6.19,200e,6.18,215e,6.18,230e,6.18
6/13/2021 19:00,1548.11,5,15.21,10,14.68,20,13.88,30,12.47,40,11.11,60,9.58,80,8.63,100,7.6,120,7.04,140,6.45,160,6.31,180,6.23,200e,6.21,215e,6.21,230e,6.21
6/13/2021 20:00,1548.12,5,15.24,10,14.75,20,14.15,30,12.62,40,11.41,60,9.71,80,8.49,100,7.76,120,6.71,140,6.44,160,6.26,180,6.16,200e,6.14,215e,6.14,230e,6.14
6/13/2021 21:00,1547.7,5,15.35,10,14.81,20,14.04,30,12.75,40,11.67,60,9.54,80,8.52,100,7.1,120,6.61,140,6.32,160,6.22,180,6.12,200e,6.1,215e,6.1,230e,6.1
6/13/2021 22:00,1548.13,5,15.59,10,14.71,20,14.38,30,13.24,40,12.03,60,9.82,80,8.46,100,7.04,120,6.65,140,6.3,160,6.16,180,6.08,200e,6.06,215e,6.06,230e,6.06
6/13/2021 23:00,1548.11,5,15.57,10,14.72,20,14.7,30,13.27,40,12.23,60,9.98,80,8.36,100,6.94,120,6.57,140,6.21,160,6.14,180,6.1,200e,6.09,215e,6.09,230e,6.09
6/14/2021 0:00,1548.13,5,15.67,10,14.98,20,14.72,30,13.74,40,12.38,60,10.4,80,8.63,100,7.28,120,6.57,140,6.19,160,6.16,180,6.09,200e,6.07,215e,6.07,230e,6.07
6/14/2021 1:00,1548.12,5,15.63,10,15.17,20,14.88,30,13.84,40,12.74,60,11.01,80,9.07,100,7.47,120,6.49,140,6.28,160,6.19,180,6.14,200e,6.13,215e,6.13,230e,6.13
6/14/2021 2:00,1548.11,5,15.59,10,15.29,20,15.23,30,13.97,40,12.87,60,11.37,80,9.4,100,7.68,120,6.92,140,6.29,160,6.18,180,6.13,200e,6.12,215e,6.12,230e,6.12
6/14/2021 3:00,1548.11,5,15.46,10,15.34,20,15.25,30,14.59,40,12.96,60,11.34,80,9.55,100,8.37,120,7.02,140,6.3,160,6.19,180,6.12,200e,6.1,215e,6.1,230e,6.1
6/14/2021 4:00,1548.12,5,15.42,10,15.36,20,15.38,30,14.66,40,13.61,60,11.42,80,9.83,100,7.99,120,6.86,140,6.24,160,6.18,180,6.1,200e,6.08,215e,6.08,230e,6.08
6/14/2021 5:00,1548.11,5,15.68,10,15.54,20,15.29,30,14.33,40,14,60,11.61,80,9.53,100,7.6,120,6.48,140,6.23,160,6.18,180,6.12,200e,6.11,215e,6.11,230e,6.11
6/14/2021 6:00,1548.14,5,15.66,10,15.44,20,15.09,30,14.48,40,14.11,60,11.84,80,9.6,100,7.66,120,6.63,140,6.24,160,6.18,180,6.11,200e,6.09,215e,6.09,230e,6.09
6/14/2021 7:00,1548.18,5,15.64,10,15.55,20,15.03,30,14.43,40,13.99,60,11.47,80,9.63,100,8.2,120,6.86,140,6.32,160,6.2,180,6.14,200e,6.13,215e,6.13,230e,6.13
6/14/2021 8:00,1548.2,5,15.61,10,15.58,20,15.06,30,14.49,40,14.09,60,11.24,80,9.75,100,8.72,120,7.69,140,6.67,160,6.23,180,6.16,200e,6.14,215e,6.14,230e,6.14
6/14/2021 9:00,1548.18,5,15.65,10,15.59,20,14.89,30,14.4,40,13.7,60,10.73,80,9.57,100,8.92,120,7.84,140,6.79,160,6.28,180,6.15,200e,6.12,215e,6.12,230e,6.12
6/14/2021 10:00,1548.16,5,15.65,10,15.38,20,14.91,30,14.38,40,12.63,60,10.56,80,9.64,100,8.56,120,7.88,140,6.92,160,6.3,180,6.16,200e,6.13,215e,6.13,230e,6.13
6/14/2021 11:00,1548.14,5,15.81,10,15.495,20,14.91,30,14.205,40,12.38,60,10.36,80,9.435,100,8.35,120,7.57,140,6.83,160,6.325,180,6.18,200e,6.145,215e,6.145,230e,6.145
6/14/2021 12:00,1547.69,5,15.97,10,15.61,20,14.91,30,14.03,40,12.13,60,10.16,80,9.23,100,8.14,120,7.26,140,6.74,160,6.35,180,6.2,200e,6.16,215e,6.16,230e,6.16
6/14/2021 13:00,1548.08,5,15.96,10,15.61,20,14.52,30,13.64,40,11.66,60,10.15,80,9,100,8.04,120,7.15,140,6.73,160,6.35,180,6.2,200e,6.16,215e,6.16,230e,6.16
6/14/2021 14:00,1548.05,5,15.96,10,15.4,20,14.54,30,13.53,40,11.45,60,9.87,80,8.79,100,8.12,120,7.1,140,6.59,160,6.29,180,6.17,200e,6.14,215e,6.14,230e,6.14
6/14/2021 15:00,1548.02,5,15.94,10,15.6,20,14.52,30,13.33,40,11.36,60,9.51,80,8.66,100,8.13,120,7.09,140,6.52,160,6.32,180,6.2,200e,6.17,215e,6.17,230e,6.17
6/14/2021 16:00,1548.01,5,15.87,10,15.44,20,14.6,30,13.31,40,11.37,60,9.51,80,8.52,100,8,120,7.18,140,6.55,160,6.36,180,6.2,200e,6.16,215e,6.16,230e,6.16
6/14/2021 17:00,1548.02,5,15.84,10,15.35,20,14.55,30,13.31,40,11.35,60,9.42,80,8.52,100,7.67,120,7.13,140,6.66,160,6.37,180,6.2,200e,6.16,215e,6.16,230e,6.16
6/14/2021 18:00,1548.04,5,15.86,10,15.36,20,14.59,30,13.61,40,11.33,60,9.38,80,8.26,100,7.6,120,7.11,140,6.68,160,6.35,180,6.19,200e,6.15,215e,6.15,230e,6.15
6/14/2021 19:00,1548.05,5,15.83,10,15.37,20,14.67,30,13.54,40,11.32,60,9.2,80,8.29,100,7.58,120,7.16,140,6.7,160,6.43,180,6.21,200e,6.16,215e,6.16,230e,6.16
6/14/2021 20:00,1548.05,5,15.79,10,15.37,20,14.75,30,13.7,40,11.48,60,9.39,80,8.26,100,7.63,120,7.08,140,6.84,160,6.41,180,6.23,200e,6.19,215e,6.19,230e,6.19
6/14/2021 21:00,1548.05,5,15.76,10,15.35,20,14.73,30,13.87,40,11.89,60,9.42,80,8.17,100,7.65,120,7.38,140,6.82,160,6.5,180,6.26,200e,6.2,215e,6.2,230e,6.2
6/14/2021 22:00,1548.05,5,15.71,10,15.42,20,14.75,30,13.73,40,12.38,60,9.47,80,8.38,100,7.79,120,7.38,140,6.94,160,6.58,180,6.31,200e,6.24,215e,6.24,230e,6.24
6/14/2021 23:00,1548.05,5,15.62,10,15.44,20,14.75,30,13.79,40,12.71,60,9.56,80,8.63,100,7.96,120,7.43,140,7.07,160,6.64,180,6.35,200e,6.28,215e,6.28,230e,6.28
6/15/2021 0:00,1548.05,5,15.52,10,15.49,20,14.88,30,14.01,40,12.5,60,9.85,80,8.71,100,8.1,120,7.55,140,7.2,160,6.69,180,6.38,200e,6.3,215e,6.3,230e,6.3
6/15/2021 1:00,1548.05,5,15.47,10,15.39,20,14.86,30,13.95,40,12.52,60,10.41,80,8.79,100,8.18,120,7.64,140,7.3,160,6.82,180,6.44,200e,6.35,215e,6.35,230e,6.35
6/15/2021 2:00,1548.06,5,15.42,10,15.38,20,14.88,30,13.96,40,12.77,60,10.82,80,8.82,100,8.28,120,7.74,140,7.31,160,6.98,180,6.52,200e,6.41,215e,6.41,230e,6.41
6/15/2021 3:00,1548.06,5,15.39,10,15.34,20,14.74,30,13.97,40,12.8,60,11.26,80,9.09,100,8.33,120,7.91,140,7.39,160,7.08,180,6.55,200e,6.42,215e,6.42,230e,6.42
6/15/2021 4:00,1548.07,5,15.35,10,15.29,20,14.74,30,14,40,12.71,60,11.13,80,9.24,100,8.46,120,8,140,7.42,160,7.12,180,6.63,200e,6.51,215e,6.5,230e,6.5
6/15/2021 5:00,1548.07,5,15.32,10,15.3,20,14.67,30,13.99,40,12.72,60,10.97,80,9.29,100,8.54,120,8,140,7.5,160,6.9,180,6.66,200e,6.6,215e,6.55,230e,6.5
6/15/2021 6:00,1548.09,5,15.33,10,15.29,20,14.44,30,13.78,40,12.77,60,10.92,80,9.27,100,8.62,120,7.98,140,7.45,160,6.92,180,6.54,200e,6.45,215e,6.45,230e,6.45
6/15/2021 7:00,1547.67,5,15.31,10,15.28,20,14.38,30,13.51,40,12.56,60,10.69,80,9.19,100,8.44,120,7.83,140,7.4,160,6.88,180,6.45,200e,6.34,215e,6.34,230e,6.34
6/15/2021 8:00,1548.13,5,15.34,10,15.18,20,14.31,30,13.42,40,12.25,60,10.5,80,8.89,100,8.28,120,7.7,140,7.28,160,6.84,180,6.5,200e,6.42,215e,6.42,230e,6.42
6/15/2021 9:00,1548.11,5,15.35,10,15.07,20,14.25,30,12.99,40,11.9,60,10.19,80,8.91,100,8.11,120,7.48,140,7.12,160,6.72,180,6.41,200e,6.33,215e,6.33,230e,6.33
6/15/2021 10:00,1548.08,5,15.32,10,15.22,20,14.21,30,12.82,40,11.7,60,10.06,80,8.87,100,7.94,120,7.24,140,6.97,160,6.55,180,6.3,200e,6.24,215e,6.24,230e,6.24
6/15/2021 11:00,1548.06,5,15.3,10,15.19,20,13.91,30,12.68,40,11.65,60,9.88,80,8.76,100,7.95,120,7.19,140,6.88,160,6.42,180,6.24,200e,6.2,215e,6.2,230e,6.2
6/15/2021 12:00,1548.03,5,15.32,10,15.03,20,14,30,12.82,40,11.66,60,9.89,80,8.85,100,7.9,120,7.27,140,6.73,160,6.38,180,6.21,200e,6.17,215e,6.17,230e,6.17
6/15/2021 13:00,1547.97,5,15.39,10,14.8,20,14.11,30,13.07,40,11.88,60,10.08,80,8.96,100,8.02,120,7.26,140,6.78,160,6.38,180,6.21,200e,6.17,215e,6.17,230e,6.17
6/15/2021 14:00,1547.95,5,15.38,10,14.63,20,13.93,30,13.1,40,11.86,60,9.78,80,8.87,100,7.93,120,7.26,140,6.73,160,6.28,180,6.18,200e,6.16,215e,6.16,230e,6.16
6/15/2021 15:00,1547.95,5,15.26,10,14.75,20,13.89,30,12.9,40,11.7,60,9.74,80,8.82,100,7.97,120,7.24,140,6.65,160,6.3,180,6.17,200e,6.14,215e,6.14,230e,6.14
6/15/2021 16:00,1547.92,5,15.15,10,14.48,20,13.74,30,13.09,40,11.76,60,9.71,80,8.65,100,7.75,120,7.13,140,6.73,160,6.33,180,6.17,200e,6.13,215e,6.13,230e,6.13
6/15/2021 17:00,1547.94,5,15.17,10,14.3,20,13.78,30,12.98,40,11.73,60,9.58,80,8.7,100,7.74,120,7.05,140,6.65,160,6.33,180,6.17,200e,6.13,215e,6.13,230e,6.13
6/15/2021 18:00,1547.95,5,15.17,10,14.36,20,13.78,30,13.24,40,11.58,60,9.54,80,8.68,100,7.76,120,7.16,140,6.63,160,6.39,180,6.2,200e,6.15,215e,6.15,230e,6.15
6/15/2021 19:00,1547.96,5,15.51,10,14.37,20,13.83,30,13.21,40,11.8,60,9.6,80,8.74,100,7.85,120,7.22,140,6.67,160,6.38,180,6.21,200e,6.17,215e,6.17,230e,6.17
6/15/2021 20:00,1547.96,5,15.33,10,14.4,20,13.92,30,13.39,40,12.15,60,9.91,80,8.95,100,8.18,120,7.39,140,6.86,160,6.39,180,6.22,200e,6.18,215e,6.18,230e,6.18
6/15/2021 21:00,1547.96,5,15.2,10,14.6,20,13.95,30,13.53,40,12.68,60,10.41,80,9.17,100,8.37,120,7.47,140,7,160,6.57,180,6.28,200e,6.21,215e,6.21,230e,6.21
6/15/2021 22:00,1547.96,5,15.15,10,14.55,20,14.18,30,13.54,40,12.82,60,10.74,80,9.13,100,8.53,120,7.67,140,7.02,160,6.58,180,6.25,200e,6.17,215e,6.17,230e,6.17
6/15/2021 23:00,1547.96,5,15.11,10,14.67,20,14.21,30,13.64,40,13.1,60,11.04,80,9.32,100,8.42,120,7.63,140,6.96,160,6.59,180,6.31,200e,6.24,215e,6.24,230e,6.24
6/16/2021 0:00,1547.95,5,15.03,10,14.89,20,14.36,30,14.05,40,13.45,60,11.37,80,9.4,100,8.52,120,7.75,140,7.15,160,6.57,180,6.29,200e,6.22,215e,6.22,230e,6.22
6/16/2021 1:00,1547.95,5,15.1,10,14.92,20,14.52,30,14.13,40,13.51,60,11.39,80,9.41,100,8.51,120,7.65,140,7.13,160,6.61,180,6.27,200e,6.19,215e,6.19,230e,6.19
6/16/2021 2:00,1547.95,5,15.15,10,14.98,20,14.72,30,13.96,40,13.48,60,11.57,80,9.38,100,8.49,120,7.66,140,7.12,160,6.5,180,6.26,200e,6.2,215e,6.2,230e,6.2
6/16/2021 3:00,1547.95,5,15.12,10,15.08,20,14.89,30,14.14,40,13.69,60,11.4,80,9.32,100,8.52,120,7.63,140,7.11,160,6.5,180,6.27,200e,6.21,215e,6.21,230e,6.21
6/16/2021 4:00,1547.95,5,15.1,10,15.11,20,15.13,30,14.51,40,13.87,60,11.52,80,9.34,100,8.44,120,7.68,140,7.15,160,6.57,180,6.28,200e,6.21,215e,6.21,230e,6.21
6/16/2021 5:00,1547.95,5,15.12,10,15.1,20,15.12,30,14.95,40,14.01,60,11.64,80,9.51,100,8.4,120,7.69,140,7.19,160,6.7,180,6.28,200e,6.18,215e,6.18,230e,6.18
6/16/2021 6:00,1547.96,5,15.16,10,15.15,20,15.16,30,15.11,40,14.14,60,11.71,80,9.43,100,8.45,120,7.71,140,7.15,160,6.69,180,6.27,200e,6.17,215e,6.17,230e,6.17
6/16/2021 7:00,1547.98,5,15.22,10,15.19,20,15.21,30,15.19,40,14.27,60,11.94,80,9.57,100,8.35,120,7.71,140,7.12,160,6.66,180,6.35,200e,6.27,215e,6.27,230e,6.27
6/16/2021 8:00,1548,5,15.48,10,15.26,20,15.25,30,15.22,40,14.5,60,11.54,80,9.2,100,8.27,120,7.68,140,7.03,160,6.59,180,6.33,200e,6.27,215e,6.27,230e,6.27
6/16/2021 9:00,1548.02,5,15.88,10,15.33,20,15.27,30,15.11,40,14.7,60,11.02,80,8.98,100,8.14,120,7.33,140,6.76,160,6.44,180,6.22,200e,6.17,215e,6.17,230e,6.17
6/16/2021 10:00,1548,5,16,10,15.39,20,15.31,30,15.07,40,14.65,60,10.81,80,8.96,100,8.14,120,7.22,140,6.69,160,6.33,180,6.21,200e,6.18,215e,6.18,230e,6.18
6/16/2021 11:00,1547.98,5,17.03,10,15.46,20,15.37,30,15.05,40,14.49,60,10.41,80,8.85,100,7.91,120,7.2,140,6.63,160,6.3,180,6.18,200e,6.15,215e,6.15,230e,6.15
6/16/2021 12:00,1547.94,5,17.25,10,15.52,20,15.39,30,15.11,40,14.25,60,10.28,80,8.66,100,7.83,120,7.07,140,6.49,160,6.27,180,6.16,200e,6.13,215e,6.13,230e,6.13
6/16/2021 13:00,1547.91,5,17.07,10,15.55,20,15.38,30,15.05,40,14.22,60,10.32,80,8.58,100,7.63,120,6.8,140,6.42,160,6.22,180,6.13,200e,6.11,215e,6.11,230e,6.11
6/16/2021 14:00,1547.87,5,16.68,10,15.56,20,15.29,30,15.13,40,12.19,60,9.93,80,8.53,100,7.48,120,6.7,140,6.32,160,6.24,180,6.17,200e,6.15,215e,6.15,230e,6.15
6/16/2021 15:00,1547.83,5,16.7,10,15.43,20,15.15,30,14.71,40,11.44,60,9.58,80,8.32,100,7.23,120,6.46,140,6.28,160,6.18,180,6.1,200e,6.08,215e,6.08,230e,6.08
6/16/2021 16:00,1547.8,5,16.44,10,15.48,20,15.12,30,13.68,40,11.22,60,9.54,80,8.06,100,7.09,120,6.48,140,6.27,160,6.14,180,6.1,200e,6.09,215e,6.09,230e,6.09
6/16/2021 17:00,1547.78,5,16.3,10,15.63,20,15.09,30,12.49,40,11.32,60,9.24,80,8.07,100,7.08,120,6.42,140,6.27,160,6.17,180,6.11,200e,6.1,215e,6.1,230e,6.1
6/16/2021 18:00,1547.79,5,16.23,10,15.4,20,15.07,30,12.51,40,11.24,60,9.32,80,8.11,100,7.06,120,6.37,140,6.22,160,6.15,180,6.12,200e,6.11,215e,6.11,230e,6.11
6/16/2021 19:00,1547.8,5,16.02,10,15.34,20,14.96,30,12.3,40,11.3,60,9.37,80,8.13,100,6.88,120,6.37,140,6.23,160,6.13,180,6.11,200e,6.11,215e,6.11,230e,6.11
6/16/2021 20:00,1547.79,5,16.06,10,15.6,20,14.93,30,12.39,40,11.33,60,9.45,80,8.26,100,7.03,120,6.37,140,6.21,160,6.14,180,6.11,200e,6.1,215e,6.1,230e,6.1
6/16/2021 21:00,1547.79,5,16.57,10,15.28,20,14.5,30,12.4,40,11.3,60,9.87,80,8.26,100,7.22,120,6.45,140,6.21,160,6.13,180,6.12,200e,6.12,215e,6.12,230e,6.12
6/16/2021 22:00,1547.79,5,16.04,10,15.26,20,14.5,30,12.63,40,11.35,60,9.93,80,8.45,100,7.23,120,6.64,140,6.29,160,6.17,180,6.12,200e,6.11,215e,6.11,230e,6.11
6/16/2021 23:00,1547.79,5,15.81,10,15.24,20,14.15,30,12.57,40,11.53,60,10.11,80,8.57,100,7.8,120,6.85,140,6.44,160,6.27,180,6.18,200e,6.16,215e,6.16,230e,6.16
6/17/2021 0:00,1547.79,5,15.8,10,15.33,20,14.52,30,12.8,40,11.71,60,10.19,80,8.9,100,8.12,120,7.51,140,6.69,160,6.34,180,6.17,200e,6.13,215e,6.13,230e,6.13
6/17/2021 1:00,1547.79,5,15.71,10,15.33,20,14.5,30,13.06,40,12.1,60,10.6,80,9.42,100,8.57,120,7.8,140,7.23,160,6.56,180,6.3,200e,6.24,215e,6.24,230e,6.24
6/17/2021 2:00,1547.79,5,15.62,10,15.34,20,14.94,30,13.37,40,12.2,60,10.77,80,10.08,100,9.02,120,8.01,140,7.71,160,6.9,180,6.37,200e,6.24,215e,6.24,230e,6.24
6/17/2021 3:00,1547.78,5,15.57,10,15.51,20,15.07,30,13.79,40,11.99,60,10.98,80,10.19,100,9.33,120,8.21,140,7.8,160,7.03,180,6.35,200e,6.18,215e,6.18,230e,6.18
6/17/2021 4:00,1547.78,5,15.49,10,15.4,20,14.99,30,13.89,40,12.5,60,11.31,80,10.42,100,8.9,120,8.23,140,7.81,160,6.75,180,6.39,200e,6.3,215e,6.3,230e,6.3
6/17/2021 5:00,1547.78,5,15.45,10,15.43,20,15.15,30,13.86,40,13.26,60,11.5,80,10.32,100,9.05,120,8.34,140,7.58,160,6.76,180,6.48,200e,6.41,215e,6.41,230e,6.41
6/17/2021 6:00,1547.8,5,15.6,10,15.54,20,15.53,30,14.26,40,13.18,60,11.52,80,10.46,100,9.34,120,8.46,140,7.47,160,6.63,180,6.22,200e,6.12,215e,6.12,230e,6.12
6/17/2021 7:00,1547.81,5,15.69,10,15.57,20,15.53,30,14.44,40,13.33,60,11.55,80,10.56,100,9.49,120,8.18,140,7.34,160,6.56,180,6.34,200e,6.29,215e,6.29,230e,6.29
6/17/2021 8:00,1547.83,5,15.92,10,15.65,20,15.61,30,15.04,40,13.42,60,11.43,80,10.31,100,9.27,120,8.38,140,7.62,160,6.52,180,6.26,200e,6.2,215e,6.2,230e,6.2
6/17/2021 9:00,1547.81,5,16.47,10,15.75,20,15.65,30,15.3,40,13.43,60,11.29,80,10.1,100,9.11,120,8.17,140,7.54,160,6.62,180,6.42,200e,6.37,215e,6.37,230e,6.37
6/17/2021 10:00,1547.78,5,16.56,10,15.74,20,15.66,30,15.01,40,13.65,60,11.19,80,10.04,100,8.95,120,7.8,140,7.13,160,6.61,180,6.3,200e,6.22,215e,6.22,230e,6.22
6/17/2021 11:00,1547.73,5,16.5,10,15.91,20,15.55,30,14.23,40,12.74,60,10.87,80,9.77,100,8.47,120,7.66,140,6.9,160,6.44,180,6.21,200e,6.15,215e,6.15,230e,6.15
6/17/2021 12:00,1547.7,5,16.45,10,16.19,20,15.42,30,13.88,40,11.67,60,10.37,80,9.21,100,8.26,120,7.61,140,6.97,160,6.38,180,6.21,200e,6.17,215e,6.17,230e,6.17
6/17/2021 13:00,1547.67,5,16.52,10,15.71,20,15.4,30,12.74,40,11.22,60,10.29,80,9.01,100,8.04,120,7.48,140,6.82,160,6.36,180,6.28,200e,6.26,215e,6.26,230e,6.26
6/17/2021 14:00,1547.63,5,16.32,10,15.77,20,14.6,30,11.74,40,10.94,60,10.03,80,8.75,100,7.95,120,7.31,140,6.7,160,6.38,180,6.23,200e,6.19,215e,6.19,230e,6.19
6/17/2021 15:00,1547.6,5,16.4,10,15.67,20,13.43,30,11.85,40,10.89,60,9.76,80,8.6,100,7.89,120,7.33,140,6.58,160,6.32,180,6.21,200e,6.18,215e,6.18,230e,6.18
6/17/2021 16:00,1547.58,5,16.48,10,15.29,20,13,30,11.84,40,10.89,60,9.67,80,8.57,100,7.74,120,7.14,140,6.57,160,6.28,180,6.19,200e,6.17,215e,6.17,230e,6.17
6/17/2021 17:00,1547.59,5,16.3,10,14.64,20,12.78,30,11.89,40,10.91,60,9.53,80,8.36,100,7.7,120,6.81,140,6.41,160,6.24,180,6.19,200e,6.18,215e,6.18,230e,6.18
6/17/2021 18:00,1547.61,5,16.15,10,14.49,20,13.05,30,11.8,40,10.7,60,9.19,80,8.24,100,7.52,120,6.88,140,6.39,160,6.22,180,6.18,200e,6.17,215e,6.17,230e,6.17
6/17/2021 19:00,1547.61,5,16.61,10,14.15,20,12.91,30,11.7,40,10.78,60,9,80,8.03,100,7.43,120,6.6,140,6.3,160,6.23,180,6.18,200e,6.17,215e,6.17,230e,6.17
6/17/2021 20:00,1547.61,5,16.15,10,14.57,20,13.05,30,11.87,40,10.75,60,9.08,80,7.95,100,7.2,120,6.64,140,6.37,160,6.26,180,6.18,200e,6.16,215e,6.16,230e,6.16
6/17/2021 21:00,1547.61,5,16.25,10,15.21,20,13.38,30,12.25,40,11.3,60,9.32,80,7.88,100,7.19,120,6.61,140,6.41,160,6.26,180,6.19,200e,6.17,215e,6.17,230e,6.17
6/17/2021 22:00,1547.61,5,16.28,10,15.41,20,13.57,30,13.04,40,11.66,60,9.63,80,8.04,100,7.44,120,6.66,140,6.34,160,6.26,180,6.21,200e,6.2,215e,6.2,230e,6.2
6/17/2021 23:00,1547.61,5,16.09,10,15.51,20,14.03,30,13.36,40,12.15,60,10.03,80,8.4,100,7.69,120,7.04,140,6.47,160,6.27,180,6.22,200e,6.21,215e,6.21,230e,6.21
6/18/2021 0:00,1547.61,5,16.06,10,15.72,20,14.43,30,13.34,40,12.45,60,10.7,80,8.86,100,7.78,120,7.3,140,6.77,160,6.48,180,6.26,200e,6.21,215e,6.21,230e,6.21
6/18/2021 1:00,1547.6,5,16.04,10,16.01,20,15.06,30,13.79,40,13.05,60,11.47,80,10.03,100,8.38,120,7.68,140,7.22,160,6.72,180,6.46,200e,6.4,215e,6.4,230e,6.4
6/18/2021 2:00,1547.6,5,16.13,10,16.01,20,15.39,30,14.02,40,13.7,60,11.95,80,10.44,100,8.82,120,8.24,140,7.63,160,6.99,180,6.57,200e,6.47,215e,6.47,230e,6.47
6/18/2021 3:00,1547.59,5,16.09,10,16.08,20,15.39,30,14.34,40,13.41,60,12.57,80,10.85,100,9.25,120,8.44,140,7.65,160,7.03,180,6.68,200e,6.59,215e,6.55,230e,6.5
6/18/2021 4:00,1547.59,5,16.1,10,16.09,20,15.95,30,14.72,40,13.85,60,12.24,80,10.85,100,9.26,120,8.13,140,7.35,160,6.91,180,6.69,200e,6.64,215e,6.57,230e,6.5
6/18/2021 5:00,1547.59,5,16.07,10,16.05,20,16.04,30,14.93,40,13.62,60,12.17,80,11.01,100,8.89,120,7.8,140,7.29,160,6.9,180,6.75,200e,6.71,215e,6.61,230e,6.5
6/18/2021 6:00,1547.61,5,16.1,10,16.09,20,16.05,30,14.95,40,13.78,60,12.11,80,10.65,100,8.71,120,8.27,140,7.8,160,7,180,6.5,200e,6.38,215e,6.38,230e,6.38
6/18/2021 7:00,1547.62,5,16.22,10,16.17,20,16.12,30,15.27,40,14.11,60,12.05,80,10.2,100,8.97,120,8.31,140,7.78,160,6.95,180,6.59,200e,6.5,215e,6.5,230e,6.5
6/18/2021 8:00,1547.64,5,16.57,10,16.22,20,16.12,30,15.29,40,13.61,60,11.84,80,10.33,100,9.04,120,8.23,140,7.44,160,7.15,180,6.74,200e,6.64,215e,6.57,230e,6.5
6/18/2021 9:00,1547.61,5,16.55,10,16.18,20,16.14,30,14.97,40,13.57,60,11.6,80,9.89,100,8.57,120,8.07,140,7.54,160,6.89,180,6.43,200e,6.32,215e,6.32,230e,6.32
6/18/2021 10:00,1547.57,5,16.63,10,16.24,20,16,30,14.47,40,13.14,60,10.97,80,9.44,100,8.51,120,7.8,140,7.19,160,6.71,180,6.37,200e,6.29,215e,6.29,230e,6.29
6/18/2021 11:00,1547.53,5,16.56,10,16.4,20,15.86,30,13.51,40,12.22,60,10.21,80,9.04,100,7.91,120,7.32,140,6.96,160,6.6,180,6.37,200e,6.31,215e,6.31,230e,6.31
6/18/2021 12:00,1547.49,5,16.54,10,16.37,20,14.85,30,12.82,40,11.27,60,9.72,80,8.71,100,7.67,120,7.06,140,6.66,160,6.47,180,6.23,200e,6.17,215e,6.17,230e,6.17
6/18/2021 13:00,1547.47,5,16.61,10,16.36,20,14.14,30,12.31,40,11.02,60,9.47,80,8.32,100,7.53,120,6.76,140,6.46,160,6.32,180,6.21,200e,6.18,215e,6.18,230e,6.18
6/18/2021 14:00,1547.45,5,16.64,10,15.82,20,13.67,30,12.38,40,10.99,60,9.24,80,7.96,100,7.14,120,6.69,140,6.42,160,6.32,180,6.2,200e,6.17,215e,6.17,230e,6.17
6/18/2021 15:00,1547.41,5,16.72,10,15.29,20,13.56,30,12.34,40,10.78,60,9.04,80,7.89,100,7.13,120,6.58,140,6.4,160,6.26,180,6.19,200e,6.17,215e,6.17,230e,6.17
6/18/2021 16:00,1547.39,5,16.67,10,15,20,13.24,30,12.36,40,10.67,60,9.15,80,7.75,100,6.94,120,6.56,140,6.35,160,6.22,180,6.19,200e,6.18,215e,6.18,230e,6.18
6/18/2021 17:00,1547.4,5,16.46,10,14.42,20,13.01,30,12.14,40,10.72,60,9.04,80,7.62,100,6.78,120,6.44,140,6.33,160,6.22,180,6.15,200e,6.13,215e,6.13,230e,6.13
6/18/2021 18:00,1547.43,5,16.23,10,14.15,20,13.06,30,12.18,40,10.85,60,8.94,80,7.62,100,6.7,120,6.37,140,6.28,160,6.2,180,6.14,200e,6.13,215e,6.13,230e,6.13
6/18/2021 19:00,1547.43,5,15.87,10,14.27,20,13.06,30,12.28,40,10.98,60,9.12,80,7.5,100,6.77,120,6.41,140,6.28,160,6.18,180,6.14,200e,6.13,215e,6.13,230e,6.13
6/18/2021 20:00,1547.44,5,16.19,10,14.58,20,13.25,30,12.48,40,10.91,60,9.23,80,7.7,100,6.89,120,6.47,140,6.23,160,6.18,180,6.14,200e,6.13,215e,6.13,230e,6.13
6/18/2021 21:00,1547.44,5,16.25,10,15.1,20,13.48,30,12.49,40,11.79,60,9.59,80,8.43,100,6.99,120,6.52,140,6.32,160,6.2,180,6.18,200e,6.18,215e,6.18,230e,6.18
6/18/2021 22:00,1547.44,5,16.24,10,15.24,20,13.72,30,12.87,40,11.95,60,10.06,80,8.85,100,7.56,120,6.96,140,6.45,160,6.28,180,6.19,200e,6.17,215e,6.17,230e,6.17
6/18/2021 23:00,1547.43,5,16.19,10,15.37,20,13.51,30,13.2,40,12.67,60,10.96,80,9.39,100,8.18,120,7.54,140,6.73,160,6.36,180,6.25,200e,6.22,215e,6.22,230e,6.22
6/19/2021 0:00,1547.43,5,16.28,10,15.86,20,14.1,30,13.38,40,12.79,60,11.54,80,10.39,100,9.28,120,8.16,140,7.67,160,6.79,180,6.31,200e,6.19,215e,6.19,230e,6.19
6/19/2021 1:00,1547.42,5,16.3,10,15.85,20,15.29,30,13.74,40,13.63,60,12.26,80,10.83,100,9.78,120,8.74,140,8,160,7.63,180,6.58,200e,6.32,215e,6.32,230e,6.32
6/19/2021 2:00,1547.42,5,16.43,10,16.29,20,14.81,30,14.25,40,13.58,60,12.52,80,11.42,100,10.11,120,8.86,140,7.92,160,7.52,180,6.91,200e,6.76,215e,6.63,230e,6.5
6/19/2021 3:00,1547.42,5,16.38,10,16.27,20,15.72,30,14.59,40,13.58,60,12.51,80,11.3,100,10.17,120,9,140,7.54,160,7.17,180,6.66,200e,6.53,215e,6.52,230e,6.5
6/19/2021 4:00,1547.42,5,16.36,10,16.32,20,15.86,30,14.99,40,13.74,60,12.51,80,11.36,100,9.67,120,8.21,140,7.43,160,7.14,180,6.66,200e,6.54,215e,6.52,230e,6.5
6/19/2021 5:00,1547.42,5,16.27,10,16.25,20,15.83,30,15.23,40,13.67,60,12.52,80,11.1,100,9.23,120,8.15,140,7.53,160,6.84,180,6.5,200e,6.42,215e,6.42,230e,6.42
6/19/2021 6:00,1547.42,5,16.25,10,16.24,20,15.85,30,15.26,40,14.12,60,12.21,80,10.78,100,8.83,120,8.12,140,7.51,160,6.89,180,6.46,200e,6.35,215e,6.35,230e,6.35
6/19/2021 7:00,1547.44,5,16.2,10,16.15,20,15.97,30,15.34,40,14.43,60,12.29,80,10.27,100,8.77,120,7.86,140,7.5,160,6.84,180,6.55,200e,6.48,215e,6.48,230e,6.48
6/19/2021 8:00,1547.45,5,16.43,10,16.19,20,16.16,30,15.26,40,14.29,60,11.71,80,9.52,100,8.53,120,7.81,140,7.42,160,6.8,180,6.46,200e,6.38,215e,6.38,230e,6.38
6/19/2021 9:00,1547.43,5,16.58,10,16.19,20,15.77,30,15.1,40,13.41,60,10.89,80,9.44,100,8.35,120,7.73,140,7.2,160,6.64,180,6.4,200e,6.34,215e,6.34,230e,6.34
6/19/2021 10:00,1547.4,5,16.63,10,16.26,20,15.77,30,14.82,40,12.88,60,10.7,80,9.01,100,8.08,120,7.48,140,6.91,160,6.54,180,6.43,200e,6.4,215e,6.4,230e,6.4
6/19/2021 11:00,1547.36,5,16.6,10,16.22,20,15.69,30,13.77,40,12.05,60,10.17,80,8.55,100,7.79,120,7.44,140,6.96,160,6.59,180,6.4,200e,6.35,215e,6.35,230e,6.35
6/19/2021 12:00,1547.32,5,16.69,10,16.35,20,15.15,30,13.49,40,11.41,60,9.81,80,8.49,100,7.75,120,7.18,140,6.82,160,6.6,180,6.36,200e,6.3,215e,6.3,230e,6.3
6/19/2021 13:00,1547.29,5,16.68,10,16.2,20,15.15,30,13.08,40,11.23,60,9.49,80,8.36,100,7.81,120,7.08,140,6.55,160,6.37,180,6.26,200e,6.23,215e,6.23,230e,6.23
6/19/2021 14:00,1547.26,5,16.77,10,16.21,20,14.34,30,13.06,40,11.35,60,9.28,80,8.24,100,7.51,120,6.87,140,6.54,160,6.38,180,6.24,200e,6.21,215e,6.21,230e,6.21
6/19/2021 15:00,1547.23,5,16.94,10,15.75,20,14.2,30,12.71,40,11.12,60,9.25,80,8.06,100,7.41,120,6.75,140,6.53,160,6.34,180,6.23,200e,6.2,215e,6.2,230e,6.2
6/19/2021 16:00,1547.2,5,16.87,10,15.23,20,14.34,30,12.57,40,11.18,60,9.16,80,8.05,100,7.37,120,6.72,140,6.39,160,6.26,180,6.22,200e,6.21,215e,6.21,230e,6.21
6/19/2021 17:00,1547.22,5,17.16,10,15.13,20,13.76,30,12.35,40,10.94,60,9.18,80,8.04,100,7.16,120,6.71,140,6.38,160,6.22,180,6.18,200e,6.17,215e,6.17,230e,6.17
6/19/2021 18:00,1547.25,5,17.61,10,15.07,20,13.65,30,12.56,40,11.21,60,9.03,80,7.9,100,7.01,120,6.57,140,6.4,160,6.27,180,6.2,200e,6.18,215e,6.18,230e,6.18
6/19/2021 19:00,1547.25,5,17.26,10,15.21,20,13.69,30,12.58,40,11.26,60,9.05,80,7.68,100,7.11,120,6.58,140,6.38,160,6.29,180,6.21,200e,6.19,215e,6.19,230e,6.19
6/19/2021 20:00,1547.24,5,16.52,10,14.83,20,13.71,30,12.7,40,11.47,60,9.21,80,7.94,100,7.01,120,6.56,140,6.38,160,6.29,180,6.22,200e,6.2,215e,6.2,230e,6.2
6/19/2021 21:00,1547.24,5,16.15,10,15.09,20,14.34,30,13.07,40,11.96,60,10.09,80,8.07,100,7.2,120,6.61,140,6.41,160,6.27,180,6.23,200e,6.22,215e,6.22,230e,6.22
6/19/2021 22:00,1547.24,5,16.56,10,15.9,20,14.81,30,14.21,40,12.56,60,10.76,80,8.85,100,7.63,120,6.88,140,6.54,160,6.37,180,6.28,200e,6.26,215e,6.26,230e,6.26
6/19/2021 23:00,1547.23,5,16.68,10,15.98,20,14.69,30,14.15,40,13.07,60,11.96,80,10.26,100,8.81,120,7.77,140,6.87,160,6.48,180,6.31,200e,6.27,215e,6.27,230e,6.27
6/20/2021 0:00,1547.23,5,16.65,10,16.03,20,14.93,30,14.36,40,13.57,60,12.15,80,10.66,100,8.94,120,8,140,7.75,160,6.76,180,6.39,200e,6.3,215e,6.3,230e,6.3
6/20/2021 1:00,1547.22,5,16.56,10,16.22,20,15.28,30,14.44,40,14.07,60,12.18,80,10.56,100,9.41,120,8.33,140,7.76,160,7.37,180,6.68,200e,6.51,215e,6.5,230e,6.5
6/20/2021 2:00,1547.22,5,16.56,10,16.49,20,15.6,30,14.61,40,14.04,60,12.22,80,10.97,100,9.75,120,8.22,140,7.49,160,7.13,180,6.87,200e,6.81,215e,6.65,230e,6.5
6/20/2021 3:00,1547.22,5,16.53,10,16.47,20,15.87,30,15.11,40,14.31,60,12.05,80,10.76,100,9.39,120,8.15,140,7.46,160,7.21,180,6.79,200e,6.69,215e,6.59,230e,6.5
6/20/2021 4:00,1547.21,5,16.48,10,16.46,20,15.98,30,15.5,40,14.57,60,12.19,80,10.67,100,9.06,120,8.2,140,7.6,160,7.19,180,6.71,200e,6.59,215e,6.55,230e,6.5
6/20/2021 5:00,1547.21,5,16.46,10,16.45,20,16.17,30,15.5,40,14.77,60,12.23,80,10.8,100,8.89,120,8.16,140,7.59,160,7.13,180,6.7,200e,6.59,215e,6.55,230e,6.5
6/20/2021 6:00,1547.22,5,16.36,10,16.35,20,16.38,30,15.73,40,14.88,60,12.14,80,10.03,100,8.93,120,7.96,140,7.72,160,7.33,180,6.73,200e,6.58,215e,6.54,230e,6.5
6/20/2021 7:00,1547.24,5,16.43,10,16.32,20,16.36,30,15.7,40,14.65,60,11.87,80,9.93,100,8.6,120,8.02,140,7.52,160,6.87,180,6.54,200e,6.46,215e,6.46,230e,6.46
6/20/2021 8:00,1547.26,5,16.63,10,16.44,20,16.35,30,15.74,40,14.43,60,11.34,80,9.57,100,8.48,120,7.89,140,7.46,160,6.97,180,6.62,200e,6.53,215e,6.52,230e,6.5
6/20/2021 9:00,1547.24,5,16.73,10,16.41,20,16.33,30,15.64,40,13.76,60,10.52,80,9.35,100,8.27,120,7.65,140,7.29,160,6.94,180,6.47,200e,6.35,215e,6.35,230e,6.35
6/20/2021 10:00,1547.21,5,17.17,10,16.43,20,16.39,30,15.61,40,13.05,60,10.45,80,9.22,100,7.99,120,7.59,140,7.05,160,6.58,180,6.38,200e,6.33,215e,6.33,230e,6.33
6/20/2021 11:00,1547.18,5,18.06,10,16.49,20,16.4,30,15.77,40,12.75,60,10.26,80,9.16,100,7.9,120,7.36,140,6.73,160,6.49,180,6.39,200e,6.37,215e,6.37,230e,6.37
6/20/2021 12:00,1547.14,5,18.04,10,16.62,20,16.44,30,15.68,40,12.72,60,10.15,80,8.61,100,7.79,120,7.2,140,6.71,160,6.48,180,6.36,200e,6.33,215e,6.33,230e,6.33
6/20/2021 13:00,1547.1,5,18.09,10,16.78,20,16.44,30,15.66,40,12.29,60,9.84,80,8.57,100,7.59,120,7.03,140,6.57,160,6.37,180,6.32,200e,6.31,215e,6.31,230e,6.31
6/20/2021 14:00,1547.07,5,17.75,10,16.63,20,16.43,30,15.08,40,11.54,60,9.65,80,8.33,100,7.47,120,6.84,140,6.48,160,6.37,180,6.27,200e,6.25,215e,6.25,230e,6.25
6/20/2021 15:00,1547.04,5,17.57,10,16.72,20,16.48,30,14.55,40,11.4,60,9.45,80,8.26,100,7.41,120,6.58,140,6.43,160,6.32,180,6.27,200e,6.26,215e,6.26,230e,6.26
6/20/2021 16:00,1547.01,5,17.33,10,17.2,20,16.1,30,13.63,40,11.17,60,9.64,80,8.01,100,7.13,120,6.53,140,6.41,160,6.24,180,6.23,200e,6.23,215e,6.23,230e,6.23
6/20/2021 17:00,1547.02,5,17.39,10,16.66,20,16.12,30,13.46,40,11.36,60,9.39,80,7.93,100,7.32,120,6.7,140,6.43,160,6.29,180,6.25,200e,6.24,215e,6.24,230e,6.24
6/20/2021 18:00,1547.05,5,17.35,10,17.06,20,16.1,30,13.89,40,11.64,60,9.41,80,8.15,100,7.32,120,6.67,140,6.44,160,6.3,180,6.26,200e,6.25,215e,6.25,230e,6.25
6/20/2021 19:00,1547.05,5,18.36,10,16.34,20,16.04,30,13.78,40,11.81,60,9.73,80,8.16,100,7.27,120,6.79,140,6.44,160,6.32,180,6.27,200e,6.26,215e,6.26,230e,6.26
6/20/2021 20:00,1547.04,5,17.28,10,16.36,20,15.63,30,13.88,40,11.99,60,10.25,80,8.47,100,7.48,120,6.73,140,6.5,160,6.37,180,6.28,200e,6.26,215e,6.26,230e,6.26
6/20/2021 21:00,1547.04,5,17.27,10,16.41,20,15.83,30,14.83,40,12.67,60,10.53,80,8.78,100,7.64,120,6.84,140,6.53,160,6.38,180,6.33,200e,6.32,215e,6.32,230e,6.32
6/20/2021 22:00,1547.04,5,17.28,10,16.36,20,15.97,30,14.99,40,13.4,60,11.26,80,9.36,100,7.93,120,7.14,140,6.7,160,6.43,180,6.36,200e,6.34,215e,6.34,230e,6.34
6/20/2021 23:00,1547.04,5,17.21,10,16.47,20,16.17,30,15.58,40,14.33,60,11.49,80,9.61,100,8.28,120,7.56,140,6.86,160,6.54,180,6.38,200e,6.34,215e,6.34,230e,6.34
6/21/2021 0:00,1547.04,5,17.06,10,17,20,16.4,30,15.78,40,14.43,60,12.39,80,10.5,100,8.67,120,7.92,140,7.48,160,6.75,180,6.45,200e,6.38,215e,6.38,230e,6.38
6/21/2021 1:00,1547.02,5,17.16,10,17.08,20,16.94,30,16.65,40,15.61,60,12.76,80,10.83,100,9.23,120,8.12,140,7.74,160,7.04,180,6.42,200e,6.27,215e,6.27,230e,6.27
6/21/2021 2:00,1547.01,5,17.25,10,17.12,20,17.05,30,16.92,40,15.49,60,12.8,80,10.39,100,8.77,120,8.2,140,7.63,160,6.66,180,6.4,200e,6.34,215e,6.34,230e,6.34
6/21/2021 3:00,1547.02,5,17.69,10,17.34,20,17.14,30,17.07,40,15.71,60,12.2,80,10.08,100,8.58,120,7.78,140,7.32,160,6.76,180,6.55,200e,6.5,215e,6.5,230e,6.5
6/21/2021 4:00,1547.02,5,17.77,10,17.58,20,17.25,30,16.74,40,15.53,60,11.54,80,9.64,100,8.35,120,7.69,140,7.38,160,7.09,180,6.54,200e,6.4,215e,6.4,230e,6.4
6/21/2021 5:00,1547.02,5,17.79,10,17.72,20,17.3,30,16.67,40,15.6,60,10.86,80,9.29,100,8.49,120,7.8,140,7.26,160,6.67,180,6.44,200e,6.38,215e,6.38,230e,6.38
6/21/2021 6:00,1547.04,5,17.89,10,17.81,20,17.21,30,16.87,40,14.35,60,10.19,80,9.11,100,8.42,120,7.77,140,7.51,160,7.07,180,6.49,200e,6.35,215e,6.35,230e,6.35
6/21/2021 7:00,1547.06,5,17.96,10,17.85,20,17.42,30,16.83,40,13.69,60,10.31,80,9.11,100,8.5,120,7.84,140,7.36,160,6.73,180,6.51,200e,6.46,215e,6.46,230e,6.46
6/21/2021 8:00,1547.07,5,18.11,10,17.89,20,17.49,30,16.86,40,12.94,60,10.14,80,9.08,100,8.41,120,7.82,140,7.23,160,6.79,180,6.45,200e,6.37,215e,6.37,230e,6.37
6/21/2021 9:00,1547.05,5,18.43,10,17.99,20,17.57,30,16.64,40,11.91,60,10.21,80,9,100,8.25,120,7.69,140,7.08,160,6.72,180,6.39,200e,6.31,215e,6.31,230e,6.31
6/21/2021 10:00,1547.02,5,19.14,10,18.01,20,17.61,30,16.31,40,12.02,60,10.17,80,9.04,100,8.06,120,7.47,140,6.98,160,6.57,180,6.35,200e,6.3,215e,6.3,230e,6.3
6/21/2021 11:00,1546.98,5,18.91,10,17.93,20,17.47,30,16.44,40,11.25,60,9.82,80,8.76,100,7.91,120,7.36,140,6.86,160,6.45,180,6.36,200e,6.34,215e,6.34,230e,6.34
6/21/2021 12:00,1546.94,5,18.83,10,18.06,20,17.57,30,14.07,40,10.89,60,9.74,80,8.61,100,7.67,120,7.19,140,6.61,160,6.39,180,6.33,200e,6.32,215e,6.32,230e,6.32
6/21/2021 13:00,1546.9,5,18.68,10,18.02,20,17.15,30,12.41,40,10.89,60,9.77,80,8.57,100,7.56,120,6.93,140,6.54,160,6.34,180,6.32,200e,6.32,215e,6.32,230e,6.32
6/21/2021 14:00,1546.87,5,18.58,10,18.22,20,16.99,30,12.42,40,11.15,60,9.64,80,8.52,100,7.58,120,7.03,140,6.51,160,6.36,180,6.33,200e,6.32,215e,6.32,230e,6.32
6/21/2021 15:00,1546.84,5,18.54,10,18.3,20,16.14,30,12.31,40,10.9,60,9.6,80,8.55,100,7.87,120,7.24,140,6.64,160,6.37,180,6.33,200e,6.32,215e,6.32,230e,6.32
6/21/2021 16:00,1546.82,5,18.63,10,17.62,20,15.69,30,12.51,40,11.44,60,9.9,80,8.8,100,8.02,120,7.37,140,6.72,160,6.38,180,6.34,200e,6.33,215e,6.33,230e,6.33
6/21/2021 17:00,1546.83,5,18.84,10,16.93,20,13.95,30,12.14,40,11.32,60,9.93,80,8.99,100,8.09,120,7.48,140,6.68,160,6.46,180,6.35,200e,6.32,215e,6.32,230e,6.32
6/21/2021 18:00,1546.85,5,18.26,10,16.39,20,13.83,30,12.39,40,11.22,60,10.12,80,9.11,100,8.29,120,7.48,140,6.82,160,6.44,180,6.33,200e,6.3,215e,6.3,230e,6.3
6/21/2021 19:00,1546.85,5,18,10,16.28,20,13.67,30,12.15,40,11.17,60,10.19,80,9.19,100,8.34,120,7.5,140,6.87,160,6.44,180,6.39,200e,6.38,215e,6.38,230e,6.38
6/21/2021 20:00,1546.85,5,17.84,10,16.04,20,14.06,30,12.17,40,11.45,60,10.52,80,9.25,100,8.58,120,7.6,140,7.22,160,6.64,180,6.4,200e,6.34,215e,6.34,230e,6.34
6/21/2021 21:00,1546.84,5,18.51,10,16.45,20,14.12,30,12.52,40,11.99,60,11.07,80,9.57,100,8.7,120,7.99,140,7.23,160,6.59,180,6.42,200e,6.38,215e,6.38,230e,6.38
6/21/2021 22:00,1546.84,5,18.3,10,16.98,20,14.62,30,13.04,40,12.4,60,11.28,80,10.17,100,8.91,120,8.02,140,7.41,160,6.7,180,6.42,200e,6.35,215e,6.35,230e,6.35
6/21/2021 23:00,1546.83,5,18.26,10,16.54,20,15.04,30,13.9,40,13.14,60,11.76,80,10.61,100,8.99,120,8.37,140,7.36,160,6.61,180,6.43,200e,6.39,215e,6.39,230e,6.39
6/22/2021 0:00,1546.83,5,18.04,10,16.86,20,14.88,30,14.5,40,13.32,60,11.97,80,10.72,100,9.36,120,8.1,140,7.22,160,6.6,180,6.4,200e,6.35,215e,6.35,230e,6.35
6/22/2021 1:00,1546.82,5,17.78,10,16.98,20,15.83,30,14.65,40,13.49,60,11.68,80,10.74,100,9.15,120,8.04,140,6.99,160,6.5,180,6.37,200e,6.34,215e,6.34,230e,6.34
6/22/2021 2:00,1546.82,5,17.58,10,17.07,20,15.58,30,15.2,40,13.49,60,11.67,80,10.6,100,8.77,120,7.55,140,6.83,160,6.44,180,6.32,200e,6.29,215e,6.29,230e,6.29
6/22/2021 3:00,1546.82,5,17.48,10,16.81,20,15.84,30,14.94,40,13.45,60,11.67,80,9.91,100,8.5,120,7.57,140,6.89,160,6.47,180,6.38,200e,6.36,215e,6.36,230e,6.36
6/22/2021 4:00,1546.82,5,17.39,10,17.07,20,15.95,30,14.77,40,13.69,60,11.41,80,9.8,100,8.28,120,7.46,140,6.8,160,6.47,180,6.37,200e,6.35,215e,6.35,230e,6.35
6/22/2021 5:00,1546.82,5,17.36,10,16.99,20,15.97,30,14.92,40,13.7,60,11.42,80,9.71,100,8.55,120,7.52,140,6.87,160,6.52,180,6.38,200e,6.35,215e,6.35,230e,6.35
6/22/2021 6:00,1546.83,5,17.28,10,17.16,20,15.91,30,14.77,40,13.77,60,11.45,80,10.16,100,8.45,120,7.7,140,6.88,160,6.56,180,6.4,200e,6.36,215e,6.36,230e,6.36
6/22/2021 7:00,1546.85,5,17.44,10,17.15,20,16.13,30,14.75,40,13.31,60,11.07,80,9.78,100,8.6,120,7.7,140,6.95,160,6.58,180,6.4,200e,6.36,215e,6.36,230e,6.36
6/22/2021 8:00,1546.84,5,17.42,10,17.14,20,16.07,30,14.77,40,13.1,60,10.84,80,9.56,100,8.72,120,7.73,140,7.2,160,6.68,180,6.5,200e,6.46,215e,6.46,230e,6.46
6/22/2021 9:00,1546.8,5,17.66,10,16.87,20,15.89,30,14.34,40,12.8,60,10.67,80,9.39,100,8.4,120,7.75,140,7.1,160,6.63,180,6.5,200e,6.47,215e,6.47,230e,6.47
6/22/2021 10:00,1546.76,5,17.52,10,16.98,20,15.54,30,14.23,40,12.1,60,10.46,80,9.26,100,8.27,120,7.47,140,6.87,160,6.55,180,6.39,200e,6.35,215e,6.35,230e,6.35
6/22/2021 11:00,1546.73,5,17.4,10,16.51,20,15.63,30,14.18,40,11.95,60,10.48,80,9.25,100,8.21,120,7.46,140,6.69,160,6.48,180,6.33,200e,6.29,215e,6.29,230e,6.29
6/22/2021 12:00,1546.7,5,17.23,10,16.63,20,15.78,30,13.86,40,12.18,60,10.51,80,9.16,100,8.16,120,7.42,140,6.62,160,6.38,180,6.3,200e,6.28,215e,6.28,230e,6.28
6/22/2021 13:00,1546.65,5,17.15,10,16.89,20,15.64,30,13.85,40,12.15,60,10.57,80,9.08,100,8.15,120,7.19,140,6.65,160,6.4,180,6.32,200e,6.3,215e,6.3,230e,6.3
6/22/2021 14:00,1546.63,5,17.08,10,16.66,20,15.52,30,13.21,40,12.15,60,10.34,80,8.94,100,7.85,120,7.04,140,6.56,160,6.36,180,6.31,200e,6.3,215e,6.3,230e,6.3
6/22/2021 15:00,1546.59,5,16.85,10,16.69,20,14.85,30,13.43,40,11.94,60,10.15,80,8.65,100,7.71,120,6.8,140,6.49,160,6.35,180,6.3,200e,6.29,215e,6.29,230e,6.29
6/22/2021 16:00,1546.57,5,16.77,10,15.88,20,14.6,30,13.23,40,11.59,60,10.04,80,8.45,100,7.37,120,6.69,140,6.41,160,6.34,180,6.27,200e,6.25,215e,6.25,230e,6.25
6/22/2021 17:00,1546.59,5,16.54,10,15.57,20,14.35,30,12.69,40,11.52,60,9.98,80,8.22,100,7.3,120,6.6,140,6.39,160,6.31,180,6.27,200e,6.26,215e,6.26,230e,6.26
6/22/2021 18:00,1546.62,5,16.41,10,15.35,20,14.5,30,13.08,40,11.76,60,10.05,80,8.47,100,7.26,120,6.57,140,6.39,160,6.3,180,6.27,200e,6.26,215e,6.26,230e,6.26
6/22/2021 19:00,1546.62,5,16.23,10,14.99,20,14.52,30,13.13,40,12.2,60,10.35,80,8.67,100,7.42,120,6.67,140,6.38,160,6.31,180,6.29,200e,6.29,215e,6.29,230e,6.29
6/22/2021 20:00,1546.62,5,17.54,10,15.35,20,14.63,30,13.47,40,12.42,60,11.01,80,9.31,100,8.04,120,6.82,140,6.44,160,6.35,180,6.31,200e,6.3,215e,6.3,230e,6.3
6/22/2021 21:00,1546.62,5,15.97,10,15.38,20,14.54,30,14.06,40,12.75,60,11.47,80,10.08,100,8.41,120,7.14,140,6.61,160,6.37,180,6.3,200e,6.28,215e,6.28,230e,6.28
6/22/2021 22:00,1546.61,5,16.91,10,15.59,20,14.81,30,14.28,40,13.02,60,11.94,80,10.56,100,8.87,120,7.63,140,6.69,160,6.37,180,6.31,200e,6.3,215e,6.3,230e,6.3
6/22/2021 23:00,1546.61,5,16.87,10,15.79,20,14.8,30,14.2,40,13.7,60,12.09,80,10.65,100,8.94,120,7.66,140,6.71,160,6.41,180,6.34,200e,6.32,215e,6.32,230e,6.32
6/23/2021 0:00,1546.61,5,17.01,10,15.83,20,15.23,30,14.47,40,13.93,60,12.11,80,10.7,100,9.14,120,7.65,140,6.77,160,6.53,180,6.36,200e,6.32,215e,6.32,230e,6.32
6/23/2021 1:00,1546.61,5,16.9,10,16.32,20,15.32,30,14.71,40,14.23,60,12.16,80,10.54,100,9.08,120,7.53,140,6.89,160,6.55,180,6.38,200e,6.34,215e,6.34,230e,6.34
6/23/2021 2:00,1546.61,5,16.65,10,16.44,20,15.93,30,15.17,40,14.55,60,12.34,80,10.22,100,8.47,120,7.52,140,6.82,160,6.52,180,6.38,200e,6.35,215e,6.35,230e,6.35
6/23/2021 3:00,1546.6,5,16.76,10,16.72,20,16.26,30,15.68,40,14.6,60,12.18,80,10.42,100,8.47,120,7.48,140,6.88,160,6.54,180,6.39,200e,6.35,215e,6.35,230e,6.35
6/23/2021 4:00,1546.6,5,16.98,10,16.94,20,16.47,30,15.87,40,14.57,60,12.22,80,10.1,100,8.31,120,7.37,140,6.83,160,6.55,180,6.41,200e,6.38,215e,6.38,230e,6.38
6/23/2021 5:00,1546.6,5,17.04,10,16.99,20,16.61,30,15.97,40,14.87,60,11.54,80,9.63,100,8.33,120,7.42,140,6.98,160,6.56,180,6.42,200e,6.39,215e,6.39,230e,6.39
6/23/2021 6:00,1546.63,5,17.15,10,17.06,20,16.72,30,16.01,40,14.9,60,11.58,80,9.57,100,8.3,120,7.61,140,7,160,6.74,180,6.44,200e,6.37,215e,6.37,230e,6.37
6/23/2021 7:00,1546.64,5,17.24,10,17.09,20,16.79,30,16.14,40,15.21,60,11.28,80,9.2,100,8.25,120,7.53,140,6.98,160,6.68,180,6.43,200e,6.37,215e,6.37,230e,6.37
6/23/2021 8:00,1546.63,5,17.44,10,17.1,20,16.8,30,16.26,40,15.18,60,10.89,80,9.22,100,8.22,120,7.54,140,6.87,160,6.65,180,6.43,200e,6.38,215e,6.38,230e,6.38
6/23/2021 9:00,1546.59,5,17.57,10,17.14,20,16.84,30,16.38,40,14.15,60,10.64,80,9.34,100,8.2,120,7.55,140,6.86,160,6.51,180,6.41,200e,6.39,215e,6.39,230e,6.39
6/23/2021 10:00,1546.55,5,17.58,10,17.21,20,16.56,30,15.89,40,13.09,60,10.24,80,9.33,100,8.18,120,7.38,140,6.98,160,6.6,180,6.44,200e,6.4,215e,6.4,230e,6.4
6/23/2021 11:00,1546.51,5,17.57,10,16.92,20,16.69,30,14.73,40,12.12,60,10.16,80,8.74,100,8.21,120,7.4,140,6.89,160,6.6,180,6.45,200e,6.41,215e,6.41,230e,6.41
6/23/2021 12:00,1546.48,5,17.54,10,17.21,20,16.22,30,13.8,40,11.47,60,10.13,80,8.74,100,7.79,120,7.23,140,6.87,160,6.57,180,6.43,200e,6.4,215e,6.4,230e,6.4
6/23/2021 13:00,1546.45,5,17.54,10,17.22,20,15.91,30,12.54,40,11.16,60,10.01,80,8.67,100,7.92,120,7.25,140,6.76,160,6.48,180,6.4,200e,6.38,215e,6.38,230e,6.38
6/23/2021 14:00,1546.42,5,17.46,10,17.23,20,14.3,30,12.66,40,11.32,60,9.54,80,8.68,100,7.94,120,7.07,140,6.62,160,6.43,180,6.34,200e,6.32,215e,6.32,230e,6.32
6/23/2021 15:00,1546.4,5,17.36,10,16.63,20,14.23,30,12.77,40,10.75,60,9.46,80,8.55,100,7.88,120,7.16,140,6.54,160,6.42,180,6.35,200e,6.33,215e,6.33,230e,6.33
6/23/2021 16:00,1546.38,5,17.44,10,15.55,20,14.43,30,12.04,40,10.82,60,9.32,80,8.49,100,7.71,120,6.93,140,6.69,160,6.42,180,6.33,200e,6.31,215e,6.31,230e,6.31
6/23/2021 17:00,1546.39,5,17.45,10,15.27,20,14.5,30,12.3,40,11.21,60,9.35,80,8.25,100,7.58,120,6.94,140,6.61,160,6.4,180,6.34,200e,6.33,215e,6.33,230e,6.33
6/23/2021 18:00,1546.41,5,17.44,10,15.51,20,14.1,30,12.6,40,11.44,60,9.7,80,8.3,100,7.51,120,7.01,140,6.63,160,6.41,180,6.34,200e,6.32,215e,6.32,230e,6.32
6/23/2021 19:00,1546.41,5,17.13,10,15.41,20,14.13,30,13.29,40,11.81,60,10.11,80,8.65,100,7.62,120,7.12,140,6.84,160,6.51,180,6.4,200e,6.37,215e,6.37,230e,6.37
6/23/2021 20:00,1546.4,5,16.44,10,16.06,20,14.58,30,13.87,40,12.36,60,10.89,80,9.09,100,7.96,120,7.29,140,7.11,160,6.79,180,6.5,200e,6.43,215e,6.43,230e,6.43
6/23/2021 21:00,1546.4,5,17,10,16.19,20,15.21,30,13.9,40,12.84,60,11.92,80,9.85,100,8.52,120,7.91,140,7.4,160,7.09,180,6.69,200e,6.59,215e,6.55,230e,6.5
6/23/2021 22:00,1546.4,5,17.52,10,16.12,20,15.36,30,14.42,40,13.49,60,12.15,80,10.09,100,8.66,120,7.95,140,7.5,160,7.29,180,6.81,200e,6.69,215e,6.6,230e,6.5
6/23/2021 23:00,1546.4,5,17.21,10,16.34,20,15.47,30,14.16,40,13.86,60,12.15,80,10.23,100,8.77,120,8.02,140,7.5,160,7.21,180,6.82,200e,6.72,215e,6.61,230e,6.5
6/24/2021 0:00,1546.4,5,17.25,10,16.32,20,15.97,30,14.95,40,14.08,60,12.23,80,10.62,100,8.99,120,8.07,140,7.37,160,7.02,180,6.8,200e,6.75,215e,6.62,230e,6.5
6/24/2021 1:00,1546.4,5,17.24,10,16.57,20,16.36,30,15.57,40,14.27,60,12.77,80,10.78,100,8.74,120,7.98,140,7.5,160,7.1,180,6.87,200e,6.81,215e,6.66,230e,6.5
6/24/2021 2:00,1546.4,5,17.1,10,16.84,20,16.38,30,15.83,40,14.6,60,12.98,80,11.05,100,8.75,120,8.07,140,7.62,160,7.19,180,6.85,200e,6.77,215e,6.63,230e,6.5
6/24/2021 3:00,1546.4,5,17.08,10,17.01,20,16.7,30,16.23,40,14.94,60,12.78,80,10.71,100,8.98,120,8.08,140,7.65,160,7.24,180,6.79,200e,6.68,215e,6.59,230e,6.5
6/24/2021 4:00,1546.39,5,17.11,10,17.09,20,16.97,30,16.34,40,14.88,60,12.31,80,10.54,100,8.79,120,8.05,140,7.56,160,7.21,180,6.78,200e,6.67,215e,6.59,230e,6.5
6/24/2021 5:00,1546.39,5,17.12,10,17.11,20,17.11,30,16.28,40,15.39,60,11.77,80,9.78,100,8.54,120,8.02,140,7.58,160,7.15,180,6.57,200e,6.43,215e,6.43,230e,6.43
6/24/2021 6:00,1546.41,5,17.17,10,17.14,20,17.01,30,16.41,40,15.02,60,11.39,80,9.46,100,8.45,120,8.03,140,7.56,160,6.89,180,6.46,200e,6.35,215e,6.35,230e,6.35
6/24/2021 7:00,1546.43,5,17.16,10,17.12,20,17.09,30,16.47,40,14.66,60,10.85,80,9.12,100,8.39,120,7.81,140,7.44,160,6.93,180,6.69,200e,6.63,215e,6.57,230e,6.5
6/24/2021 8:00,1546.41,5,17.35,10,17.16,20,17.08,30,16.45,40,14.26,60,10.49,80,9.08,100,8.39,120,7.75,140,7.3,160,6.84,180,6.52,200e,6.44,215e,6.44,230e,6.44
6/24/2021 9:00,1546.37,5,18.15,10,17.2,20,17.09,30,16.6,40,13.72,60,10.49,80,8.97,100,8.35,120,7.62,140,7.13,160,6.68,180,6.48,200e,6.43,215e,6.43,230e,6.43
6/24/2021 10:00,1546.33,5,17.91,10,17.23,20,17.11,30,16.55,40,12.96,60,10.16,80,9.03,100,8.12,120,7.5,140,7.01,160,6.68,180,6.43,200e,6.37,215e,6.37,230e,6.37
6/24/2021 11:00,1546.3,5,17.95,10,17.41,20,17.12,30,15.95,40,12.65,60,9.92,80,8.83,100,7.97,120,7.28,140,6.77,160,6.46,180,6.34,200e,6.31,215e,6.31,230e,6.31
6/24/2021 12:00,1546.26,5,18.04,10,17.27,20,17.08,30,15.82,40,11.46,60,9.67,80,8.65,100,7.91,120,7.05,140,6.68,160,6.36,180,6.31,200e,6.3,215e,6.3,230e,6.3
6/24/2021 13:00,1546.24,5,18.09,10,17.23,20,16.99,30,14.35,40,11.57,60,9.73,80,8.49,100,7.49,120,7,140,6.62,160,6.33,180,6.32,200e,6.32,215e,6.32,230e,6.32
6/24/2021 14:00,1546.21,5,18.1,10,17.2,20,16.89,30,13.86,40,12.08,60,9.75,80,8.38,100,7.39,120,6.85,140,6.37,160,6.35,180,6.3,200e,6.29,215e,6.29,230e,6.29
6/24/2021 15:00,1546.18,5,18.12,10,17.21,20,16.69,30,13.84,40,12.01,60,9.61,80,8.48,100,7.56,120,6.73,140,6.45,160,6.35,180,6.31,200e,6.3,215e,6.3,230e,6.3
6/24/2021 16:00,1546.16,5,18.1,10,17.23,20,16.58,30,14.37,40,11.94,60,9.98,80,8.6,100,7.49,120,6.84,140,6.47,160,6.35,180,6.3,200e,6.29,215e,6.29,230e,6.29
6/24/2021 17:00,1546.17,5,17.98,10,17.18,20,16.62,30,13.77,40,12.12,60,10.07,80,8.77,100,7.72,120,6.84,140,6.46,160,6.36,180,6.31,200e,6.3,215e,6.3,230e,6.3
6/24/2021 18:00,1546.18,5,17.87,10,17.03,20,16.38,30,14.35,40,12.51,60,10.46,80,8.96,100,7.4,120,6.7,140,6.48,160,6.36,180,6.29,200e,6.27,215e,6.27,230e,6.27
6/24/2021 19:00,1546.19,5,17.67,10,16.99,20,16.4,30,14.55,40,12.84,60,10.88,80,9.19,100,7.87,120,6.88,140,6.44,160,6.35,180,6.29,200e,6.28,215e,6.28,230e,6.28
6/24/2021 20:00,1546.18,5,17.64,10,17.08,20,16.55,30,15.31,40,13.51,60,11.23,80,9.33,100,8.57,120,7.23,140,6.71,160,6.42,180,6.37,200e,6.36,215e,6.36,230e,6.36
6/24/2021 21:00,1546.18,5,17.68,10,16.8,20,16.6,30,15.74,40,13.89,60,11.52,80,9.87,100,8.53,120,7.69,140,7.03,160,6.59,180,6.38,200e,6.33,215e,6.33,230e,6.33
6/24/2021 22:00,1546.18,5,17.68,10,16.96,20,16.78,30,15.78,40,14.09,60,11.53,80,9.92,100,8.58,120,7.75,140,7.25,160,6.5,180,6.36,200e,6.33,215e,6.33,230e,6.33
6/24/2021 23:00,1546.18,5,18.03,10,17.32,20,16.79,30,16.2,40,14.68,60,12.18,80,10.26,100,8.66,120,8.12,140,6.99,160,6.55,180,6.41,200e,6.38,215e,6.38,230e,6.38
6/25/2021 0:00,1546.18,5,17.85,10,17.31,20,16.91,30,16.29,40,15.23,60,12.18,80,10,100,8.85,120,8.05,140,7.05,160,6.8,180,6.47,200e,6.39,215e,6.39,230e,6.39
6/25/2021 1:00,1546.18,5,17.8,10,17.75,20,16.93,30,16.48,40,15.57,60,12.2,80,10.22,100,9.01,120,8.1,140,7.26,160,6.91,180,6.53,200e,6.44,215e,6.44,230e,6.44
6/25/2021 2:00,1546.18,5,17.87,10,17.79,20,16.98,30,16.72,40,15.7,60,12.14,80,10.28,100,9,120,8.16,140,7.53,160,7.01,180,6.61,200e,6.51,215e,6.51,230e,6.5
6/25/2021 3:00,1546.17,5,17.87,10,17.83,20,17.21,30,16.79,40,15.57,60,11.88,80,10.3,100,9.02,120,8.27,140,7.58,160,6.84,180,6.56,200e,6.49,215e,6.49,230e,6.49
6/25/2021 4:00,1546.15,5,17.89,10,17.87,20,17.54,30,16.79,40,15.35,60,11.57,80,9.75,100,8.93,120,8.46,140,7.59,160,6.8,180,6.56,200e,6.5,215e,6.5,230e,6.5
6/25/2021 5:00,1546.17,5,17.89,10,17.86,20,17.8,30,16.84,40,15.32,60,11.33,80,9.5,100,8.82,120,8.16,140,7.49,160,7,180,6.68,200e,6.6,215e,6.55,230e,6.5
6/25/2021 6:00,1546.19,5,17.96,10,17.92,20,17.87,30,16.86,40,14.72,60,10.89,80,9.48,100,8.75,120,8.11,140,7.25,160,6.84,180,6.57,200e,6.5,215e,6.5,230e,6.5
6/25/2021 7:00,1546.19,5,18.03,10,17.97,20,17.9,30,16.99,40,13.81,60,10.32,80,9.4,100,8.65,120,7.81,140,7.14,160,6.76,180,6.5,200e,6.44,215e,6.44,230e,6.44
6/25/2021 8:00,1546.18,5,18.35,10,18.04,20,17.94,30,17.11,40,13.36,60,10.36,80,9.21,100,8.41,120,7.76,140,7.07,160,6.72,180,6.42,200e,6.35,215e,6.35,230e,6.35
6/25/2021 9:00,1546.15,5,18.84,10,18.13,20,17.93,30,16.86,40,13.38,60,10.53,80,9.09,100,8.4,120,7.37,140,6.89,160,6.6,180,6.45,200e,6.41,215e,6.41,230e,6.41
6/25/2021 10:00,1546.12,5,19.5,10,18.16,20,17.98,30,16.93,40,12.78,60,10.43,80,9.04,100,8.12,120,7.15,140,6.77,160,6.52,180,6.36,200e,6.32,215e,6.32,230e,6.32
6/25/2021 11:00,1546.08,5,19.22,10,18.18,20,17.77,30,16.81,40,12.36,60,10.43,80,8.84,100,7.89,120,7.04,140,6.59,160,6.38,180,6.31,200e,6.29,215e,6.29,230e,6.29
6/25/2021 12:00,1546.04,5,19.3,10,18.31,20,17.85,30,16.65,40,12.35,60,10.08,80,8.64,100,7.51,120,6.98,140,6.56,160,6.36,180,6.32,200e,6.31,215e,6.31,230e,6.31
6/25/2021 13:00,1546,5,19.22,10,18.27,20,17.91,30,16.05,40,12.41,60,9.95,80,8.53,100,7.36,120,6.74,140,6.49,160,6.37,180,6.32,200e,6.31,215e,6.31,230e,6.31
6/25/2021 14:00,1545.97,5,19.04,10,18.18,20,17.87,30,15.12,40,12.43,60,10.06,80,8.48,100,7.38,120,6.69,140,6.48,160,6.33,180,6.31,200e,6.31,215e,6.31,230e,6.31
6/25/2021 15:00,1545.94,5,19.19,10,18.14,20,17.64,30,14.56,40,12.36,60,10.4,80,8.4,100,7.32,120,6.8,140,6.5,160,6.36,180,6.31,200e,6.3,215e,6.3,230e,6.3
6/25/2021 16:00,1545.92,5,19.21,10,18.07,20,17.43,30,14.02,40,12.35,60,10.39,80,8.5,100,7.53,120,6.78,140,6.49,160,6.37,180,6.33,200e,6.32,215e,6.32,230e,6.32
6/25/2021 17:00,1545.93,5,18.92,10,17.91,20,16.95,30,13.75,40,12.31,60,10.32,80,9.04,100,7.76,120,6.81,140,6.49,160,6.39,180,6.33,200e,6.32,215e,6.32,230e,6.32
6/25/2021 18:00,1545.95,5,18.69,10,17.84,20,16.41,30,14.1,40,12.41,60,10.42,80,9.01,100,7.69,120,6.84,140,6.53,160,6.39,180,6.34,200e,6.33,215e,6.33,230e,6.33
6/25/2021 19:00,1545.95,5,19.03,10,17.44,20,16.1,30,14.28,40,12.51,60,10.73,80,9.1,100,7.96,120,7.06,140,6.7,160,6.41,180,6.37,200e,6.36,215e,6.36,230e,6.36
6/25/2021 20:00,1545.94,5,19.21,10,17.62,20,16.27,30,14.34,40,12.93,60,10.97,80,9.56,100,8.41,120,7.44,140,7.02,160,6.58,180,6.4,200e,6.36,215e,6.36,230e,6.36
6/25/2021 21:00,1545.94,5,18.81,10,17.28,20,16.75,30,14.98,40,13.29,60,11.44,80,9.93,100,8.66,120,7.78,140,7.4,160,6.84,180,6.47,200e,6.38,215e,6.38,230e,6.38
6/25/2021 22:00,1545.94,5,18.83,10,17.49,20,16.89,30,15.22,40,13.48,60,11.35,80,10.15,100,8.97,120,8.03,140,7.48,160,6.88,180,6.44,200e,6.33,215e,6.33,230e,6.33
6/25/2021 23:00,1545.94,5,18.94,10,17.62,20,17,30,15.92,40,13.46,60,11.37,80,10.3,100,8.98,120,8.28,140,7.57,160,6.97,180,6.57,200e,6.47,215e,6.47,230e,6.47
6/26/2021 0:00,1545.94,5,18.55,10,17.8,20,16.97,30,16.12,40,13.92,60,11.48,80,10.05,100,9.08,120,8.27,140,7.53,160,7.03,180,6.59,200e,6.48,215e,6.48,230e,6.48
6/26/2021 1:00,1545.94,5,18.61,10,17.91,20,17.14,30,16.18,40,14.25,60,11.52,80,10.18,100,9.05,120,8.19,140,7.27,160,6.86,180,6.54,200e,6.46,215e,6.46,230e,6.46
6/26/2021 2:00,1545.94,5,18.67,10,17.89,20,17.32,30,16.67,40,14.64,60,11.44,80,10.32,100,9.13,120,8.19,140,7.45,160,6.91,180,6.49,200e,6.39,215e,6.39,230e,6.39
6/26/2021 3:00,1545.93,5,18.71,10,18.4,20,17.4,30,16.78,40,15.52,60,11.58,80,10.4,100,9.03,120,8.19,140,7.44,160,6.93,180,6.57,200e,6.48,215e,6.48,230e,6.48
6/26/2021 4:00,1545.93,5,18.67,10,18.6,20,17.6,30,17.01,40,15.72,60,11.55,80,10.5,100,9.12,120,7.92,140,7.55,160,6.91,180,6.52,200e,6.42,215e,6.42,230e,6.42
6/26/2021 5:00,1545.91,5,18.69,10,18.62,20,18.01,30,17.1,40,15.9,60,11.51,80,10.03,100,9.07,120,8.11,140,7.53,160,6.84,180,6.46,200e,6.37,215e,6.37,230e,6.37
6/26/2021 6:00,1545.93,5,18.68,10,18.6,20,18.49,30,17.24,40,15.9,60,11.33,80,9.96,100,9.16,120,7.91,140,7.2,160,6.76,180,6.45,200e,6.37,215e,6.37,230e,6.37
6/26/2021 7:00,1545.94,5,18.78,10,18.69,20,18.6,30,17.44,40,15.39,60,11.18,80,9.82,100,8.85,120,7.88,140,7.35,160,6.76,180,6.4,200e,6.31,215e,6.31,230e,6.31
6/26/2021 8:00,1545.92,5,19.1,10,18.78,20,18.61,30,17.48,40,15.15,60,10.87,80,9.71,100,8.54,120,7.75,140,7.17,160,6.8,180,6.45,200e,6.36,215e,6.36,230e,6.36
6/26/2021 9:00,1545.89,5,19.49,10,18.71,20,18.64,30,17.46,40,13.93,60,10.82,80,9.63,100,8.37,120,7.53,140,7.04,160,6.64,180,6.45,200e,6.4,215e,6.4,230e,6.4
6/26/2021 10:00,1545.86,5,19.92,10,19.06,20,18.69,30,17.45,40,14.03,60,10.73,80,9.35,100,8.09,120,7.27,140,6.74,160,6.51,180,6.38,200e,6.35,215e,6.35,230e,6.35
6/26/2021 11:00,1545.83,5,20.79,10,19.15,20,18.63,30,17.4,40,13.43,60,10.48,80,9.18,100,7.83,120,7.11,140,6.64,160,6.44,180,6.35,200e,6.33,215e,6.33,230e,6.33
6/26/2021 12:00,1545.79,5,21.63,10,19.34,20,18.9,30,17.63,40,12.18,60,10.25,80,8.95,100,7.57,120,6.88,140,6.56,160,6.41,180,6.37,200e,6.36,215e,6.36,230e,6.36
6/26/2021 13:00,1545.77,5,21.88,10,19.59,20,18.89,30,17.65,40,12.43,60,10.53,80,8.94,100,7.47,120,6.82,140,6.54,160,6.42,180,6.32,200e,6.3,215e,6.3,230e,6.3
6/26/2021 14:00,1545.73,5,21.7,10,20.09,20,18.74,30,17.14,40,12.77,60,10.44,80,8.72,100,7.55,120,6.8,140,6.47,160,6.37,180,6.32,200e,6.31,215e,6.31,230e,6.31
6/26/2021 15:00,1545.69,5,21.46,10,19.7,20,18.92,30,16.35,40,12.71,60,10.26,80,8.48,100,7.3,120,6.73,140,6.47,160,6.37,180,6.34,200e,6.33,215e,6.33,230e,6.33
6/26/2021 16:00,1545.67,5,21.76,10,19.61,20,18.93,30,14.37,40,12.51,60,10.27,80,8.55,100,7.42,120,6.73,140,6.46,160,6.38,180,6.34,200e,6.33,215e,6.33,230e,6.33
6/26/2021 17:00,1545.68,5,21.59,10,19.51,20,18.72,30,14.31,40,12.6,60,10.48,80,8.63,100,7.31,120,6.73,140,6.44,160,6.36,180,6.33,200e,6.32,215e,6.32,230e,6.32
6/26/2021 18:00,1545.69,5,21.23,10,19.48,20,18.66,30,15.09,40,13.33,60,10.69,80,8.82,100,7.66,120,6.77,140,6.46,160,6.35,180,6.33,200e,6.33,215e,6.33,230e,6.33
6/26/2021 19:00,1545.69,5,21.12,10,19.62,20,18.69,30,15.62,40,13.29,60,11.22,80,9.16,100,7.84,120,6.91,140,6.53,160,6.38,180,6.34,200e,6.33,215e,6.33,230e,6.33
6/26/2021 20:00,1545.69,5,20.82,10,19.36,20,18.91,30,16.43,40,13.32,60,11.54,80,9.57,100,8.14,120,7.07,140,6.57,160,6.43,180,6.35,200e,6.33,215e,6.33,230e,6.33
6/26/2021 21:00,1545.69,5,20.72,10,19.51,20,18.86,30,16.69,40,14.23,60,11.87,80,9.67,100,8.02,120,7.44,140,6.84,160,6.54,180,6.39,200e,6.35,215e,6.35,230e,6.35
6/26/2021 22:00,1545.69,5,21.21,10,19.52,20,19.13,30,16.71,40,14.19,60,11.59,80,9.65,100,8.38,120,7.7,140,7.19,160,6.59,180,6.4,200e,6.35,215e,6.35,230e,6.35
6/26/2021 23:00,1545.69,5,21.11,10,19.68,20,19.24,30,16.7,40,13.96,60,11.43,80,9.87,100,8.59,120,7.88,140,7.29,160,6.62,180,6.45,200e,6.41,215e,6.41,230e,6.41
6/27/2021 0:00,1545.69,5,20.81,10,19.85,20,19.17,30,17.13,40,14.33,60,11.36,80,9.59,100,8.74,120,7.92,140,7.25,160,6.7,180,6.51,200e,6.46,215e,6.46,230e,6.46
6/27/2021 1:00,1545.68,5,20.83,10,20.7,20,19.42,30,17.02,40,14.12,60,11.41,80,9.7,100,8.66,120,7.84,140,7.23,160,6.83,180,6.61,200e,6.56,215e,6.53,230e,6.5
6/27/2021 2:00,1545.68,5,20.95,10,20.69,20,19.39,30,17.41,40,14.09,60,11.26,80,9.65,100,8.58,120,7.7,140,7.1,160,6.81,180,6.6,200e,6.55,215e,6.52,230e,6.5
6/27/2021 3:00,1545.68,5,20.97,10,20.79,20,19.26,30,17.15,40,13.84,60,10.62,80,9.17,100,8.35,120,7.73,140,6.97,160,6.69,180,6.54,200e,6.5,215e,6.5,230e,6.5
6/27/2021 4:00,1545.68,5,20.83,10,20.75,20,19.55,30,16.33,40,13.14,60,10.85,80,9.21,100,8.36,120,7.59,140,7.09,160,6.67,180,6.44,200e,6.38,215e,6.38,230e,6.38
6/27/2021 5:00,1545.67,5,20.91,10,20.85,20,19.77,30,16.41,40,12.78,60,10.56,80,9.19,100,8.54,120,7.76,140,7.13,160,6.65,180,6.44,200e,6.39,215e,6.39,230e,6.39
6/27/2021 6:00,1545.69,5,21.04,10,20.95,20,20.73,30,16.81,40,12.78,60,10.67,80,9.29,100,8.59,120,7.6,140,7.15,160,6.71,180,6.46,200e,6.4,215e,6.4,230e,6.4
6/27/2021 7:00,1545.7,5,21.22,10,21.08,20,20.8,30,16.8,40,13.08,60,10.76,80,9.34,100,8.62,120,7.77,140,7.15,160,6.82,180,6.47,200e,6.38,215e,6.38,230e,6.38
6/27/2021 8:00,1545.68,5,21.47,10,21.21,20,20.85,30,16.53,40,12.64,60,10.9,80,9.54,100,8.52,120,7.76,140,7.15,160,6.96,180,6.59,200e,6.5,215e,6.5,230e,6.5
6/27/2021 9:00,1545.64,5,21.65,10,21.36,20,20.99,30,16.62,40,12.6,60,11.02,80,9.61,100,8.76,120,7.86,140,7.4,160,6.93,180,6.59,200e,6.51,215e,6.5,230e,6.5
6/27/2021 10:00,1545.61,5,21.9,10,21.55,20,20.95,30,16.34,40,12.85,60,10.88,80,9.81,100,8.76,120,7.96,140,7.13,160,6.69,180,6.46,200e,6.4,215e,6.4,230e,6.4
6/27/2021 11:00,1545.58,5,21.94,10,21.52,20,21.04,30,14.71,40,13.08,60,10.89,80,9.7,100,8.8,120,7.95,140,6.98,160,6.65,180,6.5,200e,6.46,215e,6.46,230e,6.46
6/27/2021 12:00,1545.55,5,21.98,10,21.77,20,21.04,30,15.13,40,12.85,60,10.97,80,9.72,100,8.83,120,8.1,140,7.09,160,6.67,180,6.49,200e,6.45,215e,6.45,230e,6.45
6/27/2021 13:00,1545.52,5,22.13,10,21.97,20,21.36,30,14.9,40,12.9,60,11.06,80,9.84,100,8.82,120,8.03,140,6.97,160,6.65,180,6.45,200e,6.4,215e,6.4,230e,6.4
6/27/2021 14:00,1545.48,5,22.3,10,22.13,20,21.59,30,15.02,40,13,60,11.44,80,9.82,100,8.61,120,8.03,140,7.15,160,6.79,180,6.6,200e,6.55,215e,6.53,230e,6.5
6/27/2021 15:00,1545.46,5,22.52,10,22.29,20,21.68,30,15.34,40,13.21,60,11.48,80,9.61,100,8.5,120,7.64,140,7.04,160,6.7,180,6.45,200e,6.39,215e,6.39,230e,6.39
6/27/2021 16:00,1545.43,5,22.76,10,22.67,20,21.54,30,15.42,40,13.6,60,11.44,80,9.65,100,8.47,120,7.54,140,6.89,160,6.54,180,6.41,200e,6.38,215e,6.38,230e,6.38
6/27/2021 17:00,1545.44,5,22.61,10,22.61,20,22.49,30,15.96,40,14.14,60,11.79,80,9.81,100,8.4,120,7.55,140,6.89,160,6.52,180,6.4,200e,6.37,215e,6.37,230e,6.37
6/27/2021 18:00,1545.46,5,23,10,22.74,20,22.47,30,16.54,40,14.3,60,11.68,80,9.41,100,8.18,120,7.41,140,6.88,160,6.49,180,6.37,200e,6.34,215e,6.34,230e,6.34
6/27/2021 19:00,1545.47,5,23.01,10,22.43,20,22.24,30,16.96,40,14.12,60,11.58,80,9.35,100,8.28,120,7.21,140,6.81,160,6.51,180,6.39,200e,6.36,215e,6.36,230e,6.36
6/27/2021 20:00,1545.44,5,22.82,10,22.62,20,22.28,30,16.86,40,14.19,60,11.78,80,9.57,100,8.22,120,7.59,140,7.03,160,6.67,180,6.47,200e,6.42,215e,6.42,230e,6.42
6/27/2021 21:00,1545.46,5,22.75,10,22.66,20,22.47,30,16.3,40,14.01,60,11.69,80,9.35,100,7.95,120,7.41,140,6.98,160,6.65,180,6.46,200e,6.41,215e,6.41,230e,6.41
6/27/2021 22:00,1545.44,5,22.78,10,22.68,20,22.34,30,16.07,40,13.56,60,11.26,80,9.01,100,8.06,120,7.37,140,6.95,160,6.65,180,6.46,200e,6.41,215e,6.41,230e,6.41
6/27/2021 23:00,1545.41,5,22.77,10,22.73,20,22.4,30,16.16,40,13.47,60,10.78,80,9,100,8.16,120,7.34,140,6.87,160,6.57,180,6.44,200e,6.41,215e,6.41,230e,6.41
6/28/2021 0:00,1545.44,5,22.77,10,22.73,20,22.66,30,16.02,40,13.4,60,11.04,80,8.93,100,8.08,120,7.49,140,6.89,160,6.61,180,6.44,200e,6.4,215e,6.4,230e,6.4
6/28/2021 1:00,1545.45,5,22.71,10,22.68,20,22.67,30,15.81,40,13.29,60,11.14,80,9.04,100,8.34,120,7.54,140,6.97,160,6.57,180,6.43,200e,6.4,215e,6.4,230e,6.4
6/28/2021 2:00,1545.44,5,22.65,10,22.62,20,22.64,30,16.32,40,13.35,60,10.77,80,9.12,100,8.15,120,7.51,140,6.89,160,6.6,180,6.44,200e,6.4,215e,6.4,230e,6.4
6/28/2021 3:00,1545.45,5,22.57,10,22.57,20,22.6,30,15.76,40,12.95,60,10.5,80,8.96,100,8.06,120,7.47,140,6.88,160,6.51,180,6.39,200e,6.36,215e,6.36,230e,6.36
6/28/2021 4:00,1545.44,5,22.57,10,22.54,20,22.58,30,15.36,40,12.93,60,10.24,80,8.79,100,8.13,120,7.4,140,6.83,160,6.51,180,6.39,200e,6.36,215e,6.36,230e,6.36
6/28/2021 5:00,1545.43,5,22.55,10,22.54,20,22.57,30,15.91,40,13.25,60,10.55,80,8.74,100,7.87,120,7.34,140,6.69,160,6.47,180,6.37,200e,6.35,215e,6.35,230e,6.35
6/28/2021 6:00,1545.45,5,22.51,10,22.51,20,22.55,30,15.99,40,13.73,60,10.4,80,8.91,100,7.85,120,7.19,140,6.66,160,6.47,180,6.37,200e,6.35,215e,6.35,230e,6.35
6/28/2021 7:00,1545.47,5,22.53,10,22.5,20,22.53,30,16.52,40,13.71,60,10.5,80,8.84,100,7.93,120,7.13,140,6.7,160,6.52,180,6.39,200e,6.36,215e,6.36,230e,6.36
6/28/2021 8:00,1545.42,5,22.62,10,22.55,20,22.48,30,16.54,40,13.71,60,10.66,80,8.89,100,7.93,120,7.1,140,6.66,160,6.47,180,6.38,200e,6.36,215e,6.36,230e,6.36
6/28/2021 9:00,1545.39,5,22.73,10,22.49,20,22.46,30,15.96,40,13.4,60,10.57,80,8.94,100,7.99,120,7.1,140,6.58,160,6.42,180,6.36,200e,6.35,215e,6.35,230e,6.35
6/28/2021 10:00,1545.36,5,23.08,10,22.59,20,22.46,30,15.58,40,13.6,60,10.98,80,8.94,100,8.06,120,7.37,140,6.72,160,6.49,180,6.37,200e,6.34,215e,6.34,230e,6.34
6/28/2021 11:00,1545.32,5,23.04,10,22.93,20,22.48,30,15.75,40,13.43,60,11.27,80,9.54,100,8.41,120,7.64,140,7.06,160,6.54,180,6.39,200e,6.35,215e,6.35,230e,6.35
6/28/2021 12:00,1545.29,5,23.12,10,22.99,20,22.71,30,15.49,40,13.39,60,11.72,80,10.26,100,8.98,120,8.04,140,7.34,160,6.67,180,6.43,200e,6.37,215e,6.37,230e,6.37
6/28/2021 13:00,1545.25,5,23.29,10,23.1,20,22.83,30,15.46,40,13.8,60,12.19,80,10.42,100,9.37,120,8.16,140,7.41,160,6.83,180,6.43,200e,6.33,215e,6.33,230e,6.33
6/28/2021 14:00,1545.21,5,23.48,10,23.38,20,22.68,30,15.16,40,13.85,60,12.01,80,10.65,100,9.38,120,8.29,140,7.34,160,6.7,180,6.47,200e,6.41,215e,6.41,230e,6.41
6/28/2021 15:00,1545.18,5,23.61,10,23.53,20,22.91,30,14.88,40,13.77,60,11.86,80,10.53,100,9.44,120,8.35,140,7.45,160,6.84,180,6.58,200e,6.52,215e,6.51,230e,6.5
6/28/2021 16:00,1545.16,5,23.56,10,23.51,20,23.02,30,15.18,40,14.13,60,12.15,80,10.72,100,9.27,120,8.17,140,7.23,160,6.7,180,6.49,200e,6.44,215e,6.44,230e,6.44
6/28/2021 17:00,1545.16,5,23.7,10,23.52,20,22.86,30,15.51,40,14.17,60,12.04,80,10.61,100,8.92,120,8.07,140,7.01,160,6.71,180,6.56,200e,6.52,215e,6.51,230e,6.5
6/28/2021 18:00,1545.15,5,23.67,10,23.59,20,17.13,30,15.26,40,13.59,60,11.54,80,10.18,100,8.62,120,7.78,140,7.07,160,6.59,180,6.4,200e,6.35,215e,6.35,230e,6.35
6/28/2021 19:00,1545.13,5,23.66,10,23.59,20,16.08,30,14.63,40,13.17,60,10.99,80,9.74,100,8.33,120,7.7,140,6.95,160,6.66,180,6.4,200e,6.34,215e,6.34,230e,6.34
6/28/2021 20:00,1545.13,5,23.44,10,21.38,20,15.92,30,14.27,40,12.7,60,10.9,80,9.22,100,8.18,120,7.58,140,6.83,160,6.52,180,6.37,200e,6.33,215e,6.33,230e,6.33
6/28/2021 21:00,1545.14,5,23.25,10,16.83,20,15.56,30,14.05,40,12.6,60,10.73,80,8.98,100,8.11,120,7.45,140,6.99,160,6.54,180,6.37,200e,6.33,215e,6.33,230e,6.33
6/28/2021 22:00,1545.15,5,23.14,10,16.85,20,15.6,30,14.01,40,12.53,60,10.33,80,8.86,100,8.03,120,7.47,140,6.81,160,6.5,180,6.36,200e,6.33,215e,6.33,230e,6.33
6/28/2021 23:00,1545.15,5,23.11,10,16.76,20,15.45,30,13.72,40,12.05,60,9.69,80,8.56,100,7.82,120,7.15,140,6.64,160,6.47,180,6.37,200e,6.35,215e,6.35,230e,6.35
6/29/2021 0:00,1545.15,5,22.83,10,16.52,20,15.65,30,13.19,40,11.56,60,9.44,80,8.34,100,7.59,120,7.05,140,6.65,160,6.44,180,6.37,200e,6.35,215e,6.35,230e,6.35
6/29/2021 1:00,1545.13,5,22.55,10,16.48,20,15.45,30,13.07,40,11.39,60,9.32,80,8.43,100,7.52,120,7,140,6.58,160,6.43,180,6.36,200e,6.34,215e,6.34,230e,6.34
6/29/2021 2:00,1545.16,5,22.18,10,16.47,20,15.86,30,14.39,40,12.09,60,9.71,80,8.53,100,7.78,120,7.05,140,6.65,160,6.42,180,6.35,200e,6.33,215e,6.33,230e,6.33
6/29/2021 3:00,1545.16,5,22.06,10,17.03,20,16.26,30,15.3,40,13.49,60,10.8,80,9.01,100,8.14,120,7.48,140,6.85,160,6.6,180,6.38,200e,6.33,215e,6.33,230e,6.33
6/29/2021 4:00,1545.14,5,22.36,10,21.32,20,16.61,30,15.81,40,14.19,60,11.52,80,9.78,100,8.51,120,7.88,140,7.15,160,6.66,180,6.47,200e,6.42,215e,6.42,230e,6.42
6/29/2021 5:00,1545.14,5,22.38,10,21.36,20,17.15,30,16.25,40,15.55,60,12.31,80,10.67,100,8.71,120,8.2,140,7.44,160,6.85,180,6.45,200e,6.35,215e,6.35,230e,6.35
6/29/2021 6:00,1545.15,5,22.19,10,22.07,20,17.64,30,16.82,40,16.18,60,13.44,80,11.43,100,9.73,120,8.68,140,7.88,160,7.18,180,6.66,200e,6.53,215e,6.52,230e,6.5
6/29/2021 7:00,1545.16,5,22.01,10,20.21,20,17.75,30,16.82,40,16.5,60,13.9,80,11.53,100,9.82,120,8.61,140,7.65,160,6.85,180,6.52,200e,6.44,215e,6.44,230e,6.44
6/29/2021 8:00,1545.14,5,22.07,10,19.46,20,17.97,30,16.76,40,15.97,60,13.85,80,11.33,100,9.32,120,8.55,140,7.63,160,6.91,180,6.6,200e,6.52,215e,6.51,230e,6.5
6/29/2021 9:00,1545.07,5,21.93,10,19.37,20,17.69,30,16.88,40,16.27,60,13.46,80,10.83,100,9.09,120,8.23,140,7.54,160,6.87,180,6.49,200e,6.4,215e,6.4,230e,6.4
6/29/2021 10:00,1545.02,5,21.5,10,19.45,20,17.71,30,16.68,40,15.82,60,12.88,80,10.01,100,8.79,120,8.15,140,7.6,160,6.83,180,6.46,200e,6.37,215e,6.37,230e,6.37
6/29/2021 11:00,1545.01,5,21.11,10,18.54,20,17.13,30,16.52,40,15.19,60,11.8,80,10.19,100,8.7,120,7.87,140,7.23,160,6.63,180,6.41,200e,6.36,215e,6.36,230e,6.36
6/29/2021 12:00,1544.97,5,19.6,10,19,20,16.97,30,15.35,40,13.07,60,11.25,80,9.45,100,8.46,120,7.79,140,7.16,160,6.67,180,6.4,200e,6.33,215e,6.33,230e,6.33
6/29/2021 13:00,1544.94,5,18.57,10,18.21,20,16.04,30,13.33,40,12.36,60,10.49,80,9.03,100,8.19,120,7.72,140,7.1,160,6.55,180,6.38,200e,6.34,215e,6.34,230e,6.34
6/29/2021 14:00,1544.91,5,18.15,10,17.58,20,15.16,30,12.64,40,11.74,60,9.95,80,8.85,100,8.18,120,7.41,140,6.71,160,6.51,180,6.38,200e,6.35,215e,6.35,230e,6.35
6/29/2021 15:00,1544.83,5,18.19,10,16.22,20,14.31,30,12.26,40,11.37,60,9.95,80,8.67,100,7.9,120,7.22,140,6.57,160,6.41,180,6.36,200e,6.35,215e,6.35,230e,6.35
6/29/2021 16:00,1544.81,5,18.4,10,15.65,20,13.88,30,12.09,40,11.03,60,9.44,80,8.41,100,7.67,120,6.9,140,6.55,160,6.41,180,6.36,200e,6.35,215e,6.35,230e,6.35
6/29/2021 17:00,1544.83,5,21.18,10,15.53,20,13.97,30,12.07,40,11.08,60,9.05,80,8.17,100,7.42,120,6.75,140,6.52,160,6.36,180,6.33,200e,6.32,215e,6.32,230e,6.32
6/29/2021 18:00,1544.85,5,18.92,10,15.58,20,13.75,30,12.37,40,11.31,60,9.14,80,8.09,100,7.32,120,6.74,140,6.46,160,6.37,180,6.33,200e,6.32,215e,6.32,230e,6.32
6/29/2021 19:00,1544.84,5,17.34,10,16.24,20,14.45,30,12.64,40,11.54,60,9.2,80,8.05,100,7.29,120,6.77,140,6.48,160,6.42,180,6.35,200e,6.33,215e,6.33,230e,6.33
6/29/2021 20:00,1544.84,5,17.74,10,16.62,20,14.59,30,13.87,40,12.36,60,10.12,80,8.5,100,7.67,120,6.95,140,6.63,160,6.47,180,6.35,200e,6.32,215e,6.32,230e,6.32
6/29/2021 21:00,1544.82,5,18.02,10,16.61,20,16.29,30,14.17,40,13.69,60,11.9,80,10.09,100,8.57,120,7.69,140,6.98,160,6.64,180,6.43,200e,6.38,215e,6.38,230e,6.38
6/29/2021 22:00,1544.82,5,18.05,10,18.04,20,17.13,30,16.83,40,15.09,60,13.26,80,11.48,100,9.57,120,8.44,140,7.76,160,6.8,180,6.48,200e,6.4,215e,6.4,230e,6.4
6/29/2021 23:00,1544.82,5,18.28,10,17.86,20,17.39,30,16.19,40,15.44,60,14.02,80,12.39,100,9.19,120,8.36,140,7.79,160,7.21,180,6.58,200e,6.42,215e,6.42,230e,6.42
6/30/2021 0:00,1544.82,5,18.38,10,18.01,20,17.35,30,16.51,40,15.89,60,14.14,80,10.63,100,8.67,120,7.75,140,7.1,160,6.58,180,6.46,200e,6.43,215e,6.43,230e,6.43
6/30/2021 1:00,1544.82,5,18.76,10,18.08,20,17.33,30,17.04,40,16.17,60,13.67,80,9.86,100,8.86,120,8.19,140,7.47,160,7.05,180,6.64,200e,6.54,215e,6.52,230e,6.5
6/30/2021 2:00,1544.82,5,18.76,10,18.51,20,17.54,30,16.84,40,16.04,60,11.89,80,9.89,100,8.9,120,8.17,140,7.34,160,6.71,180,6.55,200e,6.51,215e,6.51,230e,6.5
6/30/2021 3:00,1544.81,5,18.54,10,18.25,20,17.6,30,16.72,40,15.95,60,11.78,80,10.34,100,8.85,120,8.07,140,7.5,160,6.73,180,6.54,200e,6.49,215e,6.49,230e,6.49
6/30/2021 4:00,1544.81,5,18.55,10,18.43,20,17.56,30,16.63,40,14.54,60,11.55,80,10.43,100,8.78,120,8.04,140,7.55,160,7.26,180,6.84,200e,6.74,215e,6.62,230e,6.5
6/30/2021 5:00,1544.8,5,18.62,10,18.23,20,17.62,30,16.09,40,14.08,60,11.13,80,9.71,100,8.73,120,8.15,140,7.71,160,7.02,180,6.53,200e,6.41,215e,6.41,230e,6.41
6/30/2021 6:00,1544.81,5,18.49,10,18.41,20,17.2,30,15.83,40,13.57,60,10.54,80,9.34,100,8.69,120,8.06,140,7.6,160,6.97,180,6.53,200e,6.42,215e,6.42,230e,6.42
6/30/2021 7:00,1544.83,5,18.35,10,18.27,20,16.84,30,14.57,40,12.3,60,10.18,80,9.2,100,8.51,120,7.61,140,7.18,160,6.76,180,6.5,200e,6.44,215e,6.44,230e,6.44
6/30/2021 8:00,1544.79,5,18.27,10,18.13,20,16.35,30,13.8,40,11.78,60,10.1,80,9.02,100,8.45,120,7.73,140,7.07,160,6.52,180,6.44,200e,6.42,215e,6.42,230e,6.42
6/30/2021 9:00,1544.76,5,18.13,10,18.02,20,16.15,30,13.71,40,11.75,60,9.72,80,9.04,100,8.22,120,7.58,140,6.9,160,6.7,180,6.47,200e,6.41,215e,6.41,230e,6.41
6/30/2021 10:00,1544.71,5,18.05,10,17.9,20,16.06,30,13.45,40,12.06,60,10.21,80,9.25,100,8.28,120,7.48,140,6.94,160,6.62,180,6.48,200e,6.45,215e,6.45,230e,6.45
6/30/2021 11:00,1544.68,5,17.96,10,17.86,20,15.24,30,13.6,40,12.16,60,10.39,80,9.11,100,8.36,120,7.6,140,6.86,160,6.62,180,6.49,200e,6.46,215e,6.46,230e,6.46
6/30/2021 12:00,1544.63,5,17.73,10,17.58,20,15.15,30,13.75,40,12.1,60,10,80,9.14,100,8.22,120,7.38,140,6.77,160,6.51,180,6.41,200e,6.39,215e,6.39,230e,6.39
6/30/2021 13:00,1544.6,5,17.9,10,17.26,20,14.89,30,13.16,40,11.92,60,9.92,80,8.98,100,8.09,120,7.21,140,6.71,160,6.46,180,6.39,200e,6.37,215e,6.37,230e,6.37
6/30/2021 14:00,1544.56,5,17.46,10,16.91,20,14.55,30,13.27,40,12.15,60,10.08,80,8.8,100,7.86,120,6.98,140,6.59,160,6.45,180,6.38,200e,6.36,215e,6.36,230e,6.36
6/30/2021 15:00,1544.53,5,16.82,10,16.52,20,14.2,30,13.47,40,12,60,10.36,80,9.03,100,8.04,120,7.05,140,6.68,160,6.53,180,6.39,200e,6.36,215e,6.36,230e,6.36
6/30/2021 16:00,1544.5,5,16.33,10,16.21,20,14.33,30,13.62,40,12.51,60,10.71,80,9.32,100,8.48,120,7.25,140,6.67,160,6.48,180,6.44,200e,6.43,215e,6.43,230e,6.43
6/30/2021 17:00,1544.51,5,16.45,10,16,20,14.6,30,13.62,40,12.95,60,10.93,80,9.34,100,8.59,120,7.59,140,6.82,160,6.58,180,6.43,200e,6.39,215e,6.39,230e,6.39
6/30/2021 18:00,1544.53,5,16.36,10,15.95,20,14.62,30,14.13,40,13.48,60,11.2,80,9.61,100,8.58,120,7.85,140,6.88,160,6.62,180,6.48,200e,6.45,215e,6.45,230e,6.45
6/30/2021 19:00,1544.52,5,16.45,10,16.2,20,14.97,30,14.01,40,13.2,60,11.43,80,10.14,100,8.67,120,8.02,140,7.15,160,6.71,180,6.51,200e,6.46,215e,6.46,230e,6.46
6/30/2021 20:00,1544.52,5,16.6,10,16.41,20,15.62,30,14.15,40,13.74,60,11.74,80,10.06,100,8.92,120,8.05,140,7.32,160,6.72,180,6.55,200e,6.51,215e,6.5,230e,6.5
6/30/2021 21:00,1544.51,5,16.88,10,16.26,20,15.84,30,14.61,40,13.66,60,11.88,80,10.63,100,9,120,8.03,140,7.26,160,6.75,180,6.59,200e,6.55,215e,6.53,230e,6.5
6/30/2021 22:00,1544.51,5,17.01,10,16.48,20,15.85,30,14.81,40,13.81,60,12.4,80,10.7,100,9.11,120,8,140,7.28,160,6.86,180,6.62,200e,6.56,215e,6.53,230e,6.5
6/30/2021 23:00,1544.5,5,16.97,10,16.45,20,16.25,30,15.57,40,14.11,60,12.41,80,10.39,100,9.01,120,8.21,140,7.35,160,7.03,180,6.65,200e,6.56,215e,6.53,230e,6.5
7/1/2021 0:00,1544.5,5,16.91,10,16.86,20,16.45,30,15.71,40,14.51,60,12.25,80,9.99,100,9.13,120,8.19,140,7.37,160,6.91,180,6.58,200e,6.5,215e,6.5,230e,6.5
7/1/2021 1:00,1544.49,5,16.94,10,16.81,20,16.45,30,15.72,40,14.69,60,12.04,80,9.95,100,8.73,120,8.01,140,7.36,160,6.87,180,6.54,200e,6.46,215e,6.46,230e,6.46
7/1/2021 2:00,1544.49,5,16.97,10,16.91,20,16.8,30,15.91,40,15.06,60,11.66,80,9.95,100,8.73,120,8.13,140,7.3,160,6.83,180,6.56,200e,6.49,215e,6.49,230e,6.49
7/1/2021 3:00,1544.48,5,17.1,10,17.04,20,16.9,30,16.16,40,15.48,60,11.64,80,9.74,100,8.63,120,7.98,140,7.35,160,6.88,180,6.61,200e,6.54,215e,6.52,230e,6.5
7/1/2021 4:00,1544.48,5,17.14,10,17.11,20,16.98,30,16.39,40,15.65,60,11.69,80,9.51,100,8.46,120,7.91,140,7.37,160,6.88,180,6.59,200e,6.52,215e,6.51,230e,6.5
7/1/2021 5:00,1544.48,5,17.42,10,17.3,20,17.11,30,16.62,40,15.91,60,11.71,80,9.68,100,8.43,120,7.85,140,7.3,160,6.88,180,6.54,200e,6.46,215e,6.46,230e,6.46
7/1/2021 6:00,1544.48,5,17.55,10,17.44,20,17.2,30,16.63,40,16.05,60,11.36,80,9.58,100,8.46,120,7.84,140,7.29,160,6.8,180,6.54,200e,6.48,215e,6.48,230e,6.48
7/1/2021 7:00,1544.49,5,17.59,10,17.56,20,17.23,30,16.76,40,16.27,60,11.14,80,9.51,100,8.44,120,7.75,140,7.1,160,6.73,180,6.54,200e,6.49,215e,6.49,230e,6.49
7/1/2021 8:00,1544.47,5,17.73,10,17.66,20,17.29,30,16.85,40,16.37,60,11.2,80,9.48,100,8.4,120,7.81,140,7.11,160,6.73,180,6.52,200e,6.47,215e,6.47,230e,6.47
7/1/2021 9:00,1544.42,5,17.94,10,17.71,20,17.33,30,16.89,40,16.54,60,10.95,80,9.4,100,8.39,120,7.59,140,6.88,160,6.67,180,6.5,200e,6.46,215e,6.46,230e,6.46
7/1/2021 10:00,1544.38,5,18.08,10,17.76,20,17.24,30,16.98,40,16.63,60,10.42,80,9.22,100,8.14,120,7.44,140,6.88,160,6.67,180,6.52,200e,6.48,215e,6.48,230e,6.48
7/1/2021 11:00,1544.34,5,18.1,10,17.84,20,17.18,30,17.04,40,15.89,60,10.43,80,9.05,100,8.11,120,7.22,140,6.73,160,6.58,180,6.5,200e,6.48,215e,6.48,230e,6.48
7/1/2021 12:00,1544.29,5,18.06,10,17.9,20,17.21,30,16.94,40,13.56,60,10.5,80,8.97,100,7.95,120,7.07,140,6.7,160,6.53,180,6.41,200e,6.38,215e,6.38,230e,6.38
7/1/2021 13:00,1544.25,5,18.02,10,17.93,20,17.06,30,16.26,40,12.4,60,10.48,80,8.73,100,7.85,120,6.9,140,6.63,160,6.5,180,6.41,200e,6.39,215e,6.39,230e,6.39
7/1/2021 14:00,1544.22,5,17.83,10,17.73,20,17.02,30,13.5,40,11.57,60,9.92,80,8.78,100,7.73,120,6.76,140,6.57,160,6.44,180,6.36,200e,6.34,215e,6.34,230e,6.34
7/1/2021 15:00,1544.19,5,17.78,10,17.64,20,16.72,30,12.89,40,11.38,60,10.17,80,8.86,100,7.74,120,6.76,140,6.58,160,6.48,180,6.39,200e,6.37,215e,6.37,230e,6.37
7/1/2021 16:00,1544.17,5,17.84,10,17.56,20,14.97,30,13.06,40,11.59,60,10.19,80,9.03,100,7.76,120,6.79,140,6.53,160,6.46,180,6.37,200e,6.35,215e,6.35,230e,6.35
7/1/2021 17:00,1544.18,5,17.69,10,17.28,20,15.34,30,12.92,40,11.55,60,10.33,80,9.42,100,7.98,120,6.85,140,6.55,160,6.46,180,6.39,200e,6.37,215e,6.37,230e,6.37
7/1/2021 18:00,1544.2,5,17.45,10,17.34,20,14.82,30,12.98,40,11.92,60,10.66,80,9.52,100,8.42,120,7.04,140,6.61,160,6.49,180,6.41,200e,6.39,215e,6.39,230e,6.39
7/1/2021 19:00,1544.21,5,17.33,10,16.77,20,15.43,30,13.53,40,12.38,60,11.12,80,9.94,100,8.81,120,7.66,140,6.8,160,6.59,180,6.49,200e,6.47,215e,6.47,230e,6.47
7/1/2021 20:00,1544.21,5,17.87,10,17.04,20,15.2,30,13.85,40,12.63,60,11.61,80,10.1,100,9.11,120,8.11,140,7.22,160,6.7,180,6.5,200e,6.45,215e,6.45,230e,6.45
7/1/2021 21:00,1544.21,5,17.84,10,17.01,20,16.7,30,14.41,40,13.6,60,12.08,80,10.51,100,9.29,120,8.1,140,7.17,160,6.66,180,6.49,200e,6.45,215e,6.45,230e,6.45
7/1/2021 22:00,1544.2,5,17.59,10,17.26,20,16.98,30,16.18,40,14.47,60,12.46,80,10.88,100,9.5,120,8.39,140,7.56,160,6.65,180,6.51,200e,6.48,215e,6.48,230e,6.48
7/1/2021 23:00,1544.2,5,17.58,10,17.51,20,17.28,30,16.71,40,15.96,60,13.54,80,11.4,100,9.69,120,8.52,140,7.2,160,6.66,180,6.49,200e,6.45,215e,6.45,230e,6.45
7/2/2021 0:00,1544.21,5,17.64,10,17.53,20,17.49,30,17.06,40,16.58,60,14.03,80,12.05,100,9.91,120,8.57,140,7.5,160,6.77,180,6.56,200e,6.51,215e,6.5,230e,6.5
7/2/2021 1:00,1544.2,5,17.68,10,17.69,20,17.61,30,17.42,40,16.94,60,15.2,80,12.18,100,9.76,120,8.09,140,7.17,160,6.64,180,6.53,200e,6.5,215e,6.5,230e,6.5
7/2/2021 2:00,1544.2,5,18.49,10,17.97,20,17.63,30,17.56,40,17.1,60,14.68,80,11.46,100,9.5,120,7.91,140,6.81,160,6.61,180,6.48,200e,6.45,215e,6.45,230e,6.45
7/2/2021 3:00,1544.2,5,19.71,10,18.69,20,17.87,30,17.47,40,17.12,60,14.64,80,10.6,100,8.11,120,7.33,140,6.89,160,6.62,180,6.49,200e,6.46,215e,6.46,230e,6.46
7/2/2021 4:00,1544.2,5,19.83,10,19.06,20,18.22,30,17.62,40,17.1,60,12.57,80,9.59,100,8.44,120,7.69,140,7.12,160,6.79,180,6.5,200e,6.43,215e,6.43,230e,6.43
7/2/2021 5:00,1544.2,5,19.79,10,19.45,20,18.35,30,17.79,40,17.2,60,12.06,80,9.24,100,8.52,120,7.85,140,7.26,160,6.87,180,6.49,200e,6.4,215e,6.4,230e,6.4
7/2/2021 6:00,1544.2,5,19.88,10,19.66,20,19.13,30,17.51,40,16.85,60,11.65,80,9.61,100,8.49,120,7.91,140,7.08,160,6.63,180,6.49,200e,6.46,215e,6.46,230e,6.46
7/2/2021 7:00,1544.22,5,20,10,19.77,20,19.34,30,17.79,40,16.96,60,11.1,80,9.57,100,8.65,120,7.81,140,7.24,160,6.96,180,6.55,200e,6.45,215e,6.45,230e,6.45
7/2/2021 8:00,1544.19,5,20.11,10,19.89,20,19.59,30,17.93,40,17,60,10.7,80,9.3,100,8.44,120,8.07,140,7.54,160,6.81,180,6.65,200e,6.61,215e,6.56,230e,6.5
7/2/2021 9:00,1544.16,5,20.31,10,20.05,20,19.56,30,17.81,40,15.14,60,10.92,80,9.22,100,8.52,120,7.89,140,7.23,160,6.87,180,6.68,200e,6.63,215e,6.57,230e,6.5
7/2/2021 10:00,1544.13,5,20.46,10,20.02,20,19.63,30,18.31,40,15.4,60,10.63,80,9.08,100,8.43,120,7.62,140,6.89,160,6.64,180,6.58,200e,6.57,215e,6.53,230e,6.5
7/2/2021 11:00,1544.09,5,20.53,10,20.01,20,19.69,30,18.16,40,14.18,60,10.45,80,9.21,100,8.11,120,7.35,140,6.7,160,6.56,180,6.48,200e,6.46,215e,6.46,230e,6.46
7/2/2021 12:00,1544.05,5,20.61,10,20.12,20,19.76,30,18.36,40,12.65,60,10.1,80,9.08,100,8.02,120,7.02,140,6.64,160,6.53,180,6.5,200e,6.49,215e,6.49,230e,6.49
7/2/2021 13:00,1544.01,5,20.87,10,20.01,20,19.8,30,17.98,40,12.49,60,10.13,80,8.85,100,7.74,120,7.07,140,6.63,160,6.5,180,6.43,200e,6.41,215e,6.41,230e,6.41
7/2/2021 14:00,1543.97,5,20.94,10,19.91,20,19.52,30,17.63,40,14.16,60,10.44,80,9.15,100,7.91,120,7,140,6.62,160,6.51,180,6.45,200e,6.44,215e,6.44,230e,6.44
7/2/2021 15:00,1543.94,5,20.95,10,19.9,20,19.4,30,17.63,40,14.84,60,10.66,80,9.08,100,7.84,120,7.03,140,6.74,160,6.57,180,6.48,200e,6.46,215e,6.46,230e,6.46
7/2/2021 16:00,1543.91,5,20.79,10,19.98,20,19.18,30,17.33,40,14.53,60,10.93,80,9.27,100,8.01,120,7.07,140,6.75,160,6.59,180,6.5,200e,6.48,215e,6.48,230e,6.48
7/2/2021 17:00,1543.91,5,20.42,10,19.9,20,18.25,30,17.33,40,15.01,60,10.71,80,9.17,100,7.81,120,7.08,140,6.72,160,6.51,180,6.47,200e,6.46,215e,6.46,230e,6.46
7/2/2021 18:00,1543.93,5,20.59,10,19.39,20,18.04,30,17.48,40,14.85,60,11.23,80,9.17,100,7.81,120,7.09,140,6.71,160,6.52,180,6.45,200e,6.43,215e,6.43,230e,6.43
7/2/2021 19:00,1543.93,5,20.22,10,18.87,20,18.23,30,17.34,40,15.46,60,11.22,80,9.45,100,7.83,120,7.28,140,6.99,160,6.67,180,6.49,200e,6.45,215e,6.45,230e,6.45
7/2/2021 20:00,1543.93,5,19.94,10,18.84,20,18.28,30,17.18,40,15.73,60,11.58,80,9.79,100,8.21,120,7.39,140,7.05,160,6.86,180,6.64,200e,6.59,215e,6.54,230e,6.5
7/2/2021 21:00,1543.93,5,19.98,10,18.52,20,18.27,30,17.61,40,16.1,60,11.46,80,10.04,100,8.33,120,7.57,140,7.19,160,6.92,180,6.61,200e,6.53,215e,6.52,230e,6.5
7/2/2021 22:00,1543.93,5,20.04,10,18.79,20,18.39,30,17.48,40,15.84,60,11.76,80,9.84,100,8.66,120,7.67,140,7.21,160,6.94,180,6.64,200e,6.57,215e,6.53,230e,6.5
7/2/2021 23:00,1543.93,5,19.88,10,19.26,20,18.4,30,17.65,40,15.63,60,11.52,80,9.83,100,8.55,120,7.9,140,7.25,160,7,180,6.7,200e,6.63,215e,6.56,230e,6.5
7/3/2021 0:00,1543.91,5,19.88,10,19.41,20,18.38,30,17.81,40,16.13,60,11.45,80,9.91,100,8.77,120,7.93,140,7.41,160,7.05,180,6.8,200e,6.74,215e,6.62,230e,6.5
7/3/2021 1:00,1543.9,5,19.72,10,19.54,20,18.64,30,18.11,40,16.93,60,11.71,80,10.53,100,8.96,120,8.05,140,7.44,160,7.18,180,6.92,200e,6.86,215e,6.68,230e,6.5
7/3/2021 2:00,1543.88,5,19.77,10,19.75,20,19.31,30,18.34,40,17.14,60,11.79,80,10.18,100,9.32,120,8.24,140,7.55,160,7.32,180,6.9,200e,6.8,215e,6.65,230e,6.5
7/3/2021 3:00,1543.87,5,19.87,10,19.8,20,19.51,30,18.38,40,17.39,60,11.65,80,10.08,100,9.44,120,8.29,140,7.63,160,7.2,180,6.9,200e,6.83,215e,6.66,230e,6.5
7/3/2021 4:00,1543.85,5,19.88,10,19.84,20,19.56,30,18.48,40,17.36,60,11.35,80,10.07,100,9.3,120,8.27,140,7.51,160,7.14,180,6.9,200e,6.84,215e,6.67,230e,6.5
7/3/2021 5:00,1543.85,5,19.87,10,19.85,20,19.63,30,18.47,40,17.52,60,11.18,80,9.93,100,8.98,120,8.3,140,7.63,160,7.18,180,6.87,200e,6.79,215e,6.65,230e,6.5
7/3/2021 6:00,1543.86,5,19.85,10,19.84,20,19.85,30,18.74,40,17.96,60,11.27,80,9.66,100,8.81,120,7.99,140,7.64,160,7.12,180,6.68,200e,6.57,215e,6.54,230e,6.5
7/3/2021 7:00,1543.87,5,19.9,10,19.88,20,19.89,30,19.23,40,17.87,60,11.27,80,9.6,100,8.83,120,7.94,140,7.49,160,6.93,180,6.7,200e,6.64,215e,6.57,230e,6.5
7/3/2021 8:00,1543.85,5,20.14,10,19.99,20,19.88,30,19.31,40,17.48,60,11.07,80,9.58,100,8.78,120,7.87,140,7.42,160,7.02,180,6.69,200e,6.61,215e,6.55,230e,6.5
7/3/2021 9:00,1543.81,5,20.42,10,20.02,20,19.9,30,19.36,40,16.68,60,11.03,80,9.58,100,8.75,120,7.9,140,7.4,160,6.98,180,6.61,200e,6.52,215e,6.51,230e,6.5
7/3/2021 10:00,1543.77,5,20.74,10,20.12,20,19.78,30,19.06,40,15.6,60,10.85,80,9.73,100,8.68,120,7.81,140,7.24,160,6.77,180,6.59,200e,6.55,215e,6.52,230e,6.5
7/3/2021 11:00,1543.73,5,20.67,10,20.1,20,19.76,30,18.88,40,14.87,60,10.64,80,9.56,100,8.42,120,7.52,140,6.95,160,6.78,180,6.6,200e,6.56,215e,6.53,230e,6.5
7/3/2021 12:00,1543.68,5,20.65,10,20.18,20,19.8,30,18.42,40,14.27,60,10.98,80,9.49,100,8.26,120,7.35,140,6.88,160,6.63,180,6.48,200e,6.44,215e,6.44,230e,6.44
7/3/2021 13:00,1543.65,5,20.72,10,20.02,20,19.79,30,17.56,40,13.46,60,10.64,80,9.36,100,8.22,120,7.23,140,6.83,160,6.57,180,6.45,200e,6.42,215e,6.42,230e,6.42
7/3/2021 14:00,1543.61,5,20.6,10,20.03,20,19.39,30,17.03,40,13.24,60,10.65,80,9.04,100,8,120,7.27,140,6.78,160,6.56,180,6.42,200e,6.39,215e,6.39,230e,6.39
7/3/2021 15:00,1543.58,5,20.58,10,19.82,20,18.4,30,16.22,40,12.92,60,10.63,80,8.95,100,7.89,120,7.13,140,6.79,160,6.54,180,6.45,200e,6.43,215e,6.43,230e,6.43
7/3/2021 16:00,1543.55,5,20.49,10,19.95,20,18,30,16.47,40,12.83,60,10.75,80,9.08,100,7.98,120,7.13,140,6.67,160,6.54,180,6.46,200e,6.44,215e,6.44,230e,6.44
7/3/2021 17:00,1543.56,5,20.36,10,19.55,20,17.81,30,16.52,40,13.18,60,11.08,80,9.05,100,7.93,120,7.05,140,6.73,160,6.55,180,6.44,200e,6.41,215e,6.41,230e,6.41
7/3/2021 18:00,1543.57,5,20.21,10,18.88,20,18.04,30,17.08,40,13.54,60,11.29,80,9.25,100,8.25,120,7.23,140,6.8,160,6.57,180,6.47,200e,6.45,215e,6.45,230e,6.45
7/3/2021 19:00,1543.57,5,20.04,10,18.97,20,18.19,30,17.51,40,14.61,60,11.56,80,9.58,100,8.36,120,7.38,140,6.84,160,6.62,180,6.5,200e,6.47,215e,6.47,230e,6.47
7/3/2021 20:00,1543.57,5,20.6,10,19.17,20,18.2,30,17.52,40,15.42,60,11.88,80,9.83,100,8.47,120,7.71,140,7.04,160,6.71,180,6.54,200e,6.5,215e,6.5,230e,6.5
7/3/2021 21:00,1543.57,5,20.22,10,19.36,20,18.37,30,17.76,40,15.44,60,11.84,80,10.03,100,8.77,120,7.91,140,7.13,160,6.74,180,6.56,200e,6.52,215e,6.51,230e,6.5
7/3/2021 22:00,1543.58,5,20.15,10,19.56,20,18.32,30,17.74,40,15.91,60,11.89,80,10.29,100,8.66,120,7.9,140,7.2,160,6.8,180,6.63,200e,6.59,215e,6.54,230e,6.5
7/3/2021 23:00,1543.57,5,19.93,10,19.6,20,18.5,30,17.98,40,16.97,60,11.96,80,10.5,100,8.76,120,7.91,140,7.26,160,6.84,180,6.63,200e,6.58,215e,6.54,230e,6.5
7/4/2021 0:00,1543.56,5,19.89,10,19.84,20,19.03,30,18.19,40,17.49,60,12.09,80,10.55,100,8.73,120,8.03,140,7.24,160,6.78,180,6.64,200e,6.61,215e,6.55,230e,6.5
7/4/2021 1:00,1543.56,5,19.87,10,19.86,20,19.51,30,18.46,40,17.67,60,12.33,80,10.68,100,8.86,120,8.18,140,7.28,160,6.83,180,6.6,200e,6.54,215e,6.52,230e,6.5
7/4/2021 2:00,1543.54,5,19.85,10,19.85,20,19.67,30,18.56,40,17.73,60,12.16,80,10.65,100,8.93,120,8.05,140,7.29,160,6.84,180,6.62,200e,6.57,215e,6.53,230e,6.5
7/4/2021 3:00,1543.53,5,19.88,10,19.88,20,19.79,30,18.58,40,17.85,60,12.13,80,10.48,100,8.74,120,8.04,140,7.42,160,6.87,180,6.6,200e,6.53,215e,6.52,230e,6.5
7/4/2021 4:00,1543.52,5,19.88,10,19.89,20,19.84,30,18.77,40,17.68,60,11.83,80,10.37,100,8.74,120,8.03,140,7.46,160,6.85,180,6.56,200e,6.49,215e,6.49,230e,6.49
7/4/2021 5:00,1543.51,5,19.9,10,19.9,20,19.93,30,18.69,40,17.74,60,11.66,80,10.18,100,8.56,120,7.99,140,7.44,160,6.79,180,6.62,200e,6.58,215e,6.54,230e,6.5
7/4/2021 6:00,1543.51,5,19.89,10,19.91,20,19.94,30,18.83,40,17.62,60,11.47,80,9.97,100,8.65,120,7.88,140,7.14,160,6.82,180,6.63,200e,6.58,215e,6.54,230e,6.5
7/4/2021 7:00,1543.52,5,19.91,10,19.91,20,19.93,30,19.16,40,16.26,60,11.56,80,9.9,100,8.38,120,7.78,140,7.08,160,6.78,180,6.54,200e,6.48,215e,6.48,230e,6.48
7/4/2021 8:00,1543.5,5,20.03,10,19.92,20,19.92,30,19.18,40,15.13,60,11.36,80,9.47,100,8.38,120,7.84,140,7.1,160,6.73,180,6.54,200e,6.49,215e,6.49,230e,6.49
7/4/2021 9:00,1543.46,5,20.33,10,19.97,20,19.88,30,19.08,40,14.29,60,11.34,80,9.4,100,8.32,120,7.53,140,6.95,160,6.69,180,6.57,200e,6.54,215e,6.52,230e,6.5
7/4/2021 10:00,1543.41,5,20.44,10,19.95,20,19.84,30,19.41,40,14.22,60,11.42,80,9.31,100,8.13,120,7.25,140,6.87,160,6.64,180,6.53,200e,6.5,215e,6.5,230e,6.5
7/4/2021 11:00,1543.37,5,20.44,10,20.05,20,19.84,30,18.45,40,13.93,60,11.2,80,9.17,100,7.93,120,7.14,140,6.71,160,6.52,180,6.46,200e,6.45,215e,6.45,230e,6.45
7/4/2021 12:00,1543.33,5,20.35,10,20.29,20,19.76,30,17.82,40,13.41,60,10.75,80,9.02,100,7.83,120,6.89,140,6.63,160,6.48,180,6.43,200e,6.42,215e,6.42,230e,6.42
7/4/2021 13:00,1543.29,5,20.44,10,20.35,20,19.77,30,17.17,40,13.16,60,10.87,80,8.71,100,7.73,120,6.85,140,6.61,160,6.5,180,6.42,200e,6.4,215e,6.4,230e,6.4
7/4/2021 14:00,1543.26,5,20.56,10,19.96,20,19.13,30,16.75,40,13.52,60,10.92,80,8.77,100,7.61,120,6.86,140,6.61,160,6.49,180,6.45,200e,6.44,215e,6.44,230e,6.44
7/4/2021 15:00,1543.23,5,20.57,10,19.97,20,18.3,30,16.72,40,13.55,60,11.07,80,8.76,100,7.77,120,6.94,140,6.6,160,6.51,180,6.45,200e,6.44,215e,6.44,230e,6.44
7/4/2021 16:00,1543.2,5,20.57,10,19.79,20,18.59,30,16.8,40,13.86,60,11.28,80,9.08,100,7.88,120,6.97,140,6.77,160,6.54,180,6.47,200e,6.45,215e,6.45,230e,6.45
7/4/2021 17:00,1543.21,5,20.26,10,19.58,20,18.3,30,17.06,40,14.19,60,11.33,80,8.94,100,8.14,120,7.44,140,6.83,160,6.58,180,6.48,200e,6.46,215e,6.46,230e,6.46
7/4/2021 18:00,1543.22,5,20.18,10,19.53,20,18.21,30,17.21,40,15.05,60,11.58,80,9.18,100,8.32,120,7.72,140,6.89,160,6.61,180,6.5,200e,6.47,215e,6.47,230e,6.47
7/4/2021 19:00,1543.21,5,20.02,10,19.28,20,18.21,30,17.53,40,15.45,60,11.61,80,9.79,100,8.53,120,7.93,140,7.21,160,6.83,180,6.57,200e,6.51,215e,6.5,230e,6.5
7/4/2021 20:00,1543.21,5,19.92,10,19.57,20,18.53,30,17.65,40,16.01,60,11.61,80,9.99,100,8.92,120,8.14,140,7.67,160,6.9,180,6.65,200e,6.59,215e,6.54,230e,6.5
7/4/2021 21:00,1543.2,5,19.8,10,19.73,20,18.62,30,17.83,40,16.4,60,11.52,80,10.17,100,8.82,120,8.13,140,7.69,160,7.2,180,6.75,200e,6.64,215e,6.57,230e,6.5
7/4/2021 22:00,1543.19,5,19.82,10,19.72,20,18.61,30,17.82,40,16.36,60,11.84,80,10.06,100,8.88,120,8.12,140,7.68,160,7.02,180,6.73,200e,6.66,215e,6.58,230e,6.5
7/4/2021 23:00,1543.18,5,19.87,10,19.83,20,18.9,30,18.16,40,16.83,60,11.91,80,10.18,100,8.86,120,8.29,140,7.58,160,7.02,180,6.67,200e,6.58,215e,6.54,230e,6.5
7/5/2021 0:00,1543.17,5,19.97,10,19.93,20,19.19,30,18.34,40,17.14,60,12.05,80,10.14,100,8.86,120,8.35,140,7.74,160,7.02,180,6.73,200e,6.66,215e,6.58,230e,6.5
7/5/2021 1:00,1543.16,5,19.96,10,19.93,20,19.77,30,18.63,40,17.78,60,12.44,80,10.48,100,9.39,120,8.41,140,7.77,160,7.21,180,6.7,200e,6.57,215e,6.54,230e,6.5
7/5/2021 2:00,1543.15,5,19.99,10,19.97,20,19.85,30,19,40,17.66,60,12.01,80,10.35,100,9.47,120,8.38,140,7.79,160,7.17,180,6.75,200e,6.65,215e,6.57,230e,6.5
7/5/2021 3:00,1543.14,5,19.99,10,19.99,20,19.87,30,18.66,40,17.62,60,11.79,80,10.19,100,9.32,120,8.28,140,7.82,160,7.15,180,6.67,200e,6.55,215e,6.53,230e,6.5
7/5/2021 4:00,1543.13,5,19.98,10,19.97,20,19.96,30,19.11,40,17.73,60,11.45,80,10.08,100,9.03,120,8.16,140,7.77,160,7,180,6.61,200e,6.51,215e,6.51,230e,6.5
7/5/2021 5:00,1543.13,5,19.96,10,19.97,20,19.86,30,18.77,40,16.72,60,11.36,80,10.11,100,8.96,120,8.03,140,7.54,160,6.96,180,6.63,200e,6.55,215e,6.52,230e,6.5
7/5/2021 6:00,1543.14,5,19.94,10,19.95,20,19.92,30,19.02,40,16.84,60,11.31,80,9.76,100,8.84,120,7.84,140,7.27,160,6.74,180,6.53,200e,6.48,215e,6.48,230e,6.48
7/5/2021 7:00,1543.15,5,19.98,10,19.96,20,19.93,30,19.2,40,15.95,60,11.28,80,9.69,100,8.48,120,7.73,140,6.97,160,6.67,180,6.54,200e,6.51,215e,6.5,230e,6.5
7/5/2021 8:00,1543.12,5,20.09,10,20.02,20,19.9,30,19.23,40,15.91,60,11.33,80,9.75,100,8.3,120,7.47,140,6.86,160,6.66,180,6.54,200e,6.51,215e,6.51,230e,6.5
7/5/2021 9:00,1543.08,5,20.31,10,20.08,20,19.89,30,19.22,40,15.58,60,11.16,80,9.46,100,8.25,120,7.23,140,6.84,160,6.61,180,6.52,200e,6.5,215e,6.5,230e,6.5
7/5/2021 10:00,1543.04,5,20.55,10,20.05,20,19.89,30,19.6,40,15.21,60,11.43,80,9.35,100,8.12,120,7.05,140,6.65,160,6.55,180,6.47,200e,6.45,215e,6.45,230e,6.45
7/5/2021 11:00,1542.99,5,20.55,10,20.1,20,19.9,30,19.1,40,15.07,60,11.17,80,9.1,100,7.8,120,7,140,6.63,160,6.52,180,6.47,200e,6.46,215e,6.46,230e,6.46
7/5/2021 12:00,1542.95,5,20.52,10,20.29,20,19.87,30,19.25,40,14.93,60,11.04,80,9.03,100,7.69,120,6.97,140,6.62,160,6.53,180,6.46,200e,6.44,215e,6.44,230e,6.44
7/5/2021 13:00,1542.91,5,20.54,10,20.21,20,19.9,30,18.32,40,14.51,60,11.01,80,9.09,100,7.54,120,6.9,140,6.58,160,6.51,180,6.46,200e,6.45,215e,6.45,230e,6.45
7/5/2021 14:00,1542.87,5,20.52,10,20.43,20,19.91,30,16.94,40,14.07,60,10.92,80,8.92,100,7.5,120,6.89,140,6.6,160,6.52,180,6.46,200e,6.45,215e,6.45,230e,6.45
7/5/2021 15:00,1542.84,5,20.45,10,20.15,20,19.3,30,16.6,40,13.33,60,10.71,80,8.84,100,7.81,120,6.98,140,6.64,160,6.53,180,6.49,200e,6.48,215e,6.48,230e,6.48
7/5/2021 16:00,1542.81,5,20.39,10,20.32,20,18.58,30,16.48,40,13.57,60,10.75,80,8.98,100,7.81,120,7.22,140,6.73,160,6.55,180,6.49,200e,6.48,215e,6.48,230e,6.48
7/5/2021 17:00,1542.81,5,20.36,10,20.26,20,18.47,30,16.38,40,13.52,60,10.47,80,9.09,100,8.03,120,7.21,140,6.75,160,6.57,180,6.5,200e,6.48,215e,6.48,230e,6.48
7/5/2021 18:00,1542.83,5,20.28,10,20.24,20,18.01,30,16.49,40,13.86,60,10.63,80,9.22,100,8.49,120,7.49,140,6.98,160,6.68,180,6.53,200e,6.49,215e,6.49,230e,6.49
7/5/2021 19:00,1542.83,5,20.15,10,20.05,20,18.45,30,16.62,40,14.03,60,10.73,80,9.53,100,8.75,120,7.73,140,7.13,160,6.77,180,6.61,200e,6.57,215e,6.54,230e,6.5
7/5/2021 20:00,1542.83,5,20.5,10,19.62,20,18.41,30,17.21,40,14.38,60,10.86,80,9.64,100,8.85,120,8.15,140,7.51,160,7.09,180,6.8,200e,6.73,215e,6.61,230e,6.5
7/5/2021 21:00,1542.83,5,20.32,10,19.75,20,18.33,30,17.58,40,15.25,60,11.42,80,9.7,100,8.96,120,8.28,140,7.75,160,7.21,180,6.78,200e,6.67,215e,6.59,230e,6.5
7/5/2021 22:00,1542.83,5,20.09,10,19.68,20,18.06,30,17.68,40,16.05,60,11.46,80,9.61,100,8.95,120,8.25,140,7.7,160,7.05,180,6.7,200e,6.61,215e,6.56,230e,6.5
7/5/2021 23:00,1542.83,5,20.14,10,19.83,20,18.78,30,17.93,40,16.55,60,11.6,80,9.9,100,8.97,120,8.24,140,7.58,160,6.96,180,6.77,200e,6.72,215e,6.61,230e,6.5
7/6/2021 0:00,1542.82,5,20.01,10,19.89,20,19.06,30,18.24,40,17.09,60,12.17,80,10.18,100,9.04,120,8.32,140,7.41,160,6.92,180,6.64,200e,6.57,215e,6.54,230e,6.5
7/6/2021 1:00,1542.82,5,19.94,10,19.93,20,18.94,30,18.37,40,17.45,60,12.76,80,10.49,100,9.1,120,8.62,140,7.74,160,7.07,180,6.65,200e,6.55,215e,6.52,230e,6.5
7/6/2021 2:00,1542.81,5,19.88,10,19.88,20,19.56,30,18.75,40,17.53,60,12.62,80,10.63,100,9.23,120,8.49,140,7.88,160,7.12,180,6.85,200e,6.78,215e,6.64,230e,6.5
7/6/2021 3:00,1542.81,5,19.97,10,19.97,20,19.79,30,18.84,40,17.67,60,12.95,80,10.53,100,9.4,120,8.45,140,7.7,160,7.23,180,6.91,200e,6.83,215e,6.67,230e,6.5
7/6/2021 4:00,1542.79,5,19.95,10,19.96,20,19.91,30,18.74,40,17.62,60,11.9,80,10.29,100,9.43,120,8.54,140,7.64,160,7.01,180,6.64,200e,6.55,215e,6.52,230e,6.5
7/6/2021 5:00,1542.78,5,20,10,19.99,20,19.98,30,18.66,40,17.67,60,11.76,80,10.29,100,9.17,120,8.3,140,7.65,160,7.04,180,6.76,200e,6.69,215e,6.6,230e,6.5
7/6/2021 6:00,1542.78,5,20,10,19.98,20,20,30,18.77,40,17.65,60,12.22,80,10.29,100,9.1,120,8.3,140,7.44,160,7,180,6.6,200e,6.5,215e,6.5,230e,6.5
7/6/2021 7:00,1542.79,5,20.03,10,19.99,20,19.97,30,18.91,40,17.26,60,11.71,80,10.06,100,9.03,120,8.14,140,7.29,160,6.79,180,6.59,200e,6.54,215e,6.52,230e,6.5
7/6/2021 8:00,1542.76,5,20.14,10,20.06,20,19.94,30,18.62,40,16.67,60,11.64,80,9.71,100,8.84,120,7.73,140,7.09,160,6.69,180,6.56,200e,6.53,215e,6.51,230e,6.5
7/6/2021 9:00,1542.74,5,20.31,10,20.12,20,19.95,30,18.74,40,15.36,60,11.45,80,9.68,100,8.3,120,7.42,140,6.82,160,6.58,180,6.51,200e,6.49,215e,6.49,230e,6.49
7/6/2021 10:00,1542.7,5,20.68,10,20.16,20,19.96,30,18.88,40,14.63,60,11.19,80,9.38,100,8.17,120,7.19,140,6.69,160,6.52,180,6.49,200e,6.48,215e,6.48,230e,6.48
7/6/2021 11:00,1542.65,5,20.66,10,20.12,20,19.95,30,18.99,40,14.7,60,11.09,80,9.14,100,7.88,120,6.94,140,6.68,160,6.53,180,6.46,200e,6.44,215e,6.44,230e,6.44
7/6/2021 12:00,1542.6,5,20.61,10,20.33,20,19.93,30,18.82,40,13.87,60,10.67,80,8.97,100,7.47,120,6.87,140,6.62,160,6.5,180,6.44,200e,6.43,215e,6.43,230e,6.43
7/6/2021 13:00,1542.56,5,20.77,10,20.17,20,19.91,30,18.3,40,13.58,60,10.72,80,8.83,100,7.27,120,6.82,140,6.59,160,6.5,180,6.44,200e,6.43,215e,6.43,230e,6.43
7/6/2021 14:00,1542.52,5,20.61,10,20.53,20,19.97,30,17.13,40,13.36,60,10.66,80,8.85,100,7.54,120,6.85,140,6.55,160,6.48,180,6.43,200e,6.42,215e,6.42,230e,6.42
7/6/2021 15:00,1542.49,5,20.55,10,20.49,20,19.83,30,16.3,40,13.17,60,10.85,80,8.88,100,7.7,120,6.9,140,6.59,160,6.49,180,6.45,200e,6.44,215e,6.44,230e,6.44
7/6/2021 16:00,1542.46,5,20.56,10,20.5,20,19.46,30,16.33,40,13.25,60,11.03,80,9.12,100,8.1,120,7.13,140,6.75,160,6.53,180,6.47,200e,6.46,215e,6.46,230e,6.46
7/6/2021 17:00,1542.47,5,20.48,10,20.42,20,18.29,30,16.5,40,13.4,60,11.04,80,9.12,100,7.85,120,7.13,140,6.77,160,6.54,180,6.47,200e,6.45,215e,6.45,230e,6.45
7/6/2021 18:00,1542.49,5,20.32,10,20.23,20,18.23,30,16.35,40,13.49,60,11.07,80,9.28,100,8.34,120,7.43,140,6.87,160,6.58,180,6.49,200e,6.47,215e,6.47,230e,6.47
7/6/2021 19:00,1542.49,5,20.07,10,20.03,20,18.05,30,16.21,40,13.73,60,11.18,80,9.43,100,8.58,120,7.66,140,7.09,160,6.8,180,6.56,200e,6.5,215e,6.5,230e,6.5
7/6/2021 20:00,1542.48,5,20,10,19.9,20,18.14,30,16.66,40,14.6,60,11.65,80,9.69,100,8.86,120,8.08,140,7.42,160,7,180,6.66,200e,6.58,215e,6.54,230e,6.5
7/6/2021 21:00,1542.47,5,20.14,10,19.57,20,18.17,30,17.06,40,15.74,60,12.14,80,10.2,100,9.15,120,8.51,140,7.92,160,7.15,180,6.75,200e,6.65,215e,6.58,230e,6.5
7/6/2021 22:00,1542.47,5,20.23,10,19.68,20,18.04,30,17.51,40,16.27,60,12.6,80,10.55,100,9.22,120,8.31,140,7.61,160,7.1,180,6.71,200e,6.61,215e,6.56,230e,6.5
7/6/2021 23:00,1542.45,5,19.95,10,19.87,20,18.3,30,17.63,40,16.77,60,12.46,80,10.48,100,9.16,120,8.42,140,7.62,160,7.01,180,6.8,200e,6.75,215e,6.62,230e,6.5
7/7/2021 0:00,1542.43,5,19.8,10,19.7,20,18.31,30,17.66,40,16.87,60,12.41,80,10.12,100,8.8,120,8.26,140,7.43,160,7.01,180,6.72,200e,6.65,215e,6.57,230e,6.5
7/7/2021 1:00,1542.41,5,19.62,10,19.6,20,18.47,30,17.36,40,16.84,60,12.29,80,10.03,100,8.78,120,8.05,140,7.46,160,6.88,180,6.64,200e,6.58,215e,6.54,230e,6.5
7/7/2021 2:00,1542.4,5,19.44,10,19.4,20,18.4,30,17.31,40,15.86,60,11.65,80,9.54,100,8.8,120,7.95,140,7.35,160,6.89,180,6.56,200e,6.48,215e,6.48,230e,6.48
7/7/2021 3:00,1542.39,5,19.25,10,19.19,20,18.01,30,17.07,40,15.54,60,11.02,80,9.7,100,8.67,120,7.99,140,7.37,160,6.87,180,6.57,200e,6.5,215e,6.5,230e,6.5
7/7/2021 4:00,1542.39,5,19.15,10,18.76,20,17.83,30,16.89,40,15.15,60,11.41,80,9.83,100,8.84,120,8.29,140,7.33,160,6.81,180,6.62,200e,6.57,215e,6.54,230e,6.5
7/7/2021 5:00,1542.37,5,18.97,10,18.8,20,17.59,30,16.8,40,14.18,60,11.6,80,9.71,100,8.81,120,7.96,140,7.22,160,6.96,180,6.57,200e,6.47,215e,6.47,230e,6.47
7/7/2021 6:00,1542.37,5,18.75,10,18.37,20,17.47,30,16.16,40,13.11,60,11.23,80,9.66,100,8.8,120,8.03,140,7.22,160,6.96,180,6.74,200e,6.69,215e,6.59,230e,6.5
7/7/2021 7:00,1542.39,5,18.81,10,17.9,20,17.4,30,15.81,40,12.89,60,10.81,80,9.29,100,8.73,120,7.65,140,7.18,160,6.89,180,6.57,200e,6.49,215e,6.49,230e,6.49
7/7/2021 8:00,1542.36,5,18.86,10,17.86,20,17.14,30,15.25,40,12.79,60,10.67,80,9.28,100,8.45,120,7.59,140,6.92,160,6.61,180,6.54,200e,6.52,215e,6.51,230e,6.5
7/7/2021 9:00,1542.32,5,18.57,10,17.87,20,17.19,30,15.18,40,12.97,60,10.72,80,9.28,100,8.52,120,7.58,140,6.83,160,6.57,180,6.48,200e,6.46,215e,6.46,230e,6.46
7/7/2021 10:00,1542.28,5,18.43,10,18.24,20,17.24,30,15.7,40,14.11,60,10.98,80,9.63,100,8.56,120,7.38,140,6.73,160,6.56,180,6.46,200e,6.44,215e,6.44,230e,6.44
7/7/2021 11:00,1542.24,5,18.33,10,18.26,20,17.22,30,16.31,40,14.68,60,11.52,80,9.87,100,8.7,120,7.61,140,6.97,160,6.6,180,6.49,200e,6.46,215e,6.46,230e,6.46
7/7/2021 12:00,1542.2,5,18.29,10,18.2,20,16.93,30,16.26,40,15.25,60,11.84,80,10.19,100,8.85,120,7.5,140,7.1,160,6.74,180,6.57,200e,6.53,215e,6.51,230e,6.5
7/7/2021 13:00,1542.17,5,18.68,10,17.59,20,16.8,30,16.55,40,15.68,60,12.33,80,10.51,100,9.15,120,7.86,140,7.04,160,6.75,180,6.56,200e,6.51,215e,6.51,230e,6.5
7/7/2021 14:00,1542.13,5,18.6,10,17.69,20,16.82,30,16.36,40,15.72,60,12.23,80,10.53,100,9.21,120,8.05,140,7.23,160,6.7,180,6.53,200e,6.49,215e,6.49,230e,6.49
7/7/2021 15:00,1542.1,5,18.46,10,17.59,20,16.79,30,16.2,40,15.57,60,12.18,80,10.49,100,9.11,120,8.04,140,7.16,160,6.74,180,6.54,200e,6.49,215e,6.49,230e,6.49
7/7/2021 16:00,1542.06,5,18.23,10,17.65,20,16.85,30,16.16,40,15.1,60,12.26,80,10.34,100,9.07,120,8.2,140,7.12,160,6.71,180,6.53,200e,6.49,215e,6.49,230e,6.49
7/7/2021 17:00,1542.07,5,17.91,10,17.85,20,16.76,30,16.02,40,15.18,60,12.08,80,10.21,100,9.04,120,8,140,7.08,160,6.82,180,6.57,200e,6.51,215e,6.5,230e,6.5
7/7/2021 18:00,1542.09,5,17.88,10,17.82,20,16.87,30,15.99,40,15.11,60,11.95,80,10.25,100,9.03,120,8.06,140,7.14,160,6.77,180,6.57,200e,6.52,215e,6.51,230e,6.5
7/7/2021 19:00,1542.09,5,18.02,10,17.92,20,16.94,30,16.08,40,15.27,60,11.73,80,10.32,100,8.93,120,8.07,140,7.18,160,6.7,180,6.55,200e,6.51,215e,6.51,230e,6.5
7/7/2021 20:00,1542.08,5,18.09,10,17.96,20,17.11,30,16.26,40,15.56,60,11.72,80,9.89,100,8.77,120,8.01,140,7.19,160,6.75,180,6.59,200e,6.55,215e,6.53,230e,6.5
7/7/2021 21:00,1542.08,5,18.07,10,18,20,17.18,30,16.42,40,15.78,60,11.85,80,9.98,100,8.72,120,7.92,140,7.24,160,6.75,180,6.59,200e,6.55,215e,6.53,230e,6.5
7/7/2021 22:00,1542.07,5,18.11,10,18.04,20,17.96,30,16.93,40,16.01,60,12.24,80,9.81,100,8.7,120,7.99,140,7.07,160,6.68,180,6.54,200e,6.51,215e,6.5,230e,6.5
7/7/2021 23:00,1542.07,5,18.63,10,18.36,20,18.13,30,17.28,40,16.28,60,12.57,80,9.87,100,8.62,120,7.69,140,7.13,160,6.73,180,6.55,200e,6.51,215e,6.5,230e,6.5
7/8/2021 0:00,1542.06,5,18.71,10,18.57,20,18.37,30,17.74,40,16.69,60,12.94,80,10.02,100,8.67,120,7.7,140,7.11,160,6.79,180,6.6,200e,6.55,215e,6.53,230e,6.5
7/8/2021 1:00,1542.06,5,19.02,10,18.87,20,18.35,30,18,40,17.57,60,12.71,80,9.78,100,8.4,120,7.53,140,7.03,160,6.73,180,6.52,200e,6.47,215e,6.47,230e,6.47
7/8/2021 2:00,1542.04,5,19.23,10,18.87,20,18.68,30,18.31,40,17.92,60,12.49,80,9.7,100,8.29,120,7.44,140,7.09,160,6.66,180,6.53,200e,6.5,215e,6.5,230e,6.5
7/8/2021 3:00,1542.04,5,19.44,10,19.06,20,19,30,18.35,40,18.04,60,13.42,80,9.41,100,8.21,120,7.41,140,6.97,160,6.64,180,6.53,200e,6.5,215e,6.5,230e,6.5
7/8/2021 4:00,1542.02,5,19.38,10,19.2,20,19.02,30,18.55,40,18.09,60,12.78,80,9.45,100,8.25,120,7.35,140,6.88,160,6.65,180,6.55,200e,6.53,215e,6.51,230e,6.5
7/8/2021 5:00,1542.02,5,19.81,10,19.62,20,19.3,30,18.9,40,18.2,60,12.37,80,9.05,100,8.04,120,7.22,140,6.83,160,6.64,180,6.54,200e,6.52,215e,6.51,230e,6.5
7/8/2021 6:00,1542.02,5,19.87,10,19.8,20,19.36,30,19.05,40,18.39,60,12.42,80,9.63,100,8.26,120,7.43,140,7.02,160,6.63,180,6.51,200e,6.48,215e,6.48,230e,6.48
7/8/2021 7:00,1542.02,5,19.9,10,19.89,20,19.71,30,19.23,40,18.62,60,11.35,80,9.46,100,8.2,120,7.33,140,6.89,160,6.67,180,6.51,200e,6.47,215e,6.47,230e,6.47
7/8/2021 8:00,1542,5,20.11,10,19.9,20,19.43,30,19.09,40,18.51,60,11.48,80,9.26,100,8.2,120,7.26,140,6.91,160,6.62,180,6.52,200e,6.5,215e,6.5,230e,6.5
7/8/2021 9:00,1541.95,5,20.21,10,19.91,20,19.58,30,19.13,40,18.32,60,11.55,80,9.21,100,8.26,120,7.33,140,6.9,160,6.62,180,6.51,200e,6.48,215e,6.48,230e,6.48
7/8/2021 10:00,1541.91,5,20.16,10,20.06,20,19.53,30,19.19,40,16.39,60,11.16,80,9.29,100,8.33,120,7.3,140,6.83,160,6.58,180,6.5,200e,6.48,215e,6.48,230e,6.48
7/8/2021 11:00,1541.86,5,20.17,10,20.12,20,19.53,30,18.72,40,13.53,60,10.75,80,9.4,100,8.11,120,7.4,140,6.88,160,6.61,180,6.5,200e,6.47,215e,6.47,230e,6.47
7/8/2021 12:00,1541.82,5,20.11,10,20.08,20,19.36,30,17.75,40,13.01,60,10.51,80,9.52,100,7.97,120,7.2,140,6.84,160,6.59,180,6.5,200e,6.48,215e,6.48,230e,6.48
7/8/2021 13:00,1541.77,5,19.95,10,19.88,20,18.74,30,15.45,40,12.45,60,10.31,80,9.06,100,8.06,120,7.32,140,6.8,160,6.55,180,6.47,200e,6.45,215e,6.45,230e,6.45
7/8/2021 14:00,1541.74,5,20,10,19.77,20,16.92,30,15,40,12.1,60,10.33,80,8.69,100,7.9,120,7.19,140,6.9,160,6.58,180,6.49,200e,6.47,215e,6.47,230e,6.47
7/8/2021 15:00,1541.72,5,20,10,19.01,20,16.9,30,14.01,40,11.97,60,9.98,80,8.78,100,7.74,120,7.14,140,6.87,160,6.67,180,6.53,200e,6.5,215e,6.5,230e,6.5
7/8/2021 16:00,1541.68,5,19.61,10,18.67,20,16.54,30,13.33,40,12.15,60,9.99,80,8.73,100,7.99,120,7.13,140,6.82,160,6.7,180,6.56,200e,6.53,215e,6.51,230e,6.5
7/8/2021 17:00,1541.69,5,19.58,10,19.02,20,16.81,30,13.93,40,12.54,60,10.19,80,9.14,100,8.3,120,7.57,140,7,160,6.86,180,6.58,200e,6.51,215e,6.51,230e,6.5
7/8/2021 18:00,1541.71,5,19.78,10,18.99,20,18.03,30,14.93,40,13.49,60,10.98,80,9.63,100,8.73,120,8.13,140,7.37,160,7.02,180,6.67,200e,6.58,215e,6.54,230e,6.5
7/8/2021 19:00,1541.7,5,19.4,10,18.85,20,17.26,30,16.19,40,15.1,60,12.12,80,10.15,100,9.01,120,8.37,140,7.92,160,7.21,180,6.77,200e,6.66,215e,6.58,230e,6.5
7/8/2021 20:00,1541.7,5,19.15,10,18.95,20,17.95,30,16.73,40,15.73,60,13.4,80,10.38,100,9.29,120,8.57,140,7.79,160,7.06,180,6.74,200e,6.66,215e,6.58,230e,6.5
7/8/2021 21:00,1541.7,5,19.16,10,18.86,20,18.73,30,17.44,40,16.19,60,13.69,80,11.14,100,9.91,120,8.64,140,7.83,160,7.26,180,6.83,200e,6.72,215e,6.61,230e,6.5
7/8/2021 22:00,1541.7,5,19.27,10,18.77,20,18.73,30,18.32,40,16.73,60,14.14,80,11.79,100,9.93,120,8.68,140,7.87,160,7.25,180,6.75,200e,6.63,215e,6.56,230e,6.5
7/8/2021 23:00,1541.7,5,19.32,10,19.21,20,18.88,30,18.11,40,17.46,60,14.53,80,10.98,100,10.11,120,8.79,140,8.04,160,7.08,180,6.75,200e,6.67,215e,6.58,230e,6.5
7/9/2021 0:00,1541.71,5,19.22,10,19.19,20,19.14,30,18.52,40,17.37,60,14.83,80,11.11,100,9.75,120,8.83,140,7.96,160,6.9,180,6.73,200e,6.69,215e,6.59,230e,6.5
7/9/2021 1:00,1541.71,5,19.18,10,19.18,20,19.2,30,18.59,40,17.75,60,13.73,80,10.78,100,9.27,120,8.61,140,7.58,160,7.03,180,6.82,200e,6.77,215e,6.63,230e,6.5
7/9/2021 2:00,1541.71,5,19.17,10,19.16,20,19.19,30,18.99,40,17.96,60,12.84,80,10.35,100,9,120,8.38,140,7.66,160,7.18,180,6.86,200e,6.78,215e,6.64,230e,6.5
7/9/2021 3:00,1541.71,5,19.16,10,19.14,20,19.17,30,18.89,40,17.84,60,12.28,80,10.09,100,9.14,120,8.28,140,7.67,160,7.06,180,6.81,200e,6.75,215e,6.62,230e,6.5
7/9/2021 4:00,1541.71,5,19.12,10,19.11,20,19.16,30,19.13,40,17.56,60,11.66,80,9.96,100,9.03,120,8.45,140,7.8,160,7.07,180,6.7,200e,6.61,215e,6.55,230e,6.5
7/9/2021 5:00,1541.72,5,19.15,10,19.13,20,19.16,30,18.89,40,16.86,60,11.08,80,10.1,100,9.16,120,8.3,140,7.67,160,7.16,180,6.89,200e,6.82,215e,6.66,230e,6.5
7/9/2021 6:00,1541.72,5,19.31,10,19.26,20,19.15,30,19.1,40,16.93,60,10.78,80,9.83,100,9.06,120,8.43,140,7.59,160,7.1,180,6.7,200e,6.6,215e,6.55,230e,6.5
7/9/2021 7:00,1541.73,5,19.49,10,19.42,20,19.29,30,19.08,40,17.06,60,10.94,80,9.86,100,8.74,120,8.23,140,7.45,160,7.02,180,6.88,200e,6.85,215e,6.67,230e,6.5
7/9/2021 8:00,1541.74,5,19.91,10,19.51,20,19.4,30,19.15,40,17.24,60,10.96,80,9.56,100,8.68,120,7.79,140,7.31,160,6.86,180,6.58,200e,6.51,215e,6.51,230e,6.5
7/9/2021 9:00,1541.71,5,20.23,10,19.69,20,19.38,30,19.12,40,18.68,60,11.02,80,9.61,100,8.5,120,7.49,140,7.03,160,6.67,180,6.56,200e,6.53,215e,6.52,230e,6.5
7/9/2021 10:00,1541.67,5,20.69,10,19.8,20,19.57,30,19.11,40,19.01,60,10.9,80,9.58,100,8.43,120,7.29,140,6.86,160,6.59,180,6.51,200e,6.49,215e,6.49,230e,6.49
7/9/2021 11:00,1541.63,5,20.83,10,20.05,20,19.73,30,19.26,40,19.04,60,10.79,80,9.59,100,8.28,120,7.24,140,6.8,160,6.53,180,6.48,200e,6.47,215e,6.47,230e,6.47
7/9/2021 12:00,1541.58,5,20.8,10,20.09,20,19.78,30,19.35,40,19.07,60,11.25,80,9.82,100,7.89,120,7.06,140,6.67,160,6.56,180,6.48,200e,6.46,215e,6.46,230e,6.46
7/9/2021 13:00,1541.53,5,20.81,10,20.48,20,19.76,30,19.42,40,19.18,60,10.97,80,9.57,100,8.11,120,7.18,140,6.71,160,6.55,180,6.49,200e,6.48,215e,6.48,230e,6.48
7/9/2021 14:00,1541.49,5,20.81,10,20.5,20,19.93,30,19.33,40,18.76,60,11.08,80,9.54,100,8,120,7.16,140,6.79,160,6.56,180,6.51,200e,6.5,215e,6.5,230e,6.5
7/9/2021 15:00,1541.45,5,20.85,10,20.44,20,19.88,30,19.37,40,15.1,60,10.66,80,9.53,100,8.33,120,7.15,140,6.82,160,6.63,180,6.53,200e,6.51,215e,6.5,230e,6.5
7/9/2021 16:00,1541.41,5,20.78,10,20.28,20,19.85,30,19.16,40,14.2,60,10.82,80,9.25,100,8.15,120,7.22,140,6.81,160,6.62,180,6.49,200e,6.46,215e,6.46,230e,6.46
7/9/2021 17:00,1541.38,5,20.78,10,20.03,20,19.69,30,18.66,40,13.79,60,10.85,80,9.62,100,8.05,120,7.19,140,6.84,160,6.59,180,6.51,200e,6.49,215e,6.49,230e,6.49
7/9/2021 18:00,1541.34,5,20.57,10,20.04,20,19.5,30,16.91,40,13.62,60,10.92,80,9.72,100,8.33,120,7.14,140,6.82,160,6.62,180,6.55,200e,6.53,215e,6.52,230e,6.5
7/9/2021 19:00,1541.3,5,20.25,10,20.18,20,19.48,30,17.69,40,13.84,60,11.13,80,9.72,100,8.67,120,7.41,140,6.95,160,6.74,180,6.53,200e,6.48,215e,6.48,230e,6.48
7/9/2021 20:00,1541.26,5,20.32,10,20.03,20,19.36,30,17.98,40,14.13,60,11.55,80,9.74,100,8.75,120,7.43,140,6.99,160,6.73,180,6.55,200e,6.51,215e,6.5,230e,6.5
7/9/2021 21:00,1541.23,5,20.46,10,19.79,20,19.26,30,18.52,40,14.53,60,11.67,80,10,100,8.71,120,7.66,140,7.13,160,6.83,180,6.64,200e,6.59,215e,6.55,230e,6.5
7/9/2021 22:00,1541.24,5,20.28,10,19.64,20,19.26,30,18.6,40,15.6,60,11.73,80,10.01,100,8.9,120,7.86,140,7.18,160,6.93,180,6.73,200e,6.68,215e,6.59,230e,6.5
7/9/2021 23:00,1541.25,5,20.14,10,19.67,20,19.33,30,19.04,40,15.9,60,11.89,80,10.42,100,9.07,120,8.2,140,7.26,160,6.91,180,6.72,200e,6.67,215e,6.59,230e,6.5
7/10/2021 0:00,1541.26,5,20.04,10,19.73,20,19.41,30,19.05,40,17.5,60,12.05,80,10.54,100,9.18,120,8.25,140,7.3,160,6.93,180,6.77,200e,6.73,215e,6.62,230e,6.5
7/10/2021 1:00,1541.28,5,20.02,10,19.81,20,19.4,30,19.05,40,17.47,60,12.56,80,10.56,100,9.48,120,7.96,140,7.31,160,6.94,180,6.77,200e,6.73,215e,6.61,230e,6.5
7/10/2021 2:00,1541.3,5,19.97,10,19.79,20,19.63,30,19.22,40,18.07,60,13,80,10.89,100,9.57,120,7.96,140,7.24,160,6.98,180,6.73,200e,6.67,215e,6.58,230e,6.5
7/10/2021 3:00,1541.31,5,19.9,10,19.86,20,19.58,30,19.16,40,18.24,60,13.21,80,10.77,100,9.74,120,8.26,140,7.46,160,7.01,180,6.74,200e,6.67,215e,6.59,230e,6.5
7/10/2021 4:00,1541.32,5,19.84,10,19.84,20,19.55,30,19.13,40,17.94,60,12.85,80,11.02,100,9.05,120,8.22,140,7.55,160,6.86,180,6.71,200e,6.67,215e,6.59,230e,6.5
7/10/2021 5:00,1541.34,5,19.91,10,19.91,20,19.75,30,19.16,40,17.98,60,12.91,80,10.74,100,9.38,120,7.98,140,7.23,160,6.82,180,6.7,200e,6.67,215e,6.59,230e,6.5
7/10/2021 6:00,1541.32,5,19.95,10,19.95,20,19.83,30,19.23,40,17.45,60,12.66,80,10.59,100,9.33,120,7.84,140,7.27,160,6.94,180,6.7,200e,6.64,215e,6.57,230e,6.5
7/10/2021 7:00,1541.28,5,19.96,10,19.94,20,19.85,30,19.14,40,17.25,60,12.38,80,10.49,100,9.26,120,8.14,140,7.33,160,6.89,180,6.59,200e,6.52,215e,6.51,230e,6.5
7/10/2021 8:00,1541.25,5,20.39,10,20.03,20,19.95,30,19.22,40,16.35,60,11.76,80,10.37,100,9.09,120,7.9,140,7.3,160,6.95,180,6.6,200e,6.51,215e,6.51,230e,6.5
7/10/2021 9:00,1541.22,5,20.85,10,20.09,20,19.96,30,19.17,40,16.02,60,11.76,80,10.22,100,8.84,120,7.76,140,7.23,160,6.69,180,6.55,200e,6.52,215e,6.51,230e,6.5
7/10/2021 10:00,1541.17,5,20.47,10,20.09,20,19.84,30,18.96,40,15.93,60,11.46,80,9.59,100,8.63,120,7.47,140,6.94,160,6.74,180,6.56,200e,6.52,215e,6.51,230e,6.5
7/10/2021 11:00,1541.17,5,20.56,10,20.18,20,19.82,30,18.87,40,15.13,60,11.09,80,9.54,100,8.27,120,7.49,140,6.86,160,6.6,180,6.52,200e,6.5,215e,6.5,230e,6.5
7/10/2021 12:00,1541.18,5,20.63,10,20.21,20,19.77,30,18.83,40,14.43,60,11.12,80,9.44,100,8.1,120,7.15,140,6.83,160,6.59,180,6.53,200e,6.52,215e,6.51,230e,6.5
7/10/2021 13:00,1541.19,5,20.71,10,20.1,20,19.87,30,18.3,40,14.26,60,11.21,80,9.22,100,7.97,120,7.15,140,6.74,160,6.59,180,6.54,200e,6.53,215e,6.51,230e,6.5
7/10/2021 14:00,1541.17,5,20.78,10,20.1,20,19.81,30,17.28,40,14.39,60,10.87,80,9.16,100,8.01,120,7.13,140,6.74,160,6.6,180,6.51,200e,6.49,215e,6.49,230e,6.49
7/10/2021 15:00,1541.13,5,20.89,10,20.13,20,19.76,30,17.21,40,14.65,60,11.1,80,9.2,100,8.19,120,7.21,140,6.76,160,6.59,180,6.54,200e,6.53,215e,6.51,230e,6.5
7/10/2021 16:00,1541.1,5,20.92,10,20.08,20,19.55,30,17.26,40,15.06,60,11.18,80,9.4,100,8.31,120,7.33,140,6.76,160,6.59,180,6.54,200e,6.53,215e,6.51,230e,6.5
7/10/2021 17:00,1541.06,5,20.74,10,20.1,20,19.05,30,17.21,40,15.75,60,11.47,80,9.64,100,8.6,120,7.44,140,6.8,160,6.57,180,6.52,200e,6.51,215e,6.5,230e,6.5
7/10/2021 18:00,1541.02,5,20.43,10,19.79,20,19.38,30,18.44,40,16.1,60,11.96,80,9.93,100,8.77,120,7.87,140,7.05,160,6.64,180,6.54,200e,6.52,215e,6.51,230e,6.5
7/10/2021 19:00,1540.99,5,20.18,10,20.01,20,19.5,30,18.36,40,16.19,60,12.28,80,10.29,100,8.87,120,7.97,140,7.21,160,6.73,180,6.57,200e,6.53,215e,6.52,230e,6.5
7/10/2021 20:00,1540.96,5,20.04,10,19.98,20,19.42,30,18.19,40,16.29,60,12.41,80,10.4,100,8.88,120,8.29,140,7.61,160,6.9,180,6.59,200e,6.51,215e,6.51,230e,6.5
7/10/2021 21:00,1540.92,5,20.34,10,19.7,20,19.3,30,18.95,40,17.44,60,12.23,80,10.75,100,9.15,120,8.36,140,7.78,160,6.98,180,6.61,200e,6.52,215e,6.51,230e,6.5
7/10/2021 22:00,1540.93,5,20.29,10,19.75,20,19.37,30,18.95,40,17.04,60,12.34,80,10.64,100,9.29,120,8.35,140,7.71,160,6.9,180,6.64,200e,6.58,215e,6.54,230e,6.5
7/10/2021 23:00,1540.94,5,20.02,10,19.89,20,19.62,30,18.89,40,17.87,60,12.86,80,10.59,100,9.43,120,8.28,140,7.44,160,6.96,180,6.68,200e,6.61,215e,6.56,230e,6.5
7/11/2021 0:00,1540.96,5,19.98,10,19.93,20,19.51,30,18.96,40,18.17,60,12.8,80,10.99,100,9.31,120,8.24,140,7.75,160,7.02,180,6.67,200e,6.58,215e,6.54,230e,6.5
7/11/2021 1:00,1540.98,5,19.94,10,19.91,20,19.58,30,19.16,40,18.28,60,12.76,80,10.72,100,9.04,120,8.24,140,7.74,160,7.21,180,6.7,200e,6.57,215e,6.54,230e,6.5
7/11/2021 2:00,1540.99,5,19.86,10,19.85,20,19.77,30,19.21,40,18.12,60,12.96,80,10.4,100,9.2,120,8.32,140,7.55,160,7,180,6.65,200e,6.56,215e,6.53,230e,6.5
7/11/2021 3:00,1541,5,19.86,10,19.86,20,19.71,30,19.3,40,18.09,60,12.21,80,10.12,100,9.05,120,8.18,140,7.38,160,6.99,180,6.65,200e,6.57,215e,6.53,230e,6.5
7/11/2021 4:00,1541.02,5,19.84,10,19.84,20,19.84,30,19.32,40,17.95,60,11.68,80,10.04,100,8.82,120,8.04,140,7.46,160,6.88,180,6.62,200e,6.56,215e,6.53,230e,6.5
7/11/2021 5:00,1541.03,5,19.86,10,19.86,20,19.89,30,19.42,40,18.35,60,11.65,80,10.06,100,8.81,120,7.96,140,7.45,160,6.92,180,6.62,200e,6.55,215e,6.52,230e,6.5
7/11/2021 6:00,1541.01,5,19.92,10,19.93,20,19.91,30,19.76,40,18.47,60,11.72,80,10.07,100,8.62,120,8.04,140,7.3,160,6.8,180,6.58,200e,6.53,215e,6.51,230e,6.5
7/11/2021 7:00,1540.98,5,19.99,10,19.98,20,19.9,30,19.79,40,16.96,60,11.73,80,9.9,100,8.6,120,7.59,140,7.08,160,6.75,180,6.61,200e,6.58,215e,6.54,230e,6.5
7/11/2021 8:00,1540.95,5,20.15,10,20.06,20,19.91,30,19.73,40,17.61,60,11.57,80,9.8,100,8.4,120,7.47,140,7.01,160,6.66,180,6.54,200e,6.51,215e,6.51,230e,6.5
7/11/2021 9:00,1540.91,5,20.61,10,20.2,20,20.02,30,19.77,40,17.68,60,11.69,80,9.85,100,8.34,120,7.41,140,6.88,160,6.62,180,6.53,200e,6.51,215e,6.5,230e,6.5
7/11/2021 10:00,1540.87,5,20.51,10,20.18,20,20.09,30,19.71,40,18.49,60,11.98,80,9.81,100,8.13,120,7.35,140,6.79,160,6.61,180,6.52,200e,6.5,215e,6.5,230e,6.5
7/11/2021 11:00,1540.81,5,20.64,10,20.26,20,20.03,30,19.64,40,18.28,60,11.91,80,9.57,100,8.12,120,7.2,140,6.82,160,6.61,180,6.55,200e,6.54,215e,6.52,230e,6.5
7/11/2021 12:00,1540.77,5,20.65,10,20.53,20,19.95,30,19.69,40,16.67,60,11.38,80,9.53,100,8.04,120,7.11,140,6.76,160,6.58,180,6.53,200e,6.52,215e,6.51,230e,6.5
7/11/2021 13:00,1540.74,5,20.7,10,20.62,20,20,30,19.78,40,15.6,60,11.53,80,9.18,100,7.91,120,7.16,140,6.73,160,6.58,180,6.52,200e,6.51,215e,6.5,230e,6.5
7/11/2021 14:00,1540.7,5,20.78,10,20.67,20,19.99,30,18.87,40,15.36,60,11.32,80,9.24,100,8.02,120,7.21,140,6.75,160,6.59,180,6.54,200e,6.53,215e,6.51,230e,6.5
7/11/2021 15:00,1540.68,5,20.855,10,20.565,20,19.895,30,17.925,40,14.975,60,11.17,80,9.295,100,8.095,120,7.305,140,6.85,160,6.61,180,6.55,200e,6.535,215e,6.515,230e,6.5
7/11/2021 16:00,1540.65,5,20.93,10,20.46,20,19.8,30,16.98,40,14.59,60,11.02,80,9.35,100,8.17,120,7.4,140,6.95,160,6.63,180,6.56,200e,6.54,215e,6.52,230e,6.5
7/11/2021 17:00,1540.61,5,20.71,10,20.17,20,19.6,30,16.66,40,14.99,60,10.8,80,9.13,100,8.35,120,7.47,140,6.92,160,6.65,180,6.57,200e,6.55,215e,6.53,230e,6.5
7/11/2021 18:00,1540.58,5,20.44,10,19.98,20,18.91,30,16.96,40,14.21,60,11.13,80,9.27,100,8.46,120,7.64,140,7.23,160,6.82,180,6.62,200e,6.57,215e,6.54,230e,6.5
7/11/2021 19:00,1540.55,5,20.28,10,20.17,20,19.44,30,17.57,40,15.13,60,11.02,80,9.54,100,8.7,120,7.91,140,7.55,160,7.09,180,6.73,200e,6.64,215e,6.57,230e,6.5
7/11/2021 20:00,1540.51,5,20.19,10,20.14,20,19.54,30,17.74,40,15.57,60,11.4,80,9.83,100,9.03,120,8.29,140,7.78,160,7.27,180,6.9,200e,6.81,215e,6.65,230e,6.5
7/11/2021 21:00,1540.48,5,20.05,10,20,20,19.66,30,18.4,40,16.52,60,12.04,80,10.24,100,9.29,120,8.54,140,7.88,160,7.37,180,6.96,200e,6.86,215e,6.68,230e,6.5
7/11/2021 22:00,1540.48,5,20.42,10,19.92,20,19.65,30,18.5,40,17.33,60,12.63,80,10.23,100,9.49,120,8.58,140,7.93,160,7.42,180,6.93,200e,6.81,215e,6.65,230e,6.5
7/11/2021 23:00,1540.49,5,20.23,10,19.91,20,19.71,30,18.84,40,17.71,60,14.04,80,10.49,100,9.42,120,8.7,140,8.16,160,7.47,180,7.04,200e,6.93,215e,6.72,230e,6.5
7/12/2021 0:00,1540.51,5,20.13,10,20.01,20,19.69,30,18.98,40,18.16,60,14.12,80,11.28,100,9.69,120,8.76,140,8.09,160,7.35,180,6.99,200e,6.9,215e,6.7,230e,6.5
7/12/2021 1:00,1540.53,5,20.04,10,20.03,20,19.7,30,18.98,40,18.3,60,14.43,80,11.36,100,9.65,120,8.74,140,7.88,160,7.29,180,6.9,200e,6.8,215e,6.65,230e,6.5
7/12/2021 2:00,1540.54,5,20.07,10,20.08,20,19.77,30,19.04,40,18.43,60,14.17,80,10.93,100,9.62,120,8.6,140,7.87,160,7.2,180,6.85,200e,6.76,215e,6.63,230e,6.5
7/12/2021 3:00,1540.56,5,20.12,10,20.12,20,19.98,30,19.09,40,18.13,60,13.71,80,10.38,100,9.31,120,8.27,140,7.7,160,7.29,180,6.88,200e,6.78,215e,6.64,230e,6.5
7/12/2021 4:00,1540.57,5,20.13,10,20.14,20,20.02,30,18.96,40,18,60,12.72,80,10.04,100,9.06,120,8.28,140,7.75,160,7.09,180,6.79,200e,6.72,215e,6.61,230e,6.5
7/12/2021 5:00,1540.59,5,20.11,10,20.1,20,20.05,30,18.79,40,17.66,60,11.83,80,10,100,9.06,120,8.24,140,7.56,160,7.08,180,6.75,200e,6.67,215e,6.58,230e,6.5
7/12/2021 6:00,1540.57,5,20.11,10,20.1,20,20.03,30,18.91,40,17.42,60,11.75,80,10.09,100,8.96,120,8.13,140,7.43,160,7.07,180,6.67,200e,6.57,215e,6.54,230e,6.5
7/12/2021 7:00,1540.54,5,20.11,10,20.09,20,20.01,30,19.19,40,16.94,60,11.42,80,9.83,100,8.76,120,7.98,140,7.34,160,7.03,180,6.69,200e,6.61,215e,6.55,230e,6.5
7/12/2021 8:00,1540.5,5,20.45,10,20.17,20,20.02,30,19.54,40,16.69,60,11.45,80,9.69,100,8.52,120,7.71,140,7.2,160,6.82,180,6.6,200e,6.55,215e,6.52,230e,6.5
7/12/2021 9:00,1540.46,5,20.53,10,20.2,20,20.06,30,19.72,40,16.65,60,11.44,80,9.68,100,8.32,120,7.62,140,6.96,160,6.64,180,6.55,200e,6.53,215e,6.51,230e,6.5
7/12/2021 10:00,1540.42,5,20.45,10,20.22,20,20.08,30,19.74,40,17.26,60,11.37,80,9.71,100,8.32,120,7.32,140,6.9,160,6.62,180,6.52,200e,6.5,215e,6.5,230e,6.5
7/12/2021 11:00,1540.41,5,20.46,10,20.33,20,20.07,30,19.75,40,16.42,60,11.41,80,9.45,100,8.14,120,7.25,140,6.76,160,6.59,180,6.53,200e,6.52,215e,6.51,230e,6.5
7/12/2021 12:00,1540.42,5,20.54,10,20.41,20,20,30,19.79,40,15.42,60,11.19,80,9.17,100,7.95,120,7.09,140,6.71,160,6.57,180,6.51,200e,6.5,215e,6.5,230e,6.5
7/12/2021 13:00,1540.4,5,20.68,10,20.32,20,20,30,19.46,40,15.46,60,11.29,80,9.24,100,8.05,120,7.11,140,6.7,160,6.56,180,6.48,200e,6.46,215e,6.46,230e,6.46
7/12/2021 14:00,1540.37,5,20.77,10,20.33,20,20.05,30,19.12,40,15.33,60,11.68,80,9.68,100,8.08,120,7.15,140,6.74,160,6.61,180,6.52,200e,6.5,215e,6.5,230e,6.5
7/12/2021 15:00,1540.34,5,20.85,10,20.34,20,20.06,30,18.62,40,16.1,60,11.77,80,9.66,100,8.26,120,7.23,140,6.77,160,6.62,180,6.51,200e,6.48,215e,6.48,230e,6.48
7/12/2021 16:00,1540.3,5,20.91,10,20.24,20,19.86,30,18.52,40,16.71,60,11.78,80,9.79,100,8.47,120,7.23,140,6.77,160,6.62,180,6.53,200e,6.51,215e,6.5,230e,6.5
7/12/2021 17:00,1540.26,5,20.85,10,20.16,20,19.82,30,18.17,40,17.03,60,11.82,80,9.94,100,8.67,120,7.42,140,6.94,160,6.69,180,6.56,200e,6.53,215e,6.51,230e,6.5
7/12/2021 18:00,1540.23,5,20.56,10,20.11,20,19.79,30,18.38,40,16.86,60,12.27,80,10,100,8.97,120,7.8,140,7.09,160,6.8,180,6.62,200e,6.58,215e,6.54,230e,6.5
7/12/2021 19:00,1540.19,5,20.35,10,20.2,20,19.85,30,18.73,40,16.79,60,12.46,80,10.2,100,8.98,120,8.03,140,7.35,160,6.92,180,6.68,200e,6.62,215e,6.56,230e,6.5
7/12/2021 20:00,1540.16,5,20.3,10,20.19,20,19.91,30,18.85,40,16.83,60,12.01,80,10.14,100,9.04,120,8.46,140,7.67,160,7.01,180,6.74,200e,6.67,215e,6.59,230e,6.5
7/12/2021 21:00,1540.13,5,20.49,10,20.33,20,19.99,30,18.88,40,17.53,60,12.18,80,10.14,100,8.97,120,8.44,140,7.51,160,6.96,180,6.69,200e,6.62,215e,6.56,230e,6.5
7/12/2021 22:00,1540.13,5,20.39,10,20.35,20,19.94,30,19.08,40,17.78,60,12.17,80,10.09,100,9.11,120,8.38,140,7.42,160,6.98,180,6.69,200e,6.62,215e,6.56,230e,6.5
7/12/2021 23:00,1540.14,5,20.37,10,20.37,20,20.05,30,19.32,40,18.32,60,12.42,80,10.46,100,9.3,120,8.37,140,7.42,160,7.03,180,6.75,200e,6.68,215e,6.59,230e,6.5
7/13/2021 0:00,1540.15,5,20.47,10,20.39,20,20.11,30,19.6,40,18.73,60,12.68,80,10.88,100,9.37,120,8.45,140,7.63,160,7.03,180,6.7,200e,6.62,215e,6.56,230e,6.5
7/13/2021 1:00,1540.17,5,20.49,10,20.46,20,20.13,30,19.63,40,18.76,60,13.19,80,11.08,100,9.52,120,8.74,140,8.03,160,7.23,180,6.75,200e,6.63,215e,6.57,230e,6.5
7/13/2021 2:00,1540.19,5,20.42,10,20.41,20,20.18,30,19.81,40,18.32,60,12.81,80,11.13,100,9.47,120,8.9,140,7.74,160,7.15,180,6.86,200e,6.79,215e,6.64,230e,6.5
7/13/2021 3:00,1540.21,5,20.38,10,20.37,20,20.14,30,19.76,40,18.18,60,12.43,80,10.58,100,9.51,120,8.55,140,7.61,160,7.11,180,6.78,200e,6.7,215e,6.6,230e,6.5
7/13/2021 4:00,1540.23,5,20.35,10,20.34,20,20.14,30,19.82,40,17.96,60,12.06,80,10.54,100,9.62,120,8.24,140,7.39,160,6.92,180,6.68,200e,6.62,215e,6.56,230e,6.5
7/13/2021 5:00,1540.24,5,20.31,10,20.31,20,20.21,30,19.68,40,17.36,60,12.07,80,10.5,100,9.09,120,8.23,140,7.27,160,6.89,180,6.62,200e,6.55,215e,6.53,230e,6.5
7/13/2021 6:00,1540.26,5,20.3,10,20.29,20,20.24,30,19.77,40,17.22,60,11.98,80,10.4,100,8.88,120,8.04,140,7.14,160,6.79,180,6.6,200e,6.55,215e,6.53,230e,6.5
7/13/2021 7:00,1540.27,5,20.31,10,20.29,20,20.24,30,19.57,40,16.9,60,11.88,80,10.41,100,8.62,120,7.85,140,7.07,160,6.7,180,6.57,200e,6.54,215e,6.52,230e,6.5
7/13/2021 8:00,1540.24,5,20.63,10,20.38,20,20.28,30,19.82,40,17.19,60,12.17,80,9.99,100,8.58,120,7.37,140,6.96,160,6.72,180,6.57,200e,6.53,215e,6.52,230e,6.5
7/13/2021 9:00,1540.19,5,20.65,10,20.4,20,20.31,30,20.02,40,17.48,60,12.36,80,10,100,8.41,120,7.29,140,6.93,160,6.68,180,6.58,200e,6.56,215e,6.53,230e,6.5
7/13/2021 10:00,1540.14,5,20.7,10,20.42,20,20.28,30,20.09,40,17.66,60,12.3,80,9.86,100,8.29,120,7.31,140,6.86,160,6.64,180,6.56,200e,6.54,215e,6.52,230e,6.5
7/13/2021 11:00,1540.1,5,20.74,10,20.47,20,20.26,30,20.06,40,16.59,60,12.07,80,9.86,100,8.14,120,7.21,140,6.82,160,6.67,180,6.53,200e,6.5,215e,6.5,230e,6.5
7/13/2021 12:00,1540.04,5,20.69,10,20.65,20,20.24,30,19.87,40,16.04,60,11.9,80,9.56,100,8.19,120,7.15,140,6.84,160,6.64,180,6.53,200e,6.5,215e,6.5,230e,6.5
7/13/2021 13:00,1540,5,20.8,10,20.72,20,20.27,30,19.16,40,15.93,60,11.76,80,9.51,100,8.47,120,7.27,140,6.73,160,6.61,180,6.52,200e,6.5,215e,6.5,230e,6.5
7/13/2021 14:00,1539.96,5,20.87,10,20.51,20,20.2,30,17.67,40,15.41,60,11.71,80,9.44,100,8.43,120,7.41,140,6.82,160,6.63,180,6.51,200e,6.48,215e,6.48,230e,6.48
7/13/2021 15:00,1539.93,5,20.86,10,20.69,20,20.07,30,17.54,40,15.1,60,11.38,80,9.41,100,8.48,120,7.46,140,6.93,160,6.65,180,6.55,200e,6.53,215e,6.51,230e,6.5
7/13/2021 16:00,1539.9,5,20.84,10,20.75,20,19.71,30,17.19,40,14.84,60,11.14,80,9.48,100,8.59,120,7.51,140,7.01,160,6.68,180,6.58,200e,6.56,215e,6.53,230e,6.5
7/13/2021 17:00,1539.85,5,20.67,10,20.62,20,19.21,30,16.96,40,14.56,60,10.84,80,9.37,100,8.68,120,7.56,140,7.08,160,6.75,180,6.61,200e,6.58,215e,6.54,230e,6.5
7/13/2021 18:00,1539.82,5,20.55,10,20.49,20,19,30,17.31,40,14.82,60,11.21,80,9.71,100,8.85,120,8,140,7.21,160,6.82,180,6.66,200e,6.62,215e,6.56,230e,6.5
7/13/2021 19:00,1539.79,5,20.81,10,20.35,20,19.11,30,17.75,40,15.09,60,11.49,80,9.91,100,9.08,120,8.27,140,7.51,160,7.03,180,6.72,200e,6.64,215e,6.57,230e,6.5
7/13/2021 20:00,1539.75,5,20.87,10,20.02,20,19.36,30,18.11,40,15.78,60,11.57,80,10.07,100,9.23,120,8.45,140,7.76,160,7.15,180,6.73,200e,6.63,215e,6.56,230e,6.5
7/13/2021 21:00,1539.72,5,20.57,10,19.98,20,19.44,30,18.36,40,16.94,60,12.01,80,10.33,100,9.38,120,8.64,140,7.79,160,6.96,180,6.66,200e,6.59,215e,6.54,230e,6.5
7/13/2021 22:00,1539.72,5,20.56,10,20.05,20,19.69,30,18.16,40,17.25,60,13.28,80,10.7,100,9.57,120,8.6,140,7.77,160,6.96,180,6.67,200e,6.6,215e,6.55,230e,6.5
7/13/2021 23:00,1539.73,5,20.33,10,20.09,20,19.62,30,18.65,40,18,60,14.09,80,11.25,100,9.7,120,8.81,140,7.65,160,6.98,180,6.71,200e,6.64,215e,6.57,230e,6.5
7/14/2021 0:00,1539.74,5,20.22,10,20.16,20,19.64,30,18.95,40,18,60,14.42,80,11.51,100,10.17,120,9.02,140,8.11,160,7.24,180,6.68,200e,6.54,215e,6.52,230e,6.5
7/14/2021 1:00,1539.75,5,20.21,10,20.08,20,19.91,30,18.79,40,18.14,60,15.34,80,11.83,100,9.87,120,8.88,140,7.71,160,6.99,180,6.66,200e,6.58,215e,6.54,230e,6.5
7/14/2021 2:00,1539.78,5,20.19,10,20.16,20,20.02,30,19.14,40,18.25,60,14.85,80,11.62,100,9.81,120,8.63,140,7.57,160,7.02,180,6.67,200e,6.58,215e,6.54,230e,6.5
7/14/2021 3:00,1539.79,5,20.16,10,20.13,20,20.06,30,19.17,40,18.02,60,14.37,80,10.67,100,9.8,120,8.34,140,7.57,160,6.98,180,6.64,200e,6.56,215e,6.53,230e,6.5
7/14/2021 4:00,1539.81,5,20.16,10,20.13,20,20.03,30,18.97,40,17.99,60,13.08,80,10.59,100,9.43,120,8.27,140,7.4,160,6.96,180,6.64,200e,6.56,215e,6.53,230e,6.5
7/14/2021 5:00,1539.82,5,20.12,10,20.12,20,20.12,30,19.02,40,17.92,60,12.08,80,10.55,100,9.34,120,8.23,140,7.26,160,6.87,180,6.66,200e,6.61,215e,6.55,230e,6.5
7/14/2021 6:00,1539.84,5,20.14,10,20.11,20,20.11,30,19.31,40,17.16,60,12.03,80,10.33,100,8.96,120,8,140,7.24,160,6.93,180,6.66,200e,6.59,215e,6.55,230e,6.5
7/14/2021 7:00,1539.86,5,20.15,10,20.11,20,20.11,30,19.26,40,16.77,60,11.58,80,10.24,100,8.92,120,7.57,140,7.07,160,6.81,180,6.64,200e,6.6,215e,6.55,230e,6.5
7/14/2021 8:00,1539.83,5,20.47,10,20.2,20,20.12,30,19.44,40,16.83,60,11.51,80,10.14,100,8.57,120,7.54,140,6.92,160,6.72,180,6.62,200e,6.6,215e,6.55,230e,6.5
7/14/2021 9:00,1539.78,5,20.48,10,20.27,20,20.17,30,19.69,40,17.41,60,11.61,80,10.01,100,8.52,120,7.52,140,6.9,160,6.68,180,6.58,200e,6.56,215e,6.53,230e,6.5
7/14/2021 10:00,1539.74,5,20.47,10,20.37,20,20.22,30,19.87,40,17.09,60,11.78,80,10,100,8.14,120,7.24,140,6.78,160,6.61,180,6.57,200e,6.56,215e,6.53,230e,6.5
7/14/2021 11:00,1539.69,5,20.5,10,20.47,20,20.23,30,19.84,40,16.45,60,11.38,80,9.85,100,7.9,120,7.17,140,6.83,160,6.64,180,6.58,200e,6.57,215e,6.53,230e,6.5
7/14/2021 12:00,1539.65,5,20.56,10,20.51,20,20.21,30,19.71,40,15.8,60,11.45,80,9.85,100,7.92,120,7.2,140,6.79,160,6.66,180,6.59,200e,6.57,215e,6.54,230e,6.5
7/14/2021 13:00,1539.6,5,20.64,10,20.58,20,20.15,30,19.66,40,15.75,60,11.58,80,9.75,100,8.1,120,7.09,140,6.81,160,6.66,180,6.58,200e,6.56,215e,6.53,230e,6.5
7/14/2021 14:00,1539.58,5,20.74,10,20.65,20,20.08,30,18.68,40,16.11,60,11.54,80,9.84,100,8.09,120,7.1,140,6.81,160,6.65,180,6.56,200e,6.54,215e,6.52,230e,6.5
7/14/2021 15:00,1539.54,5,20.77,10,20.57,20,20.06,30,18.1,40,15.6,60,11.44,80,9.73,100,8.11,120,7.34,140,6.85,160,6.65,180,6.56,200e,6.54,215e,6.52,230e,6.5
7/14/2021 16:00,1539.51,5,20.79,10,20.49,20,19.87,30,18.26,40,15.38,60,11.45,80,9.87,100,8,120,7.32,140,6.99,160,6.68,180,6.57,200e,6.54,215e,6.52,230e,6.5
7/14/2021 17:00,1539.47,5,20.73,10,20.34,20,19.57,30,18.04,40,15.55,60,11.77,80,9.99,100,8.14,120,7.46,140,7.06,160,6.73,180,6.6,200e,6.57,215e,6.53,230e,6.5
7/14/2021 18:00,1539.43,5,20.43,10,20.41,20,19.47,30,18.05,40,16.34,60,12.02,80,10.04,100,8.52,120,7.72,140,7.23,160,6.93,180,6.65,200e,6.58,215e,6.54,230e,6.5
7/14/2021 19:00,1539.39,5,20.28,10,20.25,20,19.51,30,18.19,40,16.01,60,12.01,80,10.39,100,8.99,120,7.99,140,7.44,160,7.15,180,6.74,200e,6.64,215e,6.57,230e,6.5
7/14/2021 20:00,1539.35,5,20.18,10,20.14,20,19.56,30,18.25,40,16.74,60,12.25,80,10.41,100,9.08,120,8.26,140,7.54,160,7.2,180,6.75,200e,6.64,215e,6.57,230e,6.5
7/14/2021 21:00,1539.31,5,20.31,10,20.05,20,19.45,30,18.63,40,16.96,60,12.89,80,10.69,100,9.22,120,8.46,140,7.6,160,7.19,180,6.77,200e,6.67,215e,6.58,230e,6.5
7/14/2021 22:00,1539.32,5,20.19,10,20.11,20,19.5,30,18.45,40,17.6,60,13.51,80,10.98,100,9.47,120,8.52,140,7.72,160,7.14,180,6.78,200e,6.69,215e,6.6,230e,6.5
7/14/2021 23:00,1539.33,5,20.17,10,20.11,20,19.76,30,18.8,40,18.15,60,14.14,80,11.22,100,9.65,120,8.5,140,7.66,160,7.24,180,6.96,200e,6.89,215e,6.7,230e,6.5
7/15/2021 0:00,1539.35,5,20.14,10,20.1,20,19.85,30,19.04,40,18.56,60,14.6,80,11.58,100,9.84,120,8.59,140,7.96,160,7.39,180,7.02,200e,6.93,215e,6.71,230e,6.5
7/15/2021 1:00,1539.36,5,20.09,10,20.05,20,19.92,30,19.13,40,18.59,60,14.76,80,11.22,100,9.63,120,8.69,140,7.98,160,7.25,180,6.86,200e,6.76,215e,6.63,230e,6.5
7/15/2021 2:00,1539.37,5,20.02,10,20.02,20,19.98,30,19.12,40,18.24,60,14.04,80,10.77,100,9.62,120,8.62,140,7.84,160,7.1,180,6.77,200e,6.69,215e,6.59,230e,6.5
7/15/2021 3:00,1539.39,5,20.03,10,20,20,20.01,30,19.12,40,18.31,60,12.3,80,10.68,100,9.4,120,8.51,140,7.6,160,7.1,180,6.71,200e,6.61,215e,6.56,230e,6.5
7/15/2021 4:00,1539.42,5,20.02,10,20.02,20,20.04,30,19.19,40,18.44,60,12.05,80,10.29,100,9.2,120,8.3,140,7.67,160,7.25,180,6.83,200e,6.73,215e,6.61,230e,6.5
7/15/2021 5:00,1539.44,5,20.05,10,20.03,20,20,30,19.33,40,18.46,60,11.94,80,10.21,100,9.19,120,8.23,140,7.5,160,7.02,180,6.67,200e,6.58,215e,6.54,230e,6.5
7/15/2021 6:00,1539.45,5,20.03,10,20.03,20,20.04,30,19.32,40,17.87,60,11.66,80,10.19,100,9.03,120,7.89,140,7.36,160,6.98,180,6.73,200e,6.67,215e,6.58,230e,6.5
7/15/2021 7:00,1539.46,5,20.06,10,20.04,20,20.05,30,19.4,40,17.74,60,11.6,80,10.04,100,8.83,120,7.86,140,7.17,160,6.92,180,6.66,200e,6.6,215e,6.55,230e,6.5
7/15/2021 8:00,1539.44,5,20.13,10,20.08,20,20.07,30,19.59,40,17.95,60,11.99,80,9.83,100,8.82,120,7.82,140,7.14,160,6.84,180,6.61,200e,6.55,215e,6.53,230e,6.5
7/15/2021 9:00,1539.39,5,20.13,10,20.09,20,20.11,30,19.55,40,17.78,60,12.08,80,9.82,100,8.74,120,7.64,140,7.04,160,6.75,180,6.59,200e,6.55,215e,6.53,230e,6.5
7/15/2021 10:00,1539.34,5,20.17,10,20.12,20,19.99,30,19.69,40,17.07,60,12.08,80,9.57,100,8.41,120,7.48,140,7.01,160,6.73,180,6.65,200e,6.63,215e,6.57,230e,6.5
7/15/2021 11:00,1539.3,5,20.25,10,20.21,20,19.97,30,19.37,40,16.78,60,11.55,80,9.77,100,8.55,120,7.52,140,7,160,6.71,180,6.58,200e,6.55,215e,6.52,230e,6.5
7/15/2021 12:00,1539.24,5,20.29,10,20.22,20,19.97,30,19.05,40,16.12,60,11.93,80,9.76,100,8.6,120,7.33,140,6.89,160,6.64,180,6.55,200e,6.53,215e,6.51,230e,6.5
7/15/2021 13:00,1539.2,5,20.34,10,20.26,20,19.91,30,18.01,40,16.11,60,11.53,80,9.67,100,8.57,120,7.32,140,6.86,160,6.63,180,6.55,200e,6.53,215e,6.52,230e,6.5
7/15/2021 14:00,1539.18,5,20.39,10,20.28,20,19.54,30,17.47,40,15.57,60,11.35,80,9.63,100,8.59,120,7.44,140,6.99,160,6.66,180,6.57,200e,6.55,215e,6.52,230e,6.5
7/15/2021 15:00,1539.14,5,20.36,10,20.3,20,19.15,30,17.63,40,15.6,60,11.57,80,9.4,100,8.52,120,7.51,140,7.03,160,6.77,180,6.62,200e,6.58,215e,6.54,230e,6.5
7/15/2021 16:00,1539.11,5,20.38,10,20.29,20,18.96,30,17.62,40,15.29,60,11.77,80,9.42,100,8.67,120,7.73,140,7.21,160,6.89,180,6.64,200e,6.58,215e,6.54,230e,6.5
7/15/2021 17:00,1539.07,5,20.25,10,20.22,20,18.93,30,17.65,40,16.09,60,12.15,80,9.69,100,8.58,120,7.97,140,7.4,160,7.06,180,6.72,200e,6.64,215e,6.57,230e,6.5
7/15/2021 18:00,1539.03,5,20.1,10,20.05,20,18.81,30,17.85,40,16.57,60,12.32,80,9.79,100,8.9,120,8.27,140,7.46,160,7.14,180,6.75,200e,6.65,215e,6.58,230e,6.5
7/15/2021 19:00,1538.99,5,19.99,10,19.93,20,18.82,30,17.95,40,16.66,60,12.08,80,10.07,100,9.19,120,8.39,140,7.66,160,7.15,180,6.78,200e,6.69,215e,6.59,230e,6.5
7/15/2021 20:00,1538.95,5,19.87,10,19.78,20,18.97,30,18.12,40,17.1,60,12.93,80,10.56,100,9.17,120,8.52,140,7.5,160,7.13,180,6.81,200e,6.73,215e,6.62,230e,6.5
7/15/2021 21:00,1538.92,5,19.79,10,19.76,20,19.01,30,18.35,40,17.57,60,13.78,80,10.97,100,9.33,120,8.38,140,7.59,160,7.1,180,6.8,200e,6.73,215e,6.61,230e,6.5
7/15/2021 22:00,1538.92,5,19.82,10,19.77,20,19.56,30,18.7,40,18.01,60,14.49,80,11.25,100,9.31,120,8.54,140,7.84,160,7.21,180,6.79,200e,6.69,215e,6.59,230e,6.5
7/15/2021 23:00,1538.93,5,19.85,10,19.84,20,19.75,30,18.86,40,18.36,60,14.74,80,11.23,100,9.55,120,8.69,140,7.91,160,7.15,180,6.78,200e,6.69,215e,6.59,230e,6.5
7/16/2021 0:00,1538.95,5,19.95,10,19.94,20,19.73,30,19.11,40,18.6,60,15.13,80,11.33,100,9.78,120,8.96,140,7.93,160,7.22,180,6.84,200e,6.75,215e,6.62,230e,6.5
7/16/2021 1:00,1538.96,5,19.93,10,19.91,20,19.8,30,19.46,40,18.64,60,15.08,80,11.21,100,9.79,120,9,140,7.93,160,7.36,180,6.89,200e,6.77,215e,6.64,230e,6.5
7/16/2021 2:00,1538.97,5,19.92,10,19.9,20,19.91,30,19.48,40,18.84,60,13.75,80,11,100,9.69,120,8.83,140,7.89,160,7.28,180,6.8,200e,6.68,215e,6.59,230e,6.5
7/16/2021 3:00,1538.99,5,19.96,10,19.91,20,19.85,30,19.57,40,18.83,60,12.58,80,10.72,100,9.57,120,8.51,140,7.89,160,7.2,180,6.71,200e,6.59,215e,6.54,230e,6.5
7/16/2021 4:00,1539,5,19.91,10,19.9,20,19.83,30,19.6,40,18.29,60,11.81,80,10.48,100,9.28,120,8.38,140,7.58,160,7.14,180,6.69,200e,6.58,215e,6.54,230e,6.5
7/16/2021 5:00,1539.02,5,19.89,10,19.87,20,19.8,30,19.49,40,18,60,11.87,80,10.13,100,9.22,120,8.36,140,7.48,160,7.02,180,6.64,200e,6.55,215e,6.52,230e,6.5
7/16/2021 6:00,1539.04,5,19.86,10,19.84,20,19.77,30,19.65,40,17.57,60,11.95,80,10.08,100,9,120,8.12,140,7.23,160,6.77,180,6.59,200e,6.55,215e,6.52,230e,6.5
7/16/2021 7:00,1539.05,5,19.86,10,19.84,20,19.84,30,19.67,40,17.63,60,11.86,80,10.02,100,9.02,120,7.82,140,7.21,160,6.69,180,6.56,200e,6.53,215e,6.51,230e,6.5
7/16/2021 8:00,1539.06,5,19.96,10,19.89,20,19.89,30,19.65,40,17.81,60,11.72,80,10.06,100,8.67,120,7.6,140,6.97,160,6.68,180,6.56,200e,6.53,215e,6.52,230e,6.5
7/16/2021 9:00,1539.07,5,20.03,10,19.97,20,19.89,30,19.69,40,17.78,60,12.05,80,10.14,100,8.47,120,7.45,140,6.9,160,6.67,180,6.56,200e,6.53,215e,6.52,230e,6.5
7/16/2021 10:00,1539.04,5,20.09,10,20.02,20,19.94,30,19.69,40,17.8,60,12.12,80,10.03,100,8.52,120,7.3,140,6.84,160,6.65,180,6.57,200e,6.55,215e,6.53,230e,6.5
7/16/2021 11:00,1539.01,5,20.17,10,20.13,20,19.98,30,19.69,40,17.84,60,12.57,80,10.26,100,8.59,120,7.22,140,6.81,160,6.67,180,6.57,200e,6.55,215e,6.52,230e,6.5
7/16/2021 12:00,1538.97,5,20.25,10,20.2,20,19.98,30,19.69,40,17.86,60,12.75,80,10.47,100,8.52,120,7.25,140,6.83,160,6.65,180,6.57,200e,6.55,215e,6.53,230e,6.5
7/16/2021 13:00,1538.93,5,20.31,10,20.26,20,19.86,30,19.69,40,16.98,60,12.86,80,10.43,100,8.56,120,7.21,140,6.78,160,6.64,180,6.56,200e,6.54,215e,6.52,230e,6.5
7/16/2021 14:00,1538.89,5,20.38,10,20.32,20,19.86,30,19.5,40,17.13,60,12.9,80,10.24,100,8.61,120,7.39,140,6.83,160,6.64,180,6.57,200e,6.55,215e,6.53,230e,6.5
7/16/2021 15:00,1538.85,5,20.42,10,20.37,20,19.83,30,19.15,40,17.31,60,12.69,80,10.15,100,8.63,120,7.7,140,7.01,160,6.66,180,6.57,200e,6.55,215e,6.52,230e,6.5
7/16/2021 16:00,1538.82,5,20.46,10,20.42,20,19.79,30,19.2,40,16.99,60,12.71,80,10.03,100,8.94,120,7.69,140,7.13,160,6.74,180,6.59,200e,6.55,215e,6.53,230e,6.5
7/16/2021 17:00,1538.77,5,20.45,10,20.41,20,19.8,30,18.77,40,16.9,60,13.17,80,9.99,100,8.86,120,7.87,140,7.27,160,6.84,180,6.64,200e,6.59,215e,6.55,230e,6.5
7/16/2021 18:00,1538.73,5,20.33,10,20.24,20,19.76,30,18.75,40,16.82,60,12.27,80,10.3,100,8.96,120,8.22,140,7.27,160,6.84,180,6.61,200e,6.55,215e,6.53,230e,6.5
7/16/2021 19:00,1538.7,5,20.09,10,20.06,20,19.74,30,18.46,40,16.89,60,12.46,80,10.45,100,8.94,120,8.01,140,7.38,160,6.99,180,6.67,200e,6.59,215e,6.55,230e,6.5
7/16/2021 20:00,1538.66,5,19.98,10,19.94,20,19.67,30,18.63,40,17.15,60,12.43,80,10.31,100,9.11,120,8.12,140,7.3,160,6.91,180,6.75,200e,6.71,215e,6.61,230e,6.5
7/16/2021 21:00,1538.63,5,19.94,10,19.9,20,19.73,30,18.94,40,17.27,60,12.7,80,10.39,100,9.34,120,8.28,140,7.54,160,7.01,180,6.75,200e,6.69,215e,6.59,230e,6.5
7/16/2021 22:00,1538.63,5,19.96,10,19.94,20,19.94,30,19.46,40,18.12,60,12.83,80,10.62,100,9.23,120,8.41,140,7.54,160,6.95,180,6.69,200e,6.63,215e,6.56,230e,6.5
7/16/2021 23:00,1538.64,5,19.99,10,19.95,20,19.98,30,19.44,40,18.21,60,12.85,80,10.41,100,9.15,120,8.36,140,7.41,160,6.92,180,6.65,200e,6.58,215e,6.54,230e,6.5
7/17/2021 0:00,1538.65,5,20.07,10,20.03,20,19.98,30,19.63,40,18.2,60,12.83,80,10.44,100,9.23,120,8.33,140,7.38,160,6.97,180,6.68,200e,6.61,215e,6.55,230e,6.5
7/17/2021 1:00,1538.67,5,20.1,10,20.05,20,19.93,30,19.73,40,18.99,60,12.84,80,10.41,100,9.29,120,8.55,140,7.65,160,7.07,180,6.7,200e,6.61,215e,6.55,230e,6.5
7/17/2021 2:00,1538.68,5,20.06,10,20.06,20,19.91,30,19.73,40,19.05,60,13.2,80,10.49,100,9.4,120,8.68,140,7.57,160,7.12,180,6.7,200e,6.6,215e,6.55,230e,6.5
7/17/2021 3:00,1538.69,5,20.06,10,20.05,20,19.92,30,19.76,40,19.16,60,12.39,80,10.64,100,9.43,120,8.63,140,7.73,160,7.14,180,6.72,200e,6.62,215e,6.56,230e,6.5
7/17/2021 4:00,1538.71,5,20.07,10,20.07,20,20.04,30,19.78,40,19.04,60,12.16,80,10.67,100,9.68,120,8.58,140,7.74,160,7.12,180,6.73,200e,6.63,215e,6.57,230e,6.5
7/17/2021 5:00,1538.73,5,20.07,10,20.07,20,20,30,19.79,40,18.88,60,11.84,80,10.72,100,9.6,120,8.66,140,7.79,160,7.06,180,6.73,200e,6.65,215e,6.57,230e,6.5
7/17/2021 6:00,1538.74,5,20.09,10,20.08,20,20.06,30,19.8,40,18.93,60,11.95,80,10.72,100,9.4,120,8.67,140,7.72,160,6.98,180,6.67,200e,6.59,215e,6.55,230e,6.5
7/17/2021 7:00,1538.76,5,20.09,10,20.08,20,20.04,30,19.79,40,19.23,60,12.22,80,10.76,100,9.35,120,8.51,140,7.58,160,6.96,180,6.65,200e,6.57,215e,6.54,230e,6.5
7/17/2021 8:00,1538.78,5,20.32,10,20.12,20,20.06,30,19.8,40,19.38,60,12.08,80,10.7,100,9.51,120,8.3,140,7.36,160,6.84,180,6.62,200e,6.57,215e,6.53,230e,6.5
7/17/2021 9:00,1538.79,5,20.5,10,20.17,20,20.03,30,19.84,40,19.39,60,12.18,80,10.55,100,9.23,120,8.05,140,7.2,160,6.79,180,6.63,200e,6.59,215e,6.55,230e,6.5
7/17/2021 10:00,1538.75,5,20.47,10,20.21,20,20.07,30,19.84,40,19.4,60,12.29,80,10.61,100,8.96,120,7.78,140,7.1,160,6.83,180,6.67,200e,6.63,215e,6.57,230e,6.5
7/17/2021 11:00,1538.71,5,20.47,10,20.24,20,20.14,30,19.84,40,17.59,60,12.09,80,10.52,100,8.89,120,7.6,140,7.09,160,6.79,180,6.65,200e,6.62,215e,6.56,230e,6.5
7/17/2021 12:00,1538.67,5,20.55,10,20.49,20,20.2,30,19.88,40,16.76,60,11.99,80,10.48,100,8.84,120,7.41,140,6.93,160,6.69,180,6.61,200e,6.59,215e,6.55,230e,6.5
7/17/2021 13:00,1538.63,5,20.6,10,20.53,20,20.15,30,19.88,40,16.27,60,12,80,10.43,100,8.59,120,7.53,140,6.97,160,6.69,180,6.62,200e,6.6,215e,6.55,230e,6.5
7/17/2021 14:00,1538.59,5,20.68,10,20.6,20,20.05,30,19.74,40,15.62,60,11.94,80,9.99,100,8.52,120,7.54,140,7.04,160,6.71,180,6.62,200e,6.6,215e,6.55,230e,6.5
7/17/2021 15:00,1538.55,5,20.74,10,20.65,20,20.08,30,19.76,40,15,60,11.98,80,9.92,100,8.62,120,7.68,140,7.08,160,6.79,180,6.64,200e,6.6,215e,6.55,230e,6.5
7/17/2021 16:00,1538.52,5,20.74,10,20.7,20,20.09,30,18.97,40,15.33,60,11.87,80,9.94,100,8.66,120,7.81,140,7.21,160,6.77,180,6.65,200e,6.62,215e,6.56,230e,6.5
7/17/2021 17:00,1538.49,5,20.71,10,20.57,20,19.94,30,19.03,40,16.19,60,12.13,80,10.18,100,8.88,120,8.1,140,7.31,160,6.81,180,6.62,200e,6.57,215e,6.54,230e,6.5
7/17/2021 18:00,1538.45,5,20.52,10,20.46,20,19.94,30,19.2,40,16.3,60,12.48,80,10.36,100,9.04,120,8.15,140,7.5,160,6.95,180,6.73,200e,6.68,215e,6.59,230e,6.5
7/17/2021 19:00,1538.41,5,20.32,10,20.24,20,19.92,30,19.5,40,16.76,60,12.69,80,10.67,100,9.16,120,8.35,140,7.55,160,7.02,180,6.71,200e,6.63,215e,6.57,230e,6.5
7/17/2021 20:00,1538.37,5,20.23,10,20.17,20,19.87,30,19.06,40,17.06,60,13.12,80,10.74,100,9.16,120,8.24,140,7.51,160,7.15,180,6.82,200e,6.74,215e,6.62,230e,6.5
7/17/2021 21:00,1538.33,5,20.15,10,20.12,20,19.87,30,19.37,40,17.6,60,13.77,80,10.79,100,9.29,120,8.47,140,7.45,160,7.04,180,6.72,200e,6.64,215e,6.57,230e,6.5
7/17/2021 22:00,1538.33,5,20.41,10,20.09,20,19.84,30,19.58,40,17.77,60,14.05,80,11.15,100,9.27,120,8.36,140,7.55,160,7.03,180,6.72,200e,6.64,215e,6.57,230e,6.5
7/17/2021 23:00,1538.35,5,20.23,10,20.1,20,20.04,30,19.78,40,18.03,60,14.82,80,11.18,100,9.41,120,8.39,140,7.6,160,7.04,180,6.7,200e,6.62,215e,6.56,230e,6.5
7/18/2021 0:00,1538.36,5,20.1,10,20.09,20,20.05,30,19.76,40,18.44,60,14.81,80,11.12,100,9.35,120,8.33,140,7.69,160,7.02,180,6.66,200e,6.57,215e,6.54,230e,6.5
7/18/2021 1:00,1538.38,5,20.14,10,20.06,20,20.05,30,19.57,40,18.33,60,14,80,11,100,9.25,120,8.34,140,7.45,160,7.03,180,6.72,200e,6.64,215e,6.57,230e,6.5
7/18/2021 2:00,1538.39,5,20.04,10,20.01,20,20.01,30,19.7,40,18.32,60,13.88,80,10.52,100,9.17,120,8.23,140,7.47,160,7.05,180,6.71,200e,6.63,215e,6.56,230e,6.5
7/18/2021 3:00,1538.41,5,20.02,10,20.02,20,20.05,30,19.76,40,18.26,60,13.53,80,10.46,100,9.21,120,8.36,140,7.54,160,6.91,180,6.66,200e,6.6,215e,6.55,230e,6.5
7/18/2021 4:00,1538.43,5,20.04,10,20.02,20,20.05,30,19.86,40,18.45,60,13.32,80,10.47,100,9.38,120,8.4,140,7.55,160,6.87,180,6.7,200e,6.66,215e,6.58,230e,6.5
7/18/2021 5:00,1538.44,5,20.03,10,20.03,20,20.06,30,19.93,40,18.14,60,12.78,80,10.51,100,9.15,120,8.31,140,7.62,160,7.06,180,6.74,200e,6.66,215e,6.58,230e,6.5
7/18/2021 6:00,1538.46,5,20.19,10,20.17,20,20.08,30,19.93,40,17.92,60,12.74,80,10.35,100,9.18,120,8.22,140,7.5,160,6.8,180,6.66,200e,6.63,215e,6.56,230e,6.5
7/18/2021 7:00,1538.47,5,20.17,10,20.17,20,20.1,30,20.01,40,17.9,60,12.71,80,10.55,100,9.22,120,7.97,140,7.27,160,6.76,180,6.64,200e,6.61,215e,6.56,230e,6.5
7/18/2021 8:00,1538.49,5,20.48,10,20.26,20,20.25,30,19.99,40,18.62,60,13.01,80,10.65,100,9.14,120,7.93,140,7.26,160,6.75,180,6.63,200e,6.6,215e,6.55,230e,6.5
7/18/2021 9:00,1538.5,5,20.81,10,20.35,20,20.3,30,19.99,40,19.48,60,13.51,80,10.54,100,9.06,120,7.72,140,7.07,160,6.72,180,6.65,200e,6.63,215e,6.57,230e,6.5
7/18/2021 10:00,1538.47,5,20.74,10,20.35,20,20.3,30,19.96,40,19.73,60,13.59,80,10.4,100,9.05,120,7.69,140,7.05,160,6.69,180,6.59,200e,6.57,215e,6.53,230e,6.5
7/18/2021 11:00,1538.42,5,20.7,10,20.39,20,20.23,30,19.95,40,19.23,60,13.26,80,10.43,100,8.62,120,7.49,140,6.91,160,6.7,180,6.6,200e,6.58,215e,6.54,230e,6.5
7/18/2021 12:00,1538.39,5,20.78,10,20.66,20,20.17,30,20.01,40,19.1,60,12.68,80,10.46,100,8.54,120,7.44,140,6.84,160,6.7,180,6.6,200e,6.58,215e,6.54,230e,6.5
7/18/2021 13:00,1538.34,5,20.84,10,20.72,20,20.25,30,20.07,40,17.72,60,12.52,80,10.19,100,8.79,120,7.52,140,6.83,160,6.64,180,6.57,200e,6.55,215e,6.53,230e,6.5
7/18/2021 14:00,1538.3,5,20.89,10,20.79,20,20.25,30,20.05,40,16.35,60,12.42,80,10.2,100,8.78,120,7.59,140,6.87,160,6.66,180,6.61,200e,6.6,215e,6.55,230e,6.5
7/18/2021 15:00,1538.26,5,20.91,10,20.8,20,20.2,30,19.79,40,15.91,60,11.81,80,10.05,100,8.67,120,7.52,140,7.06,160,6.72,180,6.61,200e,6.58,215e,6.54,230e,6.5
7/18/2021 16:00,1538.23,5,20.89,10,20.78,20,20.2,30,18.41,40,15.45,60,11.41,80,9.95,100,8.64,120,7.6,140,7.13,160,6.77,180,6.64,200e,6.61,215e,6.55,230e,6.5
7/18/2021 17:00,1538.19,5,20.81,10,20.66,20,20.15,30,17.16,40,15.49,60,11.69,80,9.88,100,8.91,120,7.84,140,7.17,160,6.8,180,6.66,200e,6.63,215e,6.56,230e,6.5
7/18/2021 18:00,1538.14,5,20.64,10,20.49,20,20.06,30,17.88,40,15.93,60,12.05,80,10.38,100,9.03,120,8.09,140,7.33,160,6.88,180,6.68,200e,6.63,215e,6.57,230e,6.5
7/18/2021 19:00,1538.11,5,20.44,10,20.42,20,20.02,30,18.54,40,16.2,60,12.58,80,10.44,100,9.35,120,8.43,140,7.66,160,7.13,180,6.77,200e,6.68,215e,6.59,230e,6.5
7/18/2021 20:00,1538.07,5,20.35,10,20.33,20,19.99,30,18.39,40,16.44,60,12.04,80,10.26,100,9.49,120,8.47,140,7.95,160,7.3,180,6.82,200e,6.7,215e,6.6,230e,6.5
7/18/2021 21:00,1538.04,5,20.82,10,20.29,20,19.98,30,18.86,40,17.2,60,13.07,80,10.34,100,9.43,120,8.55,140,7.84,160,7.31,180,6.84,200e,6.72,215e,6.61,230e,6.5
7/18/2021 22:00,1538.04,5,20.59,10,20.27,20,19.99,30,19.34,40,17.54,60,14.4,80,10.67,100,9.6,120,8.73,140,7.83,160,7.29,180,6.79,200e,6.67,215e,6.58,230e,6.5
7/18/2021 23:00,1538.06,5,20.4,10,20.26,20,20.09,30,19.6,40,18.13,60,15.21,80,11.05,100,9.74,120,8.57,140,7.81,160,7.28,180,6.83,200e,6.72,215e,6.61,230e,6.5
7/19/2021 0:00,1538.07,5,20.3,10,20.27,20,20.07,30,19.75,40,18.26,60,15.77,80,11.27,100,9.9,120,8.68,140,7.92,160,7.01,180,6.72,200e,6.65,215e,6.57,230e,6.5
7/19/2021 1:00,1538.08,5,20.27,10,20.24,20,20.12,30,19.54,40,18.56,60,16.42,80,11.46,100,9.77,120,8.76,140,7.91,160,7.41,180,6.89,200e,6.76,215e,6.63,230e,6.5
7/19/2021 2:00,1538.1,5,20.24,10,20.22,20,20.23,30,19.46,40,18.66,60,15.98,80,11.27,100,9.65,120,8.77,140,8,160,7.29,180,6.82,200e,6.7,215e,6.6,230e,6.5
7/19/2021 3:00,1538.11,5,20.27,10,20.25,20,20.25,30,19.52,40,18.34,60,14.46,80,11.01,100,9.76,120,8.86,140,8.01,160,7.24,180,6.72,200e,6.59,215e,6.55,230e,6.5
7/19/2021 4:00,1538.13,5,20.26,10,20.24,20,20.23,30,19.67,40,18.25,60,13.82,80,10.76,100,9.76,120,8.68,140,7.84,160,7.18,180,6.71,200e,6.59,215e,6.55,230e,6.5
7/19/2021 5:00,1538.15,5,20.24,10,20.24,20,20.24,30,19.63,40,18.38,60,13.35,80,10.47,100,9.54,120,8.63,140,7.5,160,7.11,180,6.75,200e,6.66,215e,6.58,230e,6.5
7/19/2021 6:00,1538.17,5,20.28,10,20.27,20,20.27,30,19.6,40,17.91,60,12.61,80,10.57,100,9.16,120,8.19,140,7.5,160,7.04,180,6.72,200e,6.64,215e,6.57,230e,6.5
7/19/2021 7:00,1538.18,5,20.3,10,20.28,20,20.25,30,19.57,40,18.02,60,12.27,80,10.47,100,9,120,8.13,140,7.48,160,6.78,180,6.66,200e,6.63,215e,6.57,230e,6.5
7/19/2021 8:00,1538.19,5,20.49,10,20.3,20,20.29,30,19.94,40,18.02,60,12.42,80,10.43,100,9.12,120,7.87,140,7.15,160,6.72,180,6.62,200e,6.6,215e,6.55,230e,6.5
7/19/2021 9:00,1538.2,5,20.55,10,20.38,20,20.34,30,20.04,40,18.56,60,12.36,80,10.22,100,9.07,120,7.72,140,7.25,160,6.73,180,6.62,200e,6.59,215e,6.55,230e,6.5
7/19/2021 10:00,1538.16,5,20.63,10,20.56,20,20.37,30,20.2,40,18.71,60,12.34,80,10.21,100,8.63,120,7.7,140,7.13,160,6.7,180,6.61,200e,6.59,215e,6.54,230e,6.5
7/19/2021 11:00,1538.12,5,20.71,10,20.64,20,20.43,30,20.13,40,18.57,60,12.49,80,9.81,100,8.44,120,7.41,140,7,160,6.69,180,6.59,200e,6.57,215e,6.53,230e,6.5
7/19/2021 12:00,1538.08,5,20.77,10,20.7,20,20.4,30,20.12,40,17.6,60,12.13,80,9.92,100,8.47,120,7.45,140,6.97,160,6.69,180,6.58,200e,6.55,215e,6.53,230e,6.5
7/19/2021 13:00,1538.05,5,20.84,10,20.75,20,20.4,30,20.13,40,17.54,60,11.82,80,10.12,100,8.75,120,7.46,140,7.01,160,6.72,180,6.6,200e,6.57,215e,6.54,230e,6.5
7/19/2021 14:00,1538.01,5,20.94,10,20.78,20,20.35,30,20.14,40,17.09,60,12.26,80,10.28,100,8.81,120,7.45,140,6.97,160,6.73,180,6.6,200e,6.57,215e,6.53,230e,6.5
7/19/2021 15:00,1537.97,5,21.01,10,20.74,20,20.4,30,19.91,40,16.32,60,12.03,80,10.16,100,8.76,120,7.72,140,7.07,160,6.74,180,6.61,200e,6.58,215e,6.54,230e,6.5
7/19/2021 16:00,1537.94,5,21.04,10,20.88,20,20.37,30,19.55,40,16.79,60,12.18,80,10.24,100,8.9,120,7.8,140,7.15,160,6.78,180,6.61,200e,6.57,215e,6.53,230e,6.5
7/19/2021 17:00,1537.9,5,21.02,10,20.9,20,20.34,30,19.66,40,17.2,60,12.6,80,10.36,100,9.24,120,7.98,140,7.39,160,6.81,180,6.61,200e,6.56,215e,6.53,230e,6.5
7/19/2021 18:00,1537.86,5,21,10,20.66,20,20.27,30,19.67,40,17.45,60,13.43,80,10.55,100,9.36,120,8.39,140,7.56,160,7.01,180,6.69,200e,6.61,215e,6.56,230e,6.5
7/19/2021 19:00,1537.81,5,20.77,10,20.64,20,20.27,30,19.57,40,17.4,60,13.33,80,10.74,100,9.28,120,8.56,140,7.65,160,7.06,180,6.72,200e,6.64,215e,6.57,230e,6.5
7/19/2021 20:00,1537.78,5,20.64,10,20.59,20,20.24,30,19.57,40,17.46,60,13.19,80,10.59,100,9.25,120,8.4,140,7.72,160,7.06,180,6.71,200e,6.62,215e,6.56,230e,6.5
7/19/2021 21:00,1537.73,5,20.51,10,20.48,20,20.22,30,19.38,40,17.65,60,13.18,80,10.49,100,9.39,120,8.39,140,7.64,160,7.14,180,6.73,200e,6.63,215e,6.56,230e,6.5
7/19/2021 22:00,1537.74,5,20.44,10,20.41,20,20.2,30,19.84,40,17.81,60,12.8,80,10.56,100,9.5,120,8.45,140,7.56,160,7.08,180,6.73,200e,6.64,215e,6.57,230e,6.5
7/19/2021 23:00,1537.75,5,20.4,10,20.37,20,20.25,30,19.89,40,18.16,60,13.79,80,10.67,100,9.56,120,8.6,140,7.75,160,7.17,180,6.8,200e,6.71,215e,6.6,230e,6.5
7/20/2021 0:00,1537.76,5,20.39,10,20.35,20,20.34,30,19.83,40,18.33,60,14.64,80,10.74,100,9.53,120,8.73,140,7.88,160,7.36,180,6.81,200e,6.67,215e,6.59,230e,6.5
7/20/2021 1:00,1537.78,5,20.32,10,20.32,20,20.28,30,19.8,40,18.24,60,14.55,80,11.02,100,9.83,120,8.93,140,8.06,160,7.3,180,6.75,200e,6.61,215e,6.56,230e,6.5
7/20/2021 2:00,1537.8,5,20.3,10,20.27,20,20.27,30,19.71,40,18.45,60,13.84,80,11,100,9.71,120,8.96,140,7.89,160,7.33,180,6.78,200e,6.64,215e,6.57,230e,6.5
7/20/2021 3:00,1537.81,5,20.25,10,20.22,20,20.24,30,19.64,40,17.99,60,13.5,80,10.9,100,9.73,120,8.92,140,7.71,160,7.22,180,6.71,200e,6.58,215e,6.54,230e,6.5
7/20/2021 4:00,1537.82,5,20.21,10,20.2,20,20.22,30,19.81,40,17.91,60,13.5,80,10.73,100,9.74,120,8.8,140,7.61,160,7.02,180,6.76,200e,6.7,215e,6.6,230e,6.5
7/20/2021 5:00,1537.85,5,20.21,10,20.17,20,20.2,30,19.57,40,18.27,60,13.08,80,10.93,100,9.58,120,8.43,140,7.59,160,6.92,180,6.66,200e,6.6,215e,6.55,230e,6.5
7/20/2021 6:00,1537.86,5,20.17,10,20.14,20,20.16,30,19.29,40,18.01,60,12.84,80,10.92,100,9.39,120,8.3,140,7.39,160,6.8,180,6.63,200e,6.59,215e,6.54,230e,6.5
7/20/2021 7:00,1537.89,5,20.17,10,20.14,20,20.15,30,19.67,40,17.81,60,13.11,80,10.61,100,9.31,120,8.12,140,7.31,160,7.01,180,6.67,200e,6.59,215e,6.54,230e,6.5
7/20/2021 8:00,1537.9,5,20.45,10,20.22,20,20.18,30,19.92,40,18.41,60,13.34,80,10.79,100,9.39,120,7.83,140,7.13,160,6.77,180,6.64,200e,6.61,215e,6.55,230e,6.5
7/20/2021 9:00,1537.9,5,20.44,10,20.31,20,20.25,30,20.16,40,19.04,60,13.82,80,10.76,100,9.28,120,7.93,140,7.14,160,6.75,180,6.62,200e,6.59,215e,6.54,230e,6.5
7/20/2021 10:00,1537.87,5,20.54,10,20.45,20,20.31,30,20.16,40,19.28,60,14.27,80,10.67,100,9.17,120,7.71,140,7.09,160,6.76,180,6.59,200e,6.55,215e,6.52,230e,6.5
7/20/2021 11:00,1537.83,5,20.6,10,20.55,20,20.34,30,20.19,40,18.52,60,13.51,80,10.56,100,9.02,120,7.61,140,7.07,160,6.75,180,6.6,200e,6.56,215e,6.53,230e,6.5
7/20/2021 12:00,1537.79,5,20.75,10,20.59,20,20.29,30,20.15,40,18.46,60,13.01,80,10.36,100,8.95,120,7.51,140,7.06,160,6.73,180,6.63,200e,6.61,215e,6.55,230e,6.5
7/20/2021 13:00,1537.75,5,20.81,10,20.43,20,20.3,30,20.07,40,17.79,60,12.66,80,10.2,100,8.88,120,7.57,140,6.98,160,6.73,180,6.62,200e,6.59,215e,6.55,230e,6.5
7/20/2021 14:00,1537.71,5,20.83,10,20.58,20,20.32,30,19.92,40,17.09,60,12.48,80,10.22,100,8.76,120,7.61,140,6.88,160,6.68,180,6.61,200e,6.59,215e,6.55,230e,6.5
7/20/2021 15:00,1537.67,5,20.87,10,20.67,20,20.24,30,18.95,40,15.79,60,11.97,80,9.96,100,8.77,120,7.54,140,7.07,160,6.71,180,6.63,200e,6.61,215e,6.56,230e,6.5
7/20/2021 16:00,1537.64,5,20.9,10,20.8,20,20.19,30,18.78,40,16.26,60,11.51,80,9.88,100,8.66,120,7.68,140,7.07,160,6.73,180,6.63,200e,6.61,215e,6.55,230e,6.5
7/20/2021 17:00,1537.6,5,20.88,10,20.42,20,20.19,30,18.74,40,16.76,60,11.71,80,9.98,100,8.9,120,7.84,140,7.1,160,6.78,180,6.62,200e,6.58,215e,6.54,230e,6.5
7/20/2021 18:00,1537.57,5,20.73,10,20.3,20,20.2,30,19.12,40,17.5,60,12.47,80,10.3,100,9.11,120,7.95,140,7.21,160,6.86,180,6.67,200e,6.62,215e,6.56,230e,6.5
7/20/2021 19:00,1537.52,5,20.54,10,20.38,20,20.17,30,19.61,40,17.86,60,12.79,80,10.58,100,9.15,120,8.32,140,7.36,160,6.9,180,6.67,200e,6.61,215e,6.56,230e,6.5
7/20/2021 20:00,1537.48,5,20.37,10,20.34,20,20.18,30,19.56,40,17.73,60,13.23,80,10.44,100,9.46,120,8.45,140,7.42,160,6.87,180,6.63,200e,6.57,215e,6.54,230e,6.5
7/20/2021 21:00,1537.44,5,20.4,10,20.34,20,20.22,30,19.57,40,18.24,60,13.84,80,10.65,100,9.65,120,8.59,140,7.45,160,6.89,180,6.66,200e,6.6,215e,6.55,230e,6.5
7/20/2021 22:00,1537.44,5,20.37,10,20.34,20,20.18,30,19.57,40,18.55,60,13.97,80,11.1,100,9.65,120,8.5,140,7.37,160,6.96,180,6.7,200e,6.64,215e,6.57,230e,6.5
7/20/2021 23:00,1537.45,5,20.35,10,20.31,20,20.29,30,19.49,40,18.74,60,14.82,80,11.05,100,9.79,120,8.56,140,7.55,160,6.9,180,6.68,200e,6.63,215e,6.56,230e,6.5
7/21/2021 0:00,1537.47,5,20.36,10,20.29,20,20.29,30,19.66,40,18.73,60,14.75,80,11.23,100,9.85,120,8.89,140,7.71,160,7.16,180,6.77,200e,6.67,215e,6.59,230e,6.5
7/21/2021 1:00,1537.48,5,20.33,10,20.26,20,20.19,30,19.71,40,18.83,60,14,80,11.45,100,10.15,120,8.96,140,7.87,160,7.32,180,6.86,200e,6.75,215e,6.62,230e,6.5
7/21/2021 2:00,1537.5,5,20.24,10,20.21,20,20.09,30,19.42,40,18.56,60,14.25,80,11.31,100,10.19,120,8.9,140,7.74,160,7.08,180,6.76,200e,6.68,215e,6.59,230e,6.5
7/21/2021 3:00,1537.5,5,20.17,10,20.16,20,20.09,30,19.54,40,18.07,60,13.42,80,11.19,100,9.99,120,9,140,7.93,160,7.11,180,6.74,200e,6.65,215e,6.57,230e,6.5
7/21/2021 4:00,1537.52,5,20.15,10,20.13,20,20.05,30,19.45,40,17.71,60,13.04,80,11.13,100,9.75,120,8.78,140,7.71,160,7.16,180,6.71,200e,6.6,215e,6.55,230e,6.5
7/21/2021 5:00,1537.54,5,20.12,10,20.09,20,20.06,30,19.29,40,17.28,60,12.74,80,10.98,100,9.56,120,8.36,140,7.54,160,7.08,180,6.71,200e,6.62,215e,6.56,230e,6.5
7/21/2021 6:00,1537.55,5,20.06,10,20.04,20,19.99,30,19.24,40,16.8,60,12.33,80,10.81,100,9.25,120,8.02,140,7.32,160,6.89,180,6.69,200e,6.64,215e,6.57,230e,6.5
7/21/2021 7:00,1537.56,5,20.04,10,20.02,20,19.98,30,18.78,40,16.26,60,12.26,80,10.52,100,9.09,120,7.92,140,7.26,160,6.86,180,6.65,200e,6.6,215e,6.55,230e,6.5
7/21/2021 8:00,1537.58,5,19.99,10,19.99,20,19.98,30,18.74,40,16.19,60,12.26,80,10.58,100,8.73,120,7.67,140,7.11,160,6.73,180,6.63,200e,6.61,215e,6.55,230e,6.5
7/21/2021 9:00,1537.59,5,19.95,10,19.97,20,19.96,30,19.12,40,16.46,60,12.46,80,10.64,100,8.75,120,7.59,140,7.01,160,6.74,180,6.65,200e,6.63,215e,6.56,230e,6.5
7/21/2021 10:00,1537.56,5,20,10,20.01,20,20,30,19.31,40,17.41,60,12.91,80,10.72,100,9.01,120,7.81,140,7.19,160,6.83,180,6.67,200e,6.63,215e,6.57,230e,6.5
7/21/2021 11:00,1537.53,5,20.2,10,20.15,20,20.08,30,19.45,40,17.82,60,13.87,80,11.18,100,9.19,120,7.89,140,7.21,160,6.83,180,6.65,200e,6.61,215e,6.55,230e,6.5
7/21/2021 12:00,1537.49,5,20.32,10,20.15,20,20.07,30,19.35,40,18.11,60,14.19,80,11.1,100,9.19,120,7.93,140,7.31,160,6.79,180,6.67,200e,6.64,215e,6.57,230e,6.5
7/21/2021 13:00,1537.45,5,20.37,10,20.13,20,20.07,30,19.31,40,18.18,60,14.13,80,11.01,100,9.26,120,8.1,140,7.31,160,6.83,180,6.7,200e,6.67,215e,6.58,230e,6.5
7/21/2021 14:00,1537.41,5,20.42,10,20.14,20,20.05,30,19.25,40,18.22,60,14.54,80,10.96,100,9.37,120,8.05,140,7.33,160,6.83,180,6.68,200e,6.64,215e,6.57,230e,6.5
7/21/2021 15:00,1537.37,5,20.43,10,20.34,20,20.04,30,19.16,40,18.15,60,14.36,80,10.87,100,9.17,120,8.25,140,7.29,160,6.92,180,6.74,200e,6.7,215e,6.6,230e,6.5
7/21/2021 16:00,1537.33,5,20.41,10,20.4,20,20.02,30,19.2,40,17.91,60,14.14,80,10.75,100,9.26,120,8.24,140,7.39,160,6.9,180,6.69,200e,6.64,215e,6.57,230e,6.5
7/21/2021 17:00,1537.29,5,20.45,10,20.38,20,20,30,19.25,40,17.84,60,13.16,80,10.54,100,9.27,120,8.05,140,7.46,160,6.99,180,6.76,200e,6.7,215e,6.6,230e,6.5
7/21/2021 18:00,1537.25,5,20.33,10,20.3,20,20,30,19.29,40,18.07,60,13.1,80,10.47,100,9.26,120,8.11,140,7.46,160,7.01,180,6.74,200e,6.67,215e,6.59,230e,6.5
7/21/2021 19:00,1537.21,5,20.18,10,20.14,20,20.01,30,19.38,40,18.19,60,13.11,80,10.49,100,9.27,120,8.23,140,7.54,160,7.03,180,6.73,200e,6.66,215e,6.58,230e,6.5
7/21/2021 20:00,1537.17,5,20.11,10,20.08,20,20.1,30,19.43,40,18.63,60,13.28,80,10.51,100,9.24,120,8.27,140,7.55,160,6.99,180,6.71,200e,6.64,215e,6.57,230e,6.5
7/21/2021 21:00,1537.14,5,20.15,10,20.11,20,20.08,30,19.62,40,18.63,60,13.22,80,10.65,100,9.28,120,8.38,140,7.58,160,6.97,180,6.7,200e,6.63,215e,6.57,230e,6.5
7/21/2021 22:00,1537.06,5,na,10,na,20,na,30,na,40,na,60,na,80,na,100,na,120,na,140,na,160,na,180,na,200e,na,215e,na,230e,na
7/21/2021 23:00,1537.08,5,na,10,na,20,na,30,na,40,na,60,na,80,na,100,na,120,na,140,na,160,na,180,na,200e,na,215e,na,230e,na
7/22/2021 0:00,1537.09,5,na,10,na,20,na,30,na,40,na,60,na,80,na,100,na,120,na,140,na,160,na,180,na,200e,na,215e,na,230e,na
7/22/2021 1:00,1537.1,5,na,10,na,20,na,30,na,40,na,60,na,80,na,100,na,120,na,140,na,160,na,180,na,200e,na,215e,na,230e,na
7/22/2021 2:00,1537.12,5,na,10,na,20,na,30,na,40,na,60,na,80,na,100,na,120,na,140,na,160,na,180,na,200e,na,215e,na,230e,na
7/22/2021 3:00,1537.12,5,na,10,na,20,na,30,na,40,na,60,na,80,na,100,na,120,na,140,na,160,na,180,na,200e,na,215e,na,230e,na
7/22/2021 4:00,1537.15,5,na,10,na,20,na,30,na,40,na,60,na,80,na,100,na,120,na,140,na,160,na,180,na,200e,na,215e,na,230e,na
7/22/2021 5:00,1537.16,5,na,10,na,20,na,30,na,40,na,60,na,80,na,100,na,120,na,140,na,160,na,180,na,200e,na,215e,na,230e,na
7/22/2021 6:00,1537.17,5,20.11,10,20.13,20,20.16,30,20.06,40,19.88,60,14.39,80,10.98,100,9.4,120,8.11,140,7.41,160,6.85,180,6.67,200e,6.63,215e,6.56,230e,6.5
7/22/2021 7:00,1537.27,5,20.12,10,20.12,20,20.15,30,20.03,40,19.83,60,14.24,80,10.84,100,9.26,120,7.94,140,7.26,160,6.8,180,6.67,200e,6.64,215e,6.57,230e,6.5
7/22/2021 8:00,1537.29,5,na,10,na,20,na,30,na,40,na,60,na,80,na,100,na,120,na,140,na,160,na,180,na,200e,na,215e,na,230e,na
7/22/2021 9:00,1537.29,5,na,10,na,20,na,30,na,40,na,60,na,80,na,100,na,120,na,140,na,160,na,180,na,200e,na,215e,na,230e,na
7/22/2021 10:00,1537.26,5,20.57,10,20.26,20,20.21,30,20.06,40,19.86,60,13.53,80,10.35,100,9,120,8.02,140,7.3,160,6.93,180,6.69,200e,6.63,215e,6.57,230e,6.5
7/22/2021 11:00,1537.22,5,20.57,10,20.32,20,20.26,30,20.08,40,19.89,60,13.11,80,10.19,100,8.95,120,7.9,140,7.27,160,6.81,180,6.66,200e,6.62,215e,6.56,230e,6.5
7/22/2021 12:00,1537.17,5,20.6,10,20.35,20,20.28,30,20.03,40,19.92,60,12.56,80,10.08,100,8.96,120,7.79,140,7.14,160,6.83,180,6.67,200e,6.63,215e,6.57,230e,6.5
7/22/2021 13:00,1537.13,5,20.64,10,20.56,20,20.26,30,20.06,40,19.38,60,12.13,80,10.06,100,8.94,120,7.86,140,7.23,160,6.8,180,6.67,200e,6.64,215e,6.57,230e,6.5
7/22/2021 14:00,1537.1,5,20.71,10,20.63,20,20.23,30,20.09,40,18.77,60,11.91,80,9.94,100,8.97,120,7.97,140,7.31,160,6.83,180,6.68,200e,6.64,215e,6.57,230e,6.5
7/22/2021 15:00,1537.05,5,20.75,10,20.66,20,20.19,30,20.04,40,17.58,60,11.67,80,10.01,100,9.01,120,8.23,140,7.42,160,6.94,180,6.7,200e,6.64,215e,6.57,230e,6.5
7/22/2021 16:00,1537.01,5,20.75,10,20.74,20,20.2,30,20.01,40,16.71,60,11.69,80,10.11,100,8.93,120,8.36,140,7.51,160,7.01,180,6.7,200e,6.62,215e,6.56,230e,6.5
7/22/2021 17:00,1536.97,5,20.75,10,20.69,20,20.18,30,20,40,16.33,60,12.01,80,10.16,100,9.05,120,8.4,140,7.77,160,7.14,180,6.73,200e,6.63,215e,6.56,230e,6.5
7/22/2021 18:00,1536.94,5,20.625,10,20.55,20,20.165,30,19.995,40,16.885,60,12.33,80,10.375,100,9.335,120,8.685,140,7.97,160,7.27,180,6.815,200e,6.705,215e,6.6,230e,6.5
7/22/2021 19:00,1536.89,5,20.5,10,20.41,20,20.15,30,19.99,40,17.44,60,12.65,80,10.59,100,9.62,120,8.97,140,8.17,160,7.4,180,6.9,200e,6.78,215e,6.64,230e,6.5
7/22/2021 20:00,1536.86,5,20.41,10,20.36,20,20.14,30,19.98,40,17.55,60,13.07,80,11.05,100,9.83,120,9.05,140,8.19,160,7.56,180,7.01,200e,6.87,215e,6.69,230e,6.5
7/22/2021 21:00,1536.82,5,20.3,10,20.26,20,20.15,30,19.98,40,17.78,60,14.07,80,11.26,100,9.89,120,9.17,140,8.31,160,7.57,180,6.9,200e,6.73,215e,6.62,230e,6.5
7/22/2021 22:00,1536.82,5,20.29,10,20.23,20,20.19,30,19.84,40,17.75,60,13.69,80,11.76,100,10.21,120,9.2,140,8.2,160,7.25,180,6.82,200e,6.71,215e,6.61,230e,6.5
7/22/2021 23:00,1536.84,5,20.23,10,20.22,20,20.18,30,20.01,40,18.13,60,14.59,80,11.7,100,10.13,120,9.23,140,8.18,160,7.2,180,6.75,200e,6.64,215e,6.57,230e,6.5
7/23/2021 0:00,1536.86,5,na,10,na,20,na,30,na,40,na,60,na,80,na,100,na,120,na,140,na,160,na,180,na,200e,na,215e,na,230e,na
7/23/2021 1:00,1536.87,5,na,10,na,20,na,30,na,40,na,60,na,80,na,100,na,120,na,140,na,160,na,180,na,200e,na,215e,na,230e,na
7/23/2021 2:00,1536.88,5,na,10,na,20,na,30,na,40,na,60,na,80,na,100,na,120,na,140,na,160,na,180,na,200e,na,215e,na,230e,na
7/23/2021 3:00,1536.9,5,20.14,10,20.11,20,20.14,30,20.1,40,18.45,60,14.46,80,11.66,100,9.85,120,8.63,140,7.63,160,7.04,180,6.73,200e,6.65,215e,6.58,230e,6.5
7/23/2021 4:00,1536.91,5,20.12,10,20.08,20,20.12,30,20.09,40,18.72,60,14.39,80,11.38,100,9.75,120,8.63,140,7.77,160,7.04,180,6.69,200e,6.6,215e,6.55,230e,6.5
7/23/2021 5:00,1536.93,5,na,10,na,20,na,30,na,40,na,60,na,80,na,100,na,120,na,140,na,160,na,180,na,200e,na,215e,na,230e,na
7/23/2021 6:00,1536.94,5,na,10,na,20,na,30,na,40,na,60,na,80,na,100,na,120,na,140,na,160,na,180,na,200e,na,215e,na,230e,na
7/23/2021 7:00,1536.96,5,20.07,10,20.05,20,20.08,30,20.05,40,19.26,60,13.64,80,10.91,100,9.27,120,8.27,140,7.36,160,6.85,180,6.68,200e,6.64,215e,6.57,230e,6.5
7/23/2021 8:00,1536.97,5,20.24,10,20.12,20,20.12,30,20.08,40,19.64,60,13.65,80,10.9,100,9.12,120,8.11,140,7.31,160,6.83,180,6.62,200e,6.57,215e,6.53,230e,6.5
7/23/2021 9:00,1536.98,5,20.36,10,20.19,20,20.16,30,20.1,40,20.02,60,13.54,80,10.79,100,9.17,120,8,140,7.29,160,6.85,180,6.64,200e,6.59,215e,6.54,230e,6.5
7/23/2021 10:00,1536.95,5,20.7,10,20.23,20,20.19,30,20.08,40,20.01,60,13.91,80,10.88,100,9.26,120,7.74,140,7.23,160,6.77,180,6.62,200e,6.58,215e,6.54,230e,6.5
7/23/2021 11:00,1536.9,5,20.67,10,20.26,20,20.21,30,20.13,40,20.03,60,13.75,80,10.73,100,9.01,120,7.68,140,7.06,160,6.76,180,6.63,200e,6.6,215e,6.55,230e,6.5
7/23/2021 12:00,1536.87,5,20.62,10,20.28,20,20.25,30,20.05,40,19.98,60,13.37,80,10.33,100,8.94,120,7.54,140,6.95,160,6.68,180,6.6,200e,6.58,215e,6.54,230e,6.5
7/23/2021 13:00,1536.82,5,20.74,10,20.54,20,20.24,30,20.03,40,19.96,60,13.17,80,10.19,100,8.63,120,7.47,140,6.87,160,6.66,180,6.59,200e,6.57,215e,6.54,230e,6.5
7/23/2021 14:00,1536.78,5,20.85,10,20.47,20,20.27,30,20.05,40,19.97,60,12.96,80,10.14,100,8.76,120,7.39,140,6.92,160,6.68,180,6.56,200e,6.53,215e,6.52,230e,6.5
7/23/2021 15:00,1536.75,5,20.84,10,20.54,20,20.25,30,20.12,40,19.99,60,12.47,80,10.18,100,8.81,120,7.42,140,6.85,160,6.67,180,6.59,200e,6.57,215e,6.54,230e,6.5
7/23/2021 16:00,1536.7,5,20.86,10,20.74,20,20.23,30,20.03,40,17.79,60,12.74,80,10.13,100,8.65,120,7.63,140,6.84,160,6.68,180,6.61,200e,6.59,215e,6.55,230e,6.5
7/23/2021 17:00,1536.67,5,20.83,10,20.76,20,20.22,30,20.01,40,16.68,60,12.17,80,10.2,100,8.76,120,7.64,140,7.02,160,6.72,180,6.62,200e,6.6,215e,6.55,230e,6.5
7/23/2021 18:00,1536.63,5,20.68,10,20.58,20,20.19,30,20.02,40,16.76,60,12.42,80,10.17,100,9.2,120,8.08,140,7.24,160,6.75,180,6.64,200e,6.61,215e,6.56,230e,6.5
7/23/2021 19:00,1536.59,5,20.48,10,20.38,20,20.16,30,20.02,40,17.07,60,13,80,10.61,100,9.42,120,8.36,140,7.52,160,6.89,180,6.68,200e,6.63,215e,6.56,230e,6.5
7/23/2021 20:00,1536.55,5,20.4,10,20.36,20,20.17,30,20.03,40,17.63,60,13.56,80,11.01,100,9.66,120,8.44,140,7.64,160,6.94,180,6.67,200e,6.6,215e,6.55,230e,6.5
7/23/2021 21:00,1536.52,5,20.46,10,20.26,20,20.17,30,20.01,40,17.79,60,14.05,80,10.92,100,9.75,120,8.86,140,7.9,160,6.93,180,6.72,200e,6.67,215e,6.58,230e,6.5
7/23/2021 22:00,1536.52,5,20.42,10,20.31,20,20.19,30,20.09,40,17.91,60,14.7,80,11.23,100,9.86,120,8.88,140,7.84,160,7.06,180,6.75,200e,6.67,215e,6.59,230e,6.5
7/23/2021 23:00,1536.55,5,20.38,10,20.35,20,20.24,30,20.11,40,18.46,60,15.08,80,11.46,100,10.01,120,9.06,140,7.73,160,7.01,180,6.72,200e,6.65,215e,6.57,230e,6.5
7/24/2021 0:00,1536.56,5,20.34,10,20.31,20,20.34,30,20.1,40,18.7,60,15.61,80,12.1,100,9.91,120,8.96,140,7.79,160,7.03,180,6.75,200e,6.68,215e,6.59,230e,6.5
7/24/2021 1:00,1536.57,5,20.31,10,20.29,20,20.31,30,20.12,40,19.14,60,15.75,80,11.97,100,10.35,120,8.87,140,7.7,160,7.08,180,6.75,200e,6.67,215e,6.58,230e,6.5
7/24/2021 2:00,1536.58,5,20.28,10,20.25,20,20.29,30,20.15,40,18.69,60,15.56,80,11.82,100,10.25,120,8.73,140,7.89,160,7.14,180,6.71,200e,6.6,215e,6.55,230e,6.5
7/24/2021 3:00,1536.6,5,20.22,10,20.22,20,20.26,30,20.16,40,18.88,60,15.25,80,11.62,100,9.92,120,8.71,140,7.74,160,7.07,180,6.73,200e,6.65,215e,6.57,230e,6.5
7/24/2021 4:00,1536.62,5,20.23,10,20.19,20,20.22,30,20.21,40,18.88,60,15,80,11.54,100,9.96,120,8.6,140,7.51,160,7.06,180,6.73,200e,6.65,215e,6.57,230e,6.5
7/24/2021 5:00,1536.64,5,20.18,10,20.17,20,20.21,30,20.2,40,18.46,60,14.6,80,11.36,100,9.73,120,8.68,140,7.65,160,7.06,180,6.67,200e,6.57,215e,6.54,230e,6.5
7/24/2021 6:00,1536.65,5,20.19,10,20.16,20,20.2,30,20.18,40,18.24,60,14.03,80,11.27,100,9.68,120,8.63,140,7.61,160,7.02,180,6.68,200e,6.6,215e,6.55,230e,6.5
7/24/2021 7:00,1536.66,5,20.17,10,20.16,20,20.19,30,20.17,40,17.87,60,13.52,80,11,100,9.62,120,8.26,140,7.57,160,7.03,180,6.73,200e,6.66,215e,6.58,230e,6.5
7/24/2021 8:00,1536.67,5,20.37,10,20.24,20,20.21,30,20.16,40,18.11,60,13.12,80,10.92,100,9.46,120,8.3,140,7.45,160,7,180,6.72,200e,6.65,215e,6.58,230e,6.5
7/24/2021 9:00,1536.68,5,20.54,10,20.29,20,20.28,30,20.2,40,19.86,60,12.78,80,10.77,100,9.45,120,8.2,140,7.28,160,6.93,180,6.71,200e,6.66,215e,6.58,230e,6.5
7/24/2021 10:00,1536.66,5,20.74,10,20.35,20,20.24,30,20.17,40,20.08,60,12.84,80,10.73,100,9.29,120,8.21,140,7.22,160,6.91,180,6.68,200e,6.62,215e,6.56,230e,6.5
7/24/2021 11:00,1536.6,5,20.66,10,20.42,20,20.27,30,20.17,40,20.09,60,12.64,80,10.41,100,9.15,120,7.92,140,7.17,160,6.85,180,6.63,200e,6.58,215e,6.54,230e,6.5
7/24/2021 12:00,1536.55,5,20.69,10,20.59,20,20.35,30,20.16,40,20.04,60,12.34,80,10.25,100,8.98,120,7.73,140,7.09,160,6.78,180,6.66,200e,6.63,215e,6.57,230e,6.5
7/24/2021 13:00,1536.52,5,20.8,10,20.69,20,20.34,30,20.14,40,20.09,60,12.41,80,10.21,100,8.91,120,7.82,140,7.1,160,6.78,180,6.64,200e,6.61,215e,6.55,230e,6.5
7/24/2021 14:00,1536.48,5,20.9,10,20.6,20,20.32,30,20.14,40,18.19,60,12.37,80,10.18,100,8.99,120,7.84,140,7.16,160,6.79,180,6.65,200e,6.62,215e,6.56,230e,6.5
7/24/2021 15:00,1536.44,5,20.96,10,20.64,20,20.34,30,20.18,40,17.52,60,12.41,80,10.14,100,9.08,120,8.01,140,7.3,160,6.85,180,6.7,200e,6.66,215e,6.58,230e,6.5
7/24/2021 16:00,1536.41,5,20.97,10,20.69,20,20.28,30,20.16,40,17.09,60,12.3,80,10.33,100,9.18,120,8.17,140,7.34,160,6.84,180,6.7,200e,6.67,215e,6.58,230e,6.5
7/24/2021 17:00,1536.36,5,20.97,10,20.7,20,20.27,30,20.11,40,16.75,60,12.7,80,10.1,100,9.34,120,8.18,140,7.54,160,6.97,180,6.72,200e,6.66,215e,6.58,230e,6.5
7/24/2021 18:00,1536.32,5,20.81,10,20.45,20,20.25,30,20.1,40,16.97,60,12.85,80,10.6,100,9.39,120,8.61,140,7.8,160,7.03,180,6.75,200e,6.68,215e,6.59,230e,6.5
7/24/2021 19:00,1536.28,5,20.63,10,20.55,20,20.28,30,20.11,40,17.42,60,13.35,80,10.88,100,9.66,120,8.88,140,8.01,160,7.48,180,6.9,200e,6.76,215e,6.63,230e,6.5
7/24/2021 20:00,1536.24,5,20.59,10,20.43,20,20.24,30,20.1,40,17.7,60,13.74,80,10.98,100,9.77,120,9,140,8.05,160,7.26,180,6.8,200e,6.69,215e,6.59,230e,6.5
7/24/2021 21:00,1536.21,5,20.53,10,20.33,20,20.24,30,20.08,40,17.66,60,14.07,80,11.26,100,9.78,120,8.8,140,7.84,160,7.23,180,6.87,200e,6.78,215e,6.64,230e,6.5
7/24/2021 22:00,1536.22,5,20.67,10,20.33,20,20.27,30,20.04,40,17.95,60,14.55,80,11.44,100,9.75,120,8.67,140,7.82,160,7.15,180,6.8,200e,6.71,215e,6.61,230e,6.5
7/24/2021 23:00,1536.23,5,20.6,10,20.43,20,20.28,30,20.14,40,18.91,60,15.38,80,11.86,100,9.86,120,8.74,140,7.82,160,7.17,180,6.74,200e,6.63,215e,6.57,230e,6.5
7/25/2021 0:00,1536.24,5,20.53,10,20.49,20,20.31,30,20.2,40,19.63,60,16.07,80,12.21,100,9.94,120,8.87,140,7.9,160,7.2,180,6.75,200e,6.64,215e,6.57,230e,6.5
7/25/2021 1:00,1536.26,5,20.49,10,20.47,20,20.34,30,20.2,40,19.73,60,16.08,80,12,100,10.16,120,8.97,140,7.8,160,7.27,180,6.79,200e,6.67,215e,6.59,230e,6.5
7/25/2021 2:00,1536.27,5,20.47,10,20.43,20,20.36,30,20.2,40,19.19,60,15.48,80,11.63,100,10.02,120,9.05,140,7.8,160,7.03,180,6.74,200e,6.67,215e,6.58,230e,6.5
7/25/2021 3:00,1536.29,5,20.41,10,20.38,20,20.41,30,20.22,40,18.73,60,15.4,80,11.2,100,9.96,120,8.8,140,7.76,160,7.15,180,6.8,200e,6.71,215e,6.61,230e,6.5
7/25/2021 4:00,1536.3,5,20.43,10,20.39,20,20.42,30,20.18,40,18.7,60,14.23,80,11.31,100,9.77,120,8.75,140,7.77,160,7.15,180,6.79,200e,6.7,215e,6.6,230e,6.5
7/25/2021 5:00,1536.32,5,20.4,10,20.4,20,20.42,30,20.25,40,18.45,60,14.24,80,11.05,100,9.73,120,8.65,140,7.74,160,6.95,180,6.69,200e,6.63,215e,6.56,230e,6.5
7/25/2021 6:00,1536.34,5,20.42,10,20.41,20,20.42,30,20.22,40,17.83,60,13.72,80,10.91,100,9.61,120,8.4,140,7.49,160,6.97,180,6.72,200e,6.66,215e,6.58,230e,6.5
7/25/2021 7:00,1536.35,5,20.42,10,20.4,20,20.39,30,20.22,40,17.84,60,13.25,80,10.73,100,9.57,120,8.31,140,7.4,160,6.87,180,6.69,200e,6.65,215e,6.57,230e,6.5
7/25/2021 8:00,1536.36,5,20.63,10,20.47,20,20.42,30,20.26,40,18.32,60,13.63,80,10.76,100,9.49,120,8.16,140,7.29,160,6.83,180,6.68,200e,6.64,215e,6.57,230e,6.5
7/25/2021 9:00,1536.37,5,21.02,10,20.52,20,20.47,30,20.32,40,18.94,60,14.02,80,10.99,100,9.49,120,7.86,140,7.04,160,6.75,180,6.66,200e,6.64,215e,6.57,230e,6.5
7/25/2021 10:00,1536.34,5,20.86,10,20.53,20,20.46,30,20.32,40,20.12,60,14.06,80,10.97,100,9.31,120,7.75,140,7.05,160,6.79,180,6.66,200e,6.63,215e,6.56,230e,6.5
7/25/2021 11:00,1536.3,5,20.86,10,20.57,20,20.51,30,20.32,40,20.14,60,13.76,80,10.62,100,9.16,120,7.58,140,7.06,160,6.77,180,6.64,200e,6.61,215e,6.55,230e,6.5
7/25/2021 12:00,1536.25,5,20.99,10,20.88,20,20.56,30,20.27,40,20.07,60,13.73,80,10.6,100,9.12,120,7.56,140,6.96,160,6.71,180,6.61,200e,6.59,215e,6.54,230e,6.5
7/25/2021 13:00,1536.21,5,21.12,10,20.96,20,20.57,30,20.31,40,20.23,60,13.6,80,10.7,100,8.85,120,7.5,140,6.9,160,6.7,180,6.61,200e,6.59,215e,6.54,230e,6.5
7/25/2021 14:00,1536.18,5,21.17,10,20.85,20,20.54,30,20.38,40,19.04,60,13.87,80,10.6,100,9.05,120,7.62,140,6.94,160,6.72,180,6.62,200e,6.6,215e,6.55,230e,6.5
7/25/2021 15:00,1536.14,5,21.25,10,20.92,20,20.54,30,20.36,40,18.27,60,13.36,80,10.39,100,9.14,120,7.9,140,7.02,160,6.71,180,6.64,200e,6.62,215e,6.56,230e,6.5
7/25/2021 16:00,1536.11,5,21.32,10,20.75,20,20.52,30,20.28,40,16.98,60,13.08,80,10.33,100,9.23,120,8.06,140,7.15,160,6.76,180,6.65,200e,6.62,215e,6.56,230e,6.5
7/25/2021 17:00,1536.07,5,21.31,10,20.82,20,20.51,30,20.3,40,17.26,60,13.19,80,10.72,100,9.49,120,8.1,140,7.25,160,6.77,180,6.65,200e,6.62,215e,6.56,230e,6.5
7/25/2021 18:00,1536.02,5,21.16,10,20.93,20,20.51,30,20.3,40,17.66,60,13.67,80,10.78,100,9.56,120,8.45,140,7.54,160,6.94,180,6.72,200e,6.67,215e,6.58,230e,6.5
7/25/2021 19:00,1535.99,5,21.05,10,20.81,20,20.55,30,20.32,40,17.98,60,14.24,80,10.77,100,9.72,120,8.57,140,7.63,160,6.96,180,6.72,200e,6.66,215e,6.58,230e,6.5
7/25/2021 20:00,1535.96,5,20.98,10,20.89,20,20.57,30,20.33,40,17.95,60,14.12,80,10.78,100,9.78,120,8.77,140,7.77,160,7.12,180,6.77,200e,6.68,215e,6.59,230e,6.5
7/25/2021 21:00,1535.96,5,21.04,10,20.73,20,20.53,30,20.29,40,18.29,60,14.23,80,10.88,100,9.76,120,8.65,140,7.78,160,7.12,180,6.81,200e,6.73,215e,6.62,230e,6.5
7/25/2021 22:00,1535.98,5,20.97,10,20.78,20,20.56,30,20.35,40,19,60,14.95,80,11.08,100,9.81,120,8.88,140,7.66,160,6.96,180,6.76,200e,6.71,215e,6.61,230e,6.5
7/25/2021 23:00,1535.99,5,20.9,10,20.84,20,20.57,30,20.42,40,19.46,60,15.22,80,11.42,100,9.92,120,8.85,140,7.62,160,7.08,180,6.8,200e,6.73,215e,6.62,230e,6.5
7/26/2021 0:00,1536,5,20.84,10,20.81,20,20.57,30,20.48,40,19.57,60,15.42,80,11.6,100,9.94,120,8.95,140,7.79,160,7.13,180,6.81,200e,6.73,215e,6.62,230e,6.5
7/26/2021 1:00,1536.02,5,20.78,10,20.78,20,20.61,30,20.47,40,19.41,60,15.28,80,11.7,100,10.13,120,9.15,140,7.97,160,7.41,180,6.86,200e,6.72,215e,6.61,230e,6.5
7/26/2021 2:00,1536.04,5,20.74,10,20.74,20,20.59,30,20.43,40,18.94,60,15.24,80,11.53,100,10.29,120,9.28,140,8.1,160,7.41,180,6.84,200e,6.7,215e,6.6,230e,6.5
7/26/2021 3:00,1536.04,5,20.72,10,20.7,20,20.67,30,20.42,40,18.7,60,15.03,80,11.47,100,10.35,120,9.17,140,8.04,160,7.37,180,6.79,200e,6.65,215e,6.57,230e,6.5
7/26/2021 4:00,1536.07,5,20.71,10,20.67,20,20.68,30,20.43,40,18.62,60,14.56,80,11.31,100,10.12,120,9.01,140,7.85,160,7.25,180,6.74,200e,6.61,215e,6.56,230e,6.5
7/26/2021 5:00,1536.08,5,20.69,10,20.68,20,20.7,30,20.42,40,18.27,60,14.32,80,11.25,100,10.06,120,8.75,140,7.48,160,7.14,180,6.82,200e,6.74,215e,6.62,230e,6.5
7/26/2021 6:00,1536.1,5,20.68,10,20.67,20,20.69,30,20.44,40,18.01,60,13.98,80,11.24,100,9.65,120,8.53,140,7.52,160,7.05,180,6.68,200e,6.59,215e,6.54,230e,6.5
7/26/2021 7:00,1536.12,5,20.68,10,20.66,20,20.69,30,20.53,40,18.17,60,13.79,80,11.2,100,9.54,120,8.25,140,7.48,160,6.89,180,6.68,200e,6.63,215e,6.56,230e,6.5
7/26/2021 8:00,1536.12,5,20.87,10,20.73,20,20.73,30,20.61,40,18.74,60,13.85,80,11.05,100,9.49,120,8.06,140,7.36,160,6.88,180,6.7,200e,6.66,215e,6.58,230e,6.5
7/26/2021 9:00,1536.14,5,21.09,10,20.84,20,20.8,30,20.62,40,19.62,60,14.07,80,11,100,9.31,120,7.97,140,7.25,160,6.84,180,6.71,200e,6.68,215e,6.59,230e,6.5
7/26/2021 10:00,1536.1,5,21.21,10,20.85,20,20.8,30,20.64,40,20.43,60,13.96,80,11,100,9.31,120,7.87,140,7.05,160,6.78,180,6.68,200e,6.66,215e,6.58,230e,6.5
7/26/2021 11:00,1536.05,5,21.13,10,20.86,20,20.83,30,20.67,40,20.37,60,13.62,80,10.78,100,9.19,120,7.56,140,7.06,160,6.77,180,6.67,200e,6.65,215e,6.57,230e,6.5
7/26/2021 12:00,1536.01,5,21.13,10,21.02,20,20.82,30,20.59,40,20.39,60,13.52,80,10.48,100,9.23,120,7.67,140,7.1,160,6.8,180,6.66,200e,6.63,215e,6.56,230e,6.5
7/26/2021 13:00,1535.96,5,21.24,10,21.11,20,20.8,30,20.61,40,19.27,60,13.38,80,10.38,100,9.09,120,7.78,140,7.18,160,6.8,180,6.64,200e,6.6,215e,6.55,230e,6.5
7/26/2021 14:00,1535.93,5,21.33,10,21.18,20,20.76,30,20.65,40,18.14,60,13.17,80,10.34,100,9.2,120,7.86,140,7.2,160,6.82,180,6.67,200e,6.63,215e,6.57,230e,6.5
7/26/2021 15:00,1535.89,5,21.34,10,21.11,20,20.77,30,20.58,40,17.37,60,12.71,80,10.28,100,9.18,120,8.07,140,7.22,160,6.85,180,6.69,200e,6.65,215e,6.58,230e,6.5
7/26/2021 16:00,1535.86,5,21.42,10,20.9,20,20.76,30,19.64,40,17,60,12.48,80,10.31,100,9.2,120,8.13,140,7.26,160,6.84,180,6.69,200e,6.65,215e,6.58,230e,6.5
7/26/2021 17:00,1535.82,5,21.41,10,21.23,20,20.69,30,19.03,40,17.15,60,12.31,80,10.57,100,9.29,120,8.25,140,7.39,160,6.92,180,6.71,200e,6.66,215e,6.58,230e,6.5
7/26/2021 18:00,1535.78,5,21.21,10,20.94,20,20.68,30,19.37,40,17.43,60,12.87,80,10.74,100,9.66,120,8.52,140,7.66,160,7.1,180,6.79,200e,6.71,215e,6.61,230e,6.5
7/26/2021 19:00,1535.74,5,21.06,10,20.76,20,20.63,30,19.61,40,17.62,60,13.32,80,11.12,100,9.77,120,8.89,140,8.09,160,7.24,180,6.82,200e,6.72,215e,6.61,230e,6.5
7/26/2021 20:00,1535.7,5,20.95,10,20.81,20,20.63,30,19.34,40,18.19,60,14.1,80,11.38,100,9.95,120,8.98,140,8.04,160,7.24,180,6.85,200e,6.75,215e,6.63,230e,6.5
7/26/2021 21:00,1535.67,5,20.95,10,20.82,20,20.61,30,19.77,40,17.83,60,14.59,80,11.57,100,10.18,120,9.02,140,8.1,160,7.17,180,6.8,200e,6.71,215e,6.6,230e,6.5
7/26/2021 22:00,1535.67,5,20.96,10,20.8,20,20.59,30,20.09,40,17.89,60,15.42,80,11.86,100,10.41,120,9.22,140,7.77,160,6.92,180,6.73,200e,6.68,215e,6.59,230e,6.5
7/26/2021 23:00,1535.68,5,20.95,10,20.72,20,20.62,30,20.02,40,18.5,60,16.27,80,11.93,100,10.35,120,8.97,140,7.85,160,7.16,180,6.83,200e,6.75,215e,6.62,230e,6.5
7/27/2021 0:00,1535.7,5,20.85,10,20.73,20,20.66,30,20.26,40,18.76,60,16.32,80,12.5,100,10.53,120,9.18,140,7.92,160,7.23,180,6.75,200e,6.63,215e,6.57,230e,6.5
7/27/2021 1:00,1535.71,5,20.8,10,20.76,20,20.6,30,19.98,40,18.96,60,16.39,80,12.37,100,10.5,120,9.2,140,7.9,160,7.14,180,6.73,200e,6.63,215e,6.56,230e,6.5
7/27/2021 2:00,1535.74,5,20.76,10,20.73,20,20.58,30,20.08,40,19.03,60,15.82,80,12,100,10.59,120,8.77,140,7.74,160,7.27,180,6.88,200e,6.78,215e,6.64,230e,6.5
7/27/2021 3:00,1535.74,5,20.75,10,20.71,20,20.69,30,19.87,40,18.63,60,15.63,80,11.67,100,10.12,120,8.79,140,7.78,160,7.04,180,6.74,200e,6.67,215e,6.58,230e,6.5
7/27/2021 4:00,1535.76,5,20.71,10,20.69,20,20.68,30,19.98,40,18.51,60,15,80,11.5,100,9.81,120,8.75,140,7.65,160,7.09,180,6.72,200e,6.63,215e,6.56,230e,6.5
7/27/2021 5:00,1535.78,5,20.71,10,20.67,20,20.68,30,19.81,40,18.02,60,14.46,80,11.09,100,9.57,120,8.41,140,7.52,160,7.01,180,6.74,200e,6.67,215e,6.59,230e,6.5
7/27/2021 6:00,1535.8,5,20.69,10,20.67,20,20.69,30,19.72,40,17.92,60,13.61,80,11.12,100,9.54,120,8.06,140,7.35,160,6.92,180,6.69,200e,6.63,215e,6.57,230e,6.5
7/27/2021 7:00,1535.81,5,20.71,10,20.69,20,20.7,30,19.91,40,18.51,60,13.37,80,11.05,100,9.31,120,7.97,140,7.23,160,6.97,180,6.73,200e,6.67,215e,6.59,230e,6.5
7/27/2021 8:00,1535.83,5,20.8,10,20.78,20,20.75,30,20.44,40,18.82,60,13.26,80,11.22,100,9.23,120,7.96,140,7.27,160,6.89,180,6.68,200e,6.63,215e,6.56,230e,6.5
7/27/2021 9:00,1535.85,5,20.9,10,20.85,20,20.81,30,20.61,40,19.31,60,14.39,80,11.06,100,9.04,120,7.82,140,7.19,160,6.78,180,6.66,200e,6.63,215e,6.57,230e,6.5
7/27/2021 10:00,1535.8,5,20.98,10,20.93,20,20.85,30,20.72,40,19.6,60,14.6,80,11.14,100,9.09,120,7.99,140,7.13,160,6.83,180,6.66,200e,6.62,215e,6.56,230e,6.5
7/27/2021 11:00,1535.76,5,21.09,10,20.94,20,20.93,30,20.73,40,20.01,60,14.87,80,11.37,100,9.2,120,8.01,140,7.11,160,6.82,180,6.71,200e,6.68,215e,6.59,230e,6.5
7/27/2021 12:00,1535.72,5,21.13,10,20.94,20,20.92,30,20.67,40,20.3,60,15.22,80,11.43,100,9.12,120,7.85,140,7.09,160,6.84,180,6.7,200e,6.67,215e,6.58,230e,6.5
7/27/2021 13:00,1535.68,5,21.23,10,21.01,20,20.93,30,20.69,40,20.57,60,15.25,80,11.38,100,9.24,120,7.87,140,7.04,160,6.81,180,6.67,200e,6.64,215e,6.57,230e,6.5
7/27/2021 14:00,1535.65,5,21.22,10,21.09,20,20.94,30,20.66,40,20.6,60,14.9,80,10.98,100,9.24,120,7.99,140,7.08,160,6.81,180,6.66,200e,6.62,215e,6.56,230e,6.5
7/27/2021 15:00,1535.6,5,21.31,10,21.17,20,20.92,30,20.72,40,20.62,60,14.46,80,10.96,100,9.09,120,8.05,140,7.27,160,6.83,180,6.67,200e,6.63,215e,6.57,230e,6.5
7/27/2021 16:00,1535.57,5,21.4,10,21.25,20,20.95,30,20.76,40,20.15,60,14.39,80,10.9,100,9.22,120,8.1,140,7.27,160,6.85,180,6.67,200e,6.63,215e,6.56,230e,6.5
7/27/2021 17:00,1535.53,5,21.43,10,21.28,20,20.97,30,20.78,40,19.07,60,13.64,80,10.89,100,9.22,120,8.09,140,7.38,160,6.9,180,6.7,200e,6.65,215e,6.58,230e,6.5
7/27/2021 18:00,1535.49,5,21.36,10,21.24,20,20.94,30,20.74,40,18.27,60,13.33,80,10.95,100,9.15,120,8.27,140,7.52,160,6.95,180,6.71,200e,6.65,215e,6.58,230e,6.5
7/27/2021 19:00,1535.45,5,21.32,10,21.27,20,20.95,30,20.75,40,18.19,60,13.53,80,10.88,100,9.22,120,8.26,140,7.54,160,6.96,180,6.74,200e,6.69,215e,6.59,230e,6.5
7/27/2021 20:00,1535.41,5,21.28,10,21.23,20,20.97,30,20.71,40,18.82,60,13.89,80,10.9,100,9.37,120,8.52,140,7.59,160,6.93,180,6.7,200e,6.64,215e,6.57,230e,6.5
7/27/2021 21:00,1535.38,5,21.25,10,21.22,20,20.97,30,20.72,40,18.89,60,14.08,80,10.74,100,9.34,120,8.58,140,7.75,160,6.99,180,6.76,200e,6.7,215e,6.6,230e,6.5
7/27/2021 22:00,1535.38,5,21.23,10,21.19,20,21.04,30,20.79,40,18.63,60,13.88,80,10.75,100,9.55,120,8.54,140,7.65,160,6.97,180,6.79,200e,6.75,215e,6.62,230e,6.5
7/27/2021 23:00,1535.39,5,21.21,10,21.18,20,21.08,30,20.86,40,19.56,60,13.76,80,10.88,100,9.84,120,8.46,140,7.57,160,7.02,180,6.79,200e,6.73,215e,6.62,230e,6.5
7/28/2021 0:00,1535.41,5,21.17,10,21.16,20,21.11,30,20.88,40,19.58,60,14.3,80,11.16,100,9.84,120,8.53,140,7.89,160,7.26,180,6.85,200e,6.75,215e,6.62,230e,6.5
7/28/2021 1:00,1535.42,5,21.16,10,21.14,20,21.18,30,20.95,40,20.6,60,14.4,80,11.41,100,9.96,120,8.84,140,8.03,160,7.32,180,6.88,200e,6.77,215e,6.64,230e,6.5
7/28/2021 2:00,1535.44,5,21.14,10,21.13,20,21.16,30,20.98,40,20.6,60,15,80,11.43,100,10.15,120,8.98,140,8.18,160,7.35,180,6.9,200e,6.79,215e,6.64,230e,6.5
7/28/2021 3:00,1535.45,5,21.12,10,21.11,20,21.15,30,21.04,40,20.28,60,15.08,80,11.61,100,10.45,120,9.41,140,8.28,160,7.3,180,6.85,200e,6.74,215e,6.62,230e,6.5
7/28/2021 4:00,1535.47,5,21.12,10,21.1,20,21.13,30,21.06,40,20.2,60,15.08,80,11.73,100,10.38,120,9.46,140,8.24,160,7.32,180,6.86,200e,6.75,215e,6.62,230e,6.5
7/28/2021 5:00,1535.48,5,21.1,10,21.09,20,21.12,30,20.99,40,19.08,60,14.92,80,11.78,100,10.45,120,9.42,140,8.16,160,7.4,180,6.86,200e,6.73,215e,6.61,230e,6.5
7/28/2021 6:00,1535.5,5,21.11,10,21.08,20,21.11,30,21.01,40,18.91,60,14.89,80,11.75,100,10.3,120,8.99,140,8.11,160,7.38,180,6.86,200e,6.73,215e,6.62,230e,6.5
7/28/2021 7:00,1535.52,5,21.1,10,21.08,20,21.1,30,21.04,40,18.09,60,14.17,80,11.65,100,10.16,120,8.81,140,7.84,160,7.29,180,6.8,200e,6.68,215e,6.59,230e,6.5
7/28/2021 8:00,1535.54,5,21.31,10,21.17,20,21.14,30,21.06,40,18.07,60,13.97,80,11.43,100,9.81,120,8.84,140,7.74,160,7.12,180,6.74,200e,6.65,215e,6.57,230e,6.5
7/28/2021 9:00,1535.55,5,21.41,10,21.27,20,21.18,30,21.08,40,18.19,60,13.76,80,11.14,100,9.62,120,8.43,140,7.52,160,7.05,180,6.79,200e,6.73,215e,6.61,230e,6.5
7/28/2021 10:00,1535.52,5,21.64,10,21.28,20,21.24,30,21.1,40,19.43,60,13.88,80,10.93,100,9.61,120,8.34,140,7.55,160,7.02,180,6.73,200e,6.66,215e,6.58,230e,6.5
7/28/2021 11:00,1535.49,5,22.34,10,21.45,20,21.3,30,21.14,40,20.19,60,13.86,80,10.72,100,9.53,120,8.27,140,7.46,160,7.02,180,6.75,200e,6.68,215e,6.59,230e,6.5
7/28/2021 12:00,1535.43,5,21.84,10,21.33,20,21.23,30,21.08,40,19.89,60,13.91,80,10.81,100,9.24,120,8.11,140,7.34,160,6.89,180,6.73,200e,6.69,215e,6.6,230e,6.5
7/28/2021 13:00,1535.39,5,22.07,10,21.32,20,21.19,30,21.04,40,18.33,60,13.48,80,10.5,100,9.38,120,8.17,140,7.3,160,6.9,180,6.72,200e,6.68,215e,6.59,230e,6.5
7/28/2021 14:00,1535.36,5,22.08,10,21.36,20,21.24,30,21.12,40,17.38,60,13.73,80,10.62,100,9.38,120,8.22,140,7.4,160,6.86,180,6.71,200e,6.67,215e,6.59,230e,6.5
7/28/2021 15:00,1535.31,5,22.08,10,21.38,20,21.23,30,21.08,40,17.37,60,13.84,80,10.7,100,9.47,120,8.51,140,7.56,160,6.93,180,6.71,200e,6.66,215e,6.58,230e,6.5
7/28/2021 16:00,1535.27,5,22.09,10,21.57,20,21.22,30,20.92,40,17.86,60,14.03,80,11.14,100,9.59,120,8.66,140,7.63,160,6.93,180,6.74,200e,6.69,215e,6.6,230e,6.5
7/28/2021 17:00,1535.23,5,21.91,10,21.49,20,21.2,30,20.06,40,17.48,60,14.06,80,11.22,100,9.68,120,8.69,140,7.45,160,6.85,180,6.69,200e,6.65,215e,6.58,230e,6.5
7/28/2021 18:00,1535.2,5,21.75,10,21.43,20,21.14,30,19.77,40,17.44,60,14.41,80,11.28,100,9.83,120,8.73,140,7.66,160,6.93,180,6.73,200e,6.68,215e,6.59,230e,6.5
7/28/2021 19:00,1535.15,5,21.81,10,21.27,20,21.13,30,20,40,17.77,60,15.2,80,11.47,100,9.91,120,8.83,140,7.82,160,6.98,180,6.76,200e,6.71,215e,6.6,230e,6.5
7/28/2021 20:00,1535.12,5,21.85,10,21.27,20,21.1,30,20.24,40,17.8,60,15.53,80,11.68,100,10.05,120,8.9,140,7.63,160,6.87,180,6.7,200e,6.66,215e,6.58,230e,6.5
7/28/2021 21:00,1535.08,5,21.75,10,21.23,20,21.14,30,19.81,40,18.21,60,15.6,80,11.59,100,10.01,120,8.79,140,7.28,160,6.8,180,6.67,200e,6.64,215e,6.57,230e,6.5
7/28/2021 22:00,1535.08,5,21.66,10,21.19,20,21.07,30,20.12,40,18,60,15.48,80,11.34,100,9.5,120,8.49,140,7.25,160,6.78,180,6.65,200e,6.62,215e,6.56,230e,6.5
7/28/2021 23:00,1535.1,5,21.54,10,21.22,20,21.09,30,20.36,40,18.21,60,15.74,80,11.31,100,9.62,120,8.42,140,7.16,160,6.79,180,6.65,200e,6.62,215e,6.56,230e,6.5
7/29/2021 0:00,1535.11,5,21.45,10,21.26,20,21.1,30,20.56,40,18.58,60,16.02,80,11.4,100,9.47,120,8.41,140,7.32,160,6.79,180,6.65,200e,6.62,215e,6.56,230e,6.5
7/29/2021 1:00,1535.13,5,21.37,10,21.26,20,21.11,30,20.68,40,18.66,60,15.8,80,11.23,100,9.58,120,8.5,140,7.4,160,6.87,180,6.7,200e,6.66,215e,6.58,230e,6.5
7/29/2021 2:00,1535.14,5,21.32,10,21.28,20,21.17,30,20.82,40,18.87,60,15.8,80,11.44,100,9.85,120,8.66,140,7.5,160,6.87,180,6.74,200e,6.71,215e,6.6,230e,6.5
7/29/2021 3:00,1535.15,5,21.25,10,21.23,20,21.2,30,20.76,40,18.98,60,15.81,80,11.63,100,10.1,120,8.81,140,7.61,160,6.93,180,6.73,200e,6.68,215e,6.59,230e,6.5
7/29/2021 4:00,1535.17,5,21.23,10,21.21,20,21.24,30,20.78,40,19,60,15.58,80,11.71,100,10.18,120,8.94,140,7.8,160,7.02,180,6.76,200e,6.7,215e,6.6,230e,6.5
7/29/2021 5:00,1535.19,5,21.21,10,21.2,20,21.23,30,21.1,40,18.83,60,15.41,80,11.81,100,10.28,120,8.88,140,7.7,160,7,180,6.74,200e,6.68,215e,6.59,230e,6.5
7/29/2021 6:00,1535.2,5,21.23,10,21.22,20,21.24,30,21.16,40,18.61,60,14.95,80,11.9,100,9.9,120,8.71,140,7.45,160,6.88,180,6.73,200e,6.69,215e,6.6,230e,6.5
7/29/2021 7:00,1535.22,5,21.22,10,21.19,20,21.24,30,21.1,40,18.69,60,14.37,80,11.85,100,9.97,120,8.36,140,7.29,160,6.81,180,6.7,200e,6.67,215e,6.59,230e,6.5
7/29/2021 8:00,1535.23,5,21.46,10,21.26,20,21.27,30,21.21,40,18.74,60,14.41,80,11.58,100,9.53,120,8.06,140,7.17,160,6.89,180,6.71,200e,6.67,215e,6.58,230e,6.5
7/29/2021 9:00,1535.24,5,21.62,10,21.37,20,21.32,30,21.21,40,18.91,60,14.57,80,11.71,100,9.45,120,8,140,7.1,160,6.77,180,6.65,200e,6.62,215e,6.56,230e,6.5
7/29/2021 10:00,1535.21,5,21.79,10,21.52,20,21.29,30,21.21,40,18.93,60,14.79,80,11.43,100,9.5,120,7.88,140,7.1,160,6.78,180,6.68,200e,6.66,215e,6.58,230e,6.5
7/29/2021 11:00,1535.17,5,22.21,10,21.45,20,21.37,30,21.23,40,19.14,60,14.88,80,11.52,100,9.34,120,7.83,140,7.07,160,6.79,180,6.67,200e,6.64,215e,6.57,230e,6.5
7/29/2021 12:00,1535.11,5,21.94,10,21.74,20,21.38,30,21.18,40,18.67,60,14.02,80,11.41,100,9.34,120,7.86,140,7.13,160,6.79,180,6.67,200e,6.64,215e,6.57,230e,6.5
7/29/2021 13:00,1535.08,5,22.04,10,21.52,20,21.26,30,21.16,40,17.98,60,14.09,80,11.36,100,9.19,120,7.93,140,7.04,160,6.81,180,6.66,200e,6.62,215e,6.56,230e,6.5
7/29/2021 14:00,1534.92,5,22.08,10,21.43,20,21.3,30,21.17,40,17.71,60,14.11,80,11.23,100,9.21,120,8.1,140,7.3,160,6.84,180,6.68,200e,6.64,215e,6.57,230e,6.5
7/29/2021 15:00,1534.87,5,21.97,10,21.53,20,21.32,30,20.58,40,17.34,60,13.99,80,11.28,100,9.31,120,8.17,140,7.39,160,6.84,180,6.7,200e,6.67,215e,6.58,230e,6.5
7/29/2021 16:00,1534.84,5,21.9,10,21.81,20,21.26,30,19.28,40,17.28,60,13.95,80,11.01,100,9.36,120,8.36,140,7.45,160,6.87,180,6.7,200e,6.66,215e,6.58,230e,6.5
7/29/2021 17:00,1534.81,5,21.95,10,21.77,20,21.24,30,18.56,40,17.26,60,13.94,80,11.01,100,9.32,120,8.4,140,7.62,160,6.89,180,6.74,200e,6.7,215e,6.6,230e,6.5
7/29/2021 18:00,1534.77,5,21.75,10,21.48,20,21.2,30,18.92,40,17.48,60,14.59,80,10.74,100,9.6,120,8.55,140,7.87,160,7.08,180,6.84,200e,6.78,215e,6.64,230e,6.5
7/29/2021 19:00,1534.72,5,21.68,10,21.35,20,21.19,30,19.32,40,17.86,60,15.07,80,10.99,100,9.74,120,8.9,140,8.1,160,7.09,180,6.82,200e,6.75,215e,6.63,230e,6.5
7/29/2021 20:00,1534.69,5,21.92,10,21.44,20,21.19,30,19.52,40,18,60,15.87,80,11.12,100,10.01,120,8.99,140,7.97,160,7.13,180,6.76,200e,6.67,215e,6.58,230e,6.5
7/29/2021 21:00,1534.65,5,21.91,10,21.34,20,21.19,30,19.9,40,18.32,60,15.88,80,11.3,100,9.96,120,8.91,140,8,160,7.19,180,6.78,200e,6.68,215e,6.59,230e,6.5
7/29/2021 22:00,1534.66,5,21.75,10,21.29,20,21.21,30,20,40,18.33,60,16.12,80,11.3,100,10.28,120,8.87,140,7.88,160,7.22,180,6.74,200e,6.62,215e,6.56,230e,6.5
7/29/2021 23:00,1534.68,5,21.65,10,21.29,20,21.22,30,20.33,40,18.77,60,16.3,80,11.72,100,10.24,120,9.01,140,8.1,160,6.96,180,6.76,200e,6.71,215e,6.61,230e,6.5
7/30/2021 0:00,1534.69,5,21.58,10,21.3,20,21.18,30,20.34,40,18.75,60,16.3,80,11.97,100,10.26,120,9.16,140,8.19,160,7.16,180,6.78,200e,6.69,215e,6.59,230e,6.5
7/30/2021 1:00,1534.7,5,21.53,10,21.31,20,21.16,30,20.04,40,18.99,60,16.31,80,11.67,100,10.33,120,9.33,140,8.34,160,7.43,180,6.9,200e,6.77,215e,6.63,230e,6.5
7/30/2021 2:00,1534.72,5,21.48,10,21.36,20,21.15,30,20.06,40,18.98,60,16.4,80,11.54,100,10.35,120,9.37,140,8.44,160,7.61,180,7.01,200e,6.86,215e,6.68,230e,6.5
7/30/2021 3:00,1534.73,5,21.43,10,21.39,20,21.28,30,20.2,40,18.98,60,16.14,80,11.41,100,10.35,120,9.52,140,8.38,160,7.62,180,6.89,200e,6.71,215e,6.6,230e,6.5
7/30/2021 4:00,1534.75,5,21.4,10,21.38,20,21.32,30,20.32,40,19.1,60,15.77,80,11.42,100,10.46,120,9.3,140,8.18,160,7.52,180,7.09,200e,6.98,215e,6.74,230e,6.5
7/30/2021 5:00,1534.76,5,21.38,10,21.35,20,21.31,30,20.33,40,19.04,60,14.83,80,11.47,100,9.93,120,8.96,140,8,160,7.35,180,6.83,200e,6.7,215e,6.6,230e,6.5
7/30/2021 6:00,1534.77,5,21.35,10,21.34,20,21.36,30,20.49,40,19.05,60,14.18,80,11.23,100,9.81,120,8.68,140,7.75,160,7.13,180,6.78,200e,6.69,215e,6.6,230e,6.5
7/30/2021 7:00,1534.8,5,21.38,10,21.36,20,21.38,30,20.8,40,19.04,60,13.83,80,11.07,100,9.71,120,8.43,140,7.71,160,6.98,180,6.71,200e,6.64,215e,6.57,230e,6.5
7/30/2021 8:00,1534.81,5,21.45,10,21.42,20,21.4,30,21.25,40,19.2,60,14.04,80,11.04,100,9.7,120,8.16,140,7.44,160,6.88,180,6.73,200e,6.69,215e,6.6,230e,6.5
7/30/2021 9:00,1534.82,5,21.57,10,21.5,20,21.46,30,21.35,40,19.41,60,14.24,80,10.84,100,9.38,120,8.02,140,7.17,160,6.84,180,6.7,200e,6.67,215e,6.58,230e,6.5
7/30/2021 10:00,1534.83,5,21.69,10,21.6,20,21.53,30,21.41,40,19.72,60,14.25,80,10.96,100,9.38,120,7.97,140,7.13,160,6.78,180,6.69,200e,6.67,215e,6.58,230e,6.5
7/30/2021 11:00,1534.84,5,22.06,10,21.61,20,21.55,30,21.37,40,20.13,60,14.31,80,10.93,100,9.33,120,8.01,140,7.15,160,6.88,180,6.73,200e,6.69,215e,6.6,230e,6.5
7/30/2021 12:00,1534.79,5,21.89,10,21.61,20,21.51,30,21.29,40,20,60,14.76,80,11.14,100,9.33,120,7.8,140,7.19,160,6.76,180,6.68,200e,6.66,215e,6.58,230e,6.5
7/30/2021 13:00,1534.75,5,21.84,10,21.79,20,21.44,30,21.27,40,19.62,60,14.48,80,10.87,100,9.18,120,8.02,140,7.28,160,6.83,180,6.71,200e,6.68,215e,6.59,230e,6.5
7/30/2021 14:00,1534.7,5,21.81,10,21.74,20,21.43,30,21.29,40,19.08,60,13.94,80,10.89,100,9.41,120,8.06,140,7.29,160,6.83,180,6.69,200e,6.66,215e,6.58,230e,6.5
7/30/2021 15:00,1534.64,5,21.85,10,21.67,20,21.43,30,21.32,40,18.43,60,14.26,80,10.89,100,9.4,120,8.17,140,7.37,160,6.89,180,6.74,200e,6.7,215e,6.6,230e,6.5
7/30/2021 16:00,1534.58,5,21.83,10,21.79,20,21.43,30,20.93,40,18.36,60,14.05,80,11.13,100,9.66,120,8.37,140,7.26,160,6.89,180,6.7,200e,6.65,215e,6.58,230e,6.5
7/30/2021 17:00,1534.54,5,21.76,10,21.72,20,21.46,30,20.2,40,17.86,60,13.76,80,10.77,100,9.77,120,8.56,140,7.49,160,6.97,180,6.75,200e,6.7,215e,6.6,230e,6.5
7/30/2021 18:00,1534.5,5,21.78,10,21.68,20,21.44,30,19.62,40,17.94,60,13.99,80,10.89,100,9.76,120,8.57,140,7.69,160,6.97,180,6.72,200e,6.66,215e,6.58,230e,6.5
7/30/2021 19:00,1534.45,5,21.72,10,21.65,20,21.31,30,19.76,40,18.31,60,14.51,80,10.92,100,9.83,120,8.71,140,7.79,160,7.11,180,6.81,200e,6.74,215e,6.62,230e,6.5
7/30/2021 20:00,1534.4,5,21.66,10,21.54,20,21.3,30,19.74,40,18.2,60,14.9,80,11.04,100,9.85,120,8.88,140,7.77,160,7.11,180,6.8,200e,6.72,215e,6.61,230e,6.5
7/30/2021 21:00,1534.36,5,21.59,10,21.54,20,21.3,30,19.84,40,18.41,60,15.03,80,11.41,100,9.87,120,8.78,140,7.86,160,6.92,180,6.69,200e,6.63,215e,6.57,230e,6.5
7/30/2021 22:00,1534.36,5,21.55,10,21.48,20,21.31,30,19.94,40,18.51,60,14.94,80,11.61,100,10.19,120,8.72,140,7.68,160,6.99,180,6.74,200e,6.68,215e,6.59,230e,6.5
7/30/2021 23:00,1534.37,5,21.61,10,21.45,20,20.87,30,19.99,40,18.56,60,15.75,80,11.61,100,10.31,120,9.04,140,8.07,160,7.12,180,6.74,200e,6.65,215e,6.57,230e,6.5
7/31/2021 0:00,1534.39,5,21.56,10,21.42,20,21.21,30,20.11,40,18.91,60,15.94,80,12.16,100,10.67,120,9.27,140,8.24,160,7.22,180,6.79,200e,6.68,215e,6.59,230e,6.5
7/31/2021 1:00,1534.4,5,21.55,10,21.48,20,21.19,30,20.22,40,19.17,60,15.87,80,12.48,100,10.79,120,9.42,140,8.3,160,7.16,180,6.78,200e,6.69,215e,6.59,230e,6.5
7/31/2021 2:00,1534.41,5,21.54,10,21.49,20,21.07,30,20.27,40,19.09,60,15.93,80,12.54,100,10.74,120,9.56,140,8.21,160,7.2,180,6.84,200e,6.75,215e,6.63,230e,6.5
7/31/2021 3:00,1534.43,5,21.52,10,21.43,20,20.98,30,20.22,40,18.97,60,15.91,80,12.34,100,10.72,120,9.72,140,8.16,160,7.17,180,6.75,200e,6.65,215e,6.57,230e,6.5
7/31/2021 4:00,1534.44,5,21.47,10,21.44,20,20.97,30,20.19,40,18.77,60,15.44,80,12.15,100,10.62,120,9.65,140,7.96,160,7.06,180,6.72,200e,6.64,215e,6.57,230e,6.5
7/31/2021 5:00,1534.46,5,21.46,10,21.42,20,21.01,30,20.08,40,18.61,60,15.14,80,12.2,100,10.65,120,9.01,140,7.91,160,7.01,180,6.73,200e,6.66,215e,6.58,230e,6.5
7/31/2021 6:00,1534.49,5,21.46,10,21.42,20,21.23,30,20.24,40,18.36,60,14.65,80,11.79,100,10.17,120,8.92,140,7.71,160,6.95,180,6.73,200e,6.68,215e,6.59,230e,6.5
7/31/2021 7:00,1534.5,5,21.46,10,21.44,20,21.31,30,20.31,40,18.46,60,14.41,80,11.7,100,9.88,120,8.62,140,7.4,160,6.89,180,6.68,200e,6.63,215e,6.56,230e,6.5
7/31/2021 8:00,1534.51,5,21.56,10,21.5,20,21.4,30,20.51,40,19.08,60,14.35,80,11.27,100,9.82,120,8.32,140,7.27,160,6.82,180,6.71,200e,6.68,215e,6.59,230e,6.5
7/31/2021 9:00,1534.51,5,21.67,10,21.49,20,21.48,30,20.67,40,19.42,60,14.64,80,11.13,100,9.73,120,8.23,140,7.14,160,6.76,180,6.67,200e,6.65,215e,6.57,230e,6.5
7/31/2021 10:00,1534.53,5,21.73,10,21.61,20,21.48,30,20.71,40,19.49,60,14.31,80,11.09,100,9.52,120,8.02,140,7.14,160,6.84,180,6.67,200e,6.63,215e,6.56,230e,6.5
7/31/2021 11:00,1534.54,5,21.74,10,21.66,20,21.38,30,20.83,40,19.15,60,14.36,80,10.92,100,9.15,120,7.9,140,7.06,160,6.8,180,6.66,200e,6.63,215e,6.56,230e,6.5
7/31/2021 12:00,1534.5,5,21.74,10,21.68,20,21.33,30,20.86,40,18.98,60,14.64,80,10.76,100,9.09,120,7.9,140,7.08,160,6.77,180,6.66,200e,6.63,215e,6.57,230e,6.5
7/31/2021 13:00,1534.45,5,21.66,10,21.61,20,21.33,30,20.71,40,18.32,60,14.83,80,10.85,100,9.62,120,8.12,140,7.18,160,6.81,180,6.67,200e,6.64,215e,6.57,230e,6.5
7/31/2021 14:00,1534.39,5,21.7,10,21.6,20,21.19,30,20.17,40,18.36,60,14.17,80,10.93,100,9.67,120,8.19,140,7.19,160,6.79,180,6.67,200e,6.64,215e,6.57,230e,6.5
7/31/2021 15:00,1534.34,5,21.6,10,21.56,20,21,30,19.52,40,18.16,60,14.34,80,11.15,100,9.61,120,8.16,140,7.05,160,6.82,180,6.7,200e,6.67,215e,6.59,230e,6.5
7/31/2021 16:00,1534.29,5,21.52,10,21.47,20,20.92,30,19.46,40,18.09,60,14.89,80,11.27,100,9.54,120,8.43,140,7.4,160,6.93,180,6.69,200e,6.63,215e,6.57,230e,6.5
7/31/2021 17:00,1534.25,5,21.48,10,21.43,20,20.71,30,19.73,40,18.13,60,14.82,80,11.15,100,9.58,120,8.43,140,7.45,160,6.97,180,6.69,200e,6.62,215e,6.56,230e,6.5
7/31/2021 18:00,1534.21,5,21.44,10,21.4,20,20.53,30,19.73,40,18.05,60,15.18,80,11.27,100,9.96,120,8.48,140,7.58,160,6.98,180,6.7,200e,6.63,215e,6.57,230e,6.5
7/31/2021 19:00,1534.16,5,21.38,10,21.33,20,20.36,30,19.57,40,18.15,60,14.88,80,11.23,100,9.89,120,8.49,140,7.49,160,7.04,180,6.75,200e,6.68,215e,6.59,230e,6.5
7/31/2021 20:00,1534.11,5,21.33,10,21.24,20,20.36,30,19.4,40,18.32,60,15.04,80,11.37,100,10.12,120,8.61,140,7.68,160,6.96,180,6.71,200e,6.65,215e,6.57,230e,6.5
7/31/2021 21:00,1534.06,5,21.52,10,21.24,20,20.55,30,19.74,40,18.61,60,15.47,80,11.58,100,10.3,120,8.69,140,7.55,160,7.09,180,6.76,200e,6.68,215e,6.59,230e,6.5
7/31/2021 22:00,1534.06,5,21.45,10,21.2,20,20.58,30,19.89,40,18.8,60,15.76,80,12.46,100,10.21,120,8.94,140,7.76,160,7.18,180,6.77,200e,6.67,215e,6.58,230e,6.5
7/31/2021 23:00,1534.08,5,21.37,10,21.21,20,20.56,30,20.05,40,19.01,60,15.97,80,12.77,100,10.66,120,9.03,140,7.87,160,7.2,180,6.82,200e,6.73,215e,6.61,230e,6.5
8/1/2021 0:00,1534.09,5,21.37,10,21.19,20,20.58,30,20.16,40,18.88,60,15.94,80,12.43,100,10.54,120,9.13,140,8.07,160,7.37,180,6.89,200e,6.77,215e,6.64,230e,6.5
8/1/2021 1:00,1534.11,5,21.35,10,21.13,20,20.75,30,20.28,40,18.95,60,16.06,80,12,100,10.83,120,9.34,140,8.21,160,7.31,180,6.9,200e,6.8,215e,6.65,230e,6.5
8/1/2021 2:00,1534.11,5,21.3,10,21.18,20,20.97,30,20.31,40,19.39,60,15.93,80,12.73,100,10.88,120,9.4,140,8.14,160,7.36,180,7.01,200e,6.92,215e,6.71,230e,6.5
8/1/2021 3:00,1534.13,5,21.22,10,21.17,20,21.01,30,20.42,40,19.31,60,15.7,80,12.3,100,10.68,120,9.4,140,7.93,160,7.3,180,6.88,200e,6.78,215e,6.64,230e,6.5
8/1/2021 4:00,1534.14,5,21.22,10,21.19,20,21.13,30,20.46,40,19.23,60,15.36,80,11.87,100,10.42,120,9,140,7.76,160,7.2,180,6.78,200e,6.68,215e,6.59,230e,6.5
8/1/2021 5:00,1534.16,5,21.24,10,21.18,20,21.17,30,20.44,40,18.96,60,14.75,80,11.55,100,10.21,120,8.43,140,7.66,160,7.1,180,6.79,200e,6.71,215e,6.61,230e,6.5
8/1/2021 6:00,1534.18,5,21.28,10,21.25,20,21.2,30,20.45,40,18.99,60,14.43,80,11.59,100,9.79,120,8.39,140,7.51,160,7.05,180,6.76,200e,6.69,215e,6.59,230e,6.5
8/1/2021 7:00,1534.19,5,21.31,10,21.28,20,21.25,30,20.56,40,18.95,60,14.7,80,11.42,100,9.61,120,8.14,140,7.32,160,7,180,6.73,200e,6.66,215e,6.58,230e,6.5
8/1/2021 8:00,1534.21,5,21.43,10,21.34,20,21.3,30,20.75,40,19.25,60,14.8,80,11.28,100,9.5,120,8,140,7.18,160,6.92,180,6.69,200e,6.63,215e,6.57,230e,6.5
8/1/2021 9:00,1534.22,5,21.78,10,21.37,20,21.36,30,20.9,40,19.79,60,14.96,80,11.14,100,9.5,120,8.03,140,7.33,160,6.87,180,6.69,200e,6.65,215e,6.57,230e,6.5
8/1/2021 10:00,1534.23,5,21.78,10,21.43,20,21.37,30,20.98,40,19.87,60,15.17,80,11.14,100,9.44,120,8.08,140,7.29,160,6.89,180,6.73,200e,6.69,215e,6.6,230e,6.5
8/1/2021 11:00,1534.23,5,21.81,10,21.68,20,21.32,30,21.07,40,19.94,60,15.45,80,11.03,100,9.4,120,8.15,140,7.33,160,6.92,180,6.72,200e,6.67,215e,6.59,230e,6.5
8/1/2021 12:00,1534.19,5,21.89,10,21.62,20,21.27,30,21.11,40,19.78,60,15.17,80,11,100,9.38,120,8.19,140,7.5,160,7.04,180,6.79,200e,6.73,215e,6.61,230e,6.5
8/1/2021 13:00,1534.15,5,21.9,10,21.54,20,21.26,30,21.11,40,19.03,60,14.97,80,11.09,100,9.21,120,8.36,140,7.59,160,7.06,180,6.81,200e,6.75,215e,6.62,230e,6.5
8/1/2021 14:00,1534.1,5,21.92,10,21.82,20,21.3,30,20.78,40,18.18,60,14.89,80,10.94,100,9.32,120,8.11,140,7.48,160,6.99,180,6.79,200e,6.74,215e,6.62,230e,6.5
8/1/2021 15:00,1534.05,5,21.9,10,21.82,20,21.2,30,20.36,40,17.82,60,14.54,80,10.8,100,9.28,120,8.26,140,7.6,160,7.02,180,6.79,200e,6.73,215e,6.62,230e,6.5
8/1/2021 16:00,1534,5,21.93,10,21.76,20,21.17,30,19.8,40,18.04,60,14.63,80,11.04,100,9.34,120,8.38,140,7.6,160,7.07,180,6.79,200e,6.72,215e,6.61,230e,6.5
8/1/2021 17:00,1533.96,5,21.82,10,21.38,20,21.15,30,19.76,40,18.06,60,15.18,80,11.05,100,9.45,120,8.54,140,7.86,160,7.11,180,6.81,200e,6.74,215e,6.62,230e,6.5
8/1/2021 18:00,1533.91,5,21.67,10,21.62,20,20.99,30,19.94,40,18.2,60,15.58,80,11.22,100,9.74,120,8.64,140,8.03,160,7.32,180,6.91,200e,6.81,215e,6.65,230e,6.5
8/1/2021 19:00,1533.86,5,22.09,10,21.19,20,20.95,30,19.57,40,18.49,60,15.29,80,11.13,100,9.82,120,8.82,140,7.82,160,7.32,180,6.81,200e,6.68,215e,6.59,230e,6.5
8/1/2021 20:00,1533.81,5,21.97,10,21.16,20,20.78,30,19.81,40,18.57,60,15.53,80,11.47,100,10.05,120,8.88,140,7.79,160,7.21,180,6.84,200e,6.75,215e,6.62,230e,6.5
8/1/2021 21:00,1533.77,5,21.92,10,21.26,20,20.87,30,19.97,40,19.04,60,15.96,80,11.8,100,10.32,120,8.89,140,8.05,160,7.31,180,6.78,200e,6.65,215e,6.57,230e,6.5
8/1/2021 22:00,1533.77,5,21.79,10,21.36,20,20.99,30,20.2,40,19.17,60,16.32,80,12.04,100,10.55,120,9.08,140,8.12,160,7.35,180,6.82,200e,6.69,215e,6.59,230e,6.5
8/1/2021 23:00,1533.78,5,21.72,10,21.36,20,21.06,30,20.37,40,19.33,60,16.49,80,12.22,100,10.68,120,9.46,140,8.48,160,7.49,180,6.88,200e,6.73,215e,6.61,230e,6.5
8/2/2021 0:00,1533.8,5,21.61,10,21.48,20,21.1,30,20.37,40,19.3,60,16.69,80,12.45,100,10.74,120,9.66,140,8.62,160,7.61,180,7.03,200e,6.89,215e,6.69,230e,6.5
8/2/2021 1:00,1533.81,5,21.52,10,21.49,20,21.16,30,20.47,40,19.31,60,16.66,80,12.36,100,10.6,120,9.81,140,8.71,160,8.02,180,7.16,200e,6.95,215e,6.72,230e,6.5
8/2/2021 2:00,1533.83,5,21.55,10,21.52,20,21.22,30,20.5,40,19.37,60,16,80,12.49,100,10.73,120,9.84,140,8.6,160,7.61,180,6.98,200e,6.82,215e,6.66,230e,6.5
8/2/2021 3:00,1533.84,5,21.54,10,21.52,20,21.25,30,20.47,40,19.32,60,16.02,80,11.8,100,10.54,120,9.63,140,8.43,160,7.66,180,7.03,200e,6.87,215e,6.69,230e,6.5
8/2/2021 4:00,1533.85,5,21.56,10,21.54,20,21.37,30,20.46,40,19.1,60,15.92,80,11.41,100,10.27,120,9.28,140,8.26,160,7.36,180,6.81,200e,6.67,215e,6.59,230e,6.5
8/2/2021 5:00,1533.88,5,21.56,10,21.55,20,21.5,30,20.77,40,19.14,60,15.44,80,11.33,100,9.91,120,8.99,140,7.79,160,7.07,180,6.77,200e,6.7,215e,6.6,230e,6.5
8/2/2021 6:00,1533.89,5,21.58,10,21.57,20,21.54,30,20.95,40,19.26,60,15.41,80,11.39,100,9.87,120,8.43,140,7.4,160,6.93,180,6.71,200e,6.66,215e,6.58,230e,6.5
8/2/2021 7:00,1533.91,5,21.58,10,21.57,20,21.58,30,21.27,40,19.84,60,15.55,80,11.31,100,9.75,120,8.13,140,7.21,160,6.82,180,6.66,200e,6.62,215e,6.56,230e,6.5
8/2/2021 8:00,1533.92,5,21.69,10,21.62,20,21.6,30,21.4,40,20.42,60,15.7,80,11.21,100,9.6,120,8.05,140,7.11,160,6.74,180,6.67,200e,6.65,215e,6.58,230e,6.5
8/2/2021 9:00,1533.94,5,21.9,10,21.71,20,21.66,30,21.4,40,21.04,60,15.62,80,11.05,100,9.4,120,7.78,140,6.95,160,6.75,180,6.65,200e,6.63,215e,6.56,230e,6.5
8/2/2021 10:00,1533.95,5,22.06,10,21.77,20,21.7,30,21.43,40,21.35,60,15.74,80,11.1,100,9.47,120,7.71,140,6.99,160,6.73,180,6.63,200e,6.61,215e,6.55,230e,6.5
8/2/2021 11:00,1533.95,5,22.61,10,21.94,20,21.79,30,21.52,40,21.43,60,15.78,80,11.23,100,9.49,120,7.67,140,7.04,160,6.75,180,6.61,200e,6.58,215e,6.54,230e,6.5
8/2/2021 12:00,1533.91,5,22.37,10,21.95,20,21.8,30,21.6,40,21.35,60,15.68,80,11.24,100,9.6,120,7.84,140,7.28,160,6.75,180,6.64,200e,6.61,215e,6.56,230e,6.5
8/2/2021 13:00,1533.86,5,22.36,10,22.15,20,21.74,30,21.58,40,21.41,60,14.68,80,11.08,100,9.43,120,8.04,140,7.17,160,6.8,180,6.66,200e,6.63,215e,6.56,230e,6.5
8/2/2021 14:00,1533.8,5,22.48,10,22.08,20,21.75,30,21.62,40,20.21,60,14.38,80,11.02,100,9.5,120,8.15,140,7.21,160,6.88,180,6.67,200e,6.62,215e,6.56,230e,6.5
8/2/2021 15:00,1533.75,5,22.74,10,22.35,20,21.82,30,21.53,40,18.79,60,14.6,80,11.03,100,9.7,120,8.43,140,7.38,160,6.87,180,6.73,200e,6.7,215e,6.6,230e,6.5
8/2/2021 16:00,1533.7,5,22.88,10,21.9,20,21.8,30,21.49,40,18.39,60,14.21,80,11.37,100,9.93,120,8.51,140,7.46,160,6.91,180,6.73,200e,6.69,215e,6.59,230e,6.5
8/2/2021 17:00,1533.66,5,22.8,10,22,20,21.81,30,21.47,40,17.9,60,13.84,80,11.14,100,9.69,120,8.35,140,7.67,160,6.96,180,6.78,200e,6.74,215e,6.62,230e,6.5
8/2/2021 18:00,1533.6,5,22.63,10,21.85,20,21.67,30,21.04,40,17.84,60,14.22,80,10.98,100,9.61,120,8.6,140,7.49,160,6.95,180,6.76,200e,6.71,215e,6.61,230e,6.5
8/2/2021 19:00,1533.55,5,22.25,10,21.86,20,21.67,30,19.91,40,17.85,60,14.44,80,11.06,100,9.95,120,8.78,140,7.82,160,6.99,180,6.78,200e,6.73,215e,6.61,230e,6.5
8/2/2021 20:00,1533.51,5,22.02,10,21.91,20,21.58,30,20.47,40,17.97,60,14.96,80,11.52,100,10.08,120,8.88,140,7.78,160,6.97,180,6.74,200e,6.68,215e,6.59,230e,6.5
8/2/2021 21:00,1533.46,5,21.95,10,21.79,20,21.58,30,20.61,40,18.65,60,15.25,80,11.87,100,10.17,120,9.07,140,7.64,160,6.91,180,6.7,200e,6.65,215e,6.57,230e,6.5
8/2/2021 22:00,1533.47,5,22.06,10,21.81,20,21.62,30,20.49,40,18.04,60,15.41,80,12.16,100,10.34,120,8.94,140,7.99,160,7.01,180,6.74,200e,6.67,215e,6.59,230e,6.5
8/2/2021 23:00,1533.48,5,22.07,10,21.74,20,21.65,30,20.55,40,18.55,60,15.41,80,12.18,100,10.64,120,9.28,140,8.11,160,7.38,180,6.81,200e,6.67,215e,6.58,230e,6.5
8/3/2021 0:00,1533.49,5,22.03,10,21.74,20,21.62,30,20.53,40,18.57,60,15.96,80,12.85,100,10.95,120,9.71,140,8.46,160,7.36,180,6.88,200e,6.76,215e,6.63,230e,6.5
8/3/2021 1:00,1533.51,5,21.94,10,21.76,20,21.58,30,20.5,40,18.74,60,16.11,80,13.29,100,11.21,120,9.99,140,8.7,160,7.58,180,6.99,200e,6.84,215e,6.67,230e,6.5
8/3/2021 2:00,1533.52,5,21.86,10,21.78,20,21.51,30,20.47,40,18.36,60,15.99,80,13.24,100,11.27,120,10.11,140,8.79,160,7.38,180,6.92,200e,6.81,215e,6.65,230e,6.5
8/3/2021 3:00,1533.53,5,21.86,10,21.74,20,21.54,30,20.32,40,18.14,60,16.16,80,13,100,11.22,120,10.03,140,8.34,160,7.29,180,6.95,200e,6.87,215e,6.68,230e,6.5
8/3/2021 4:00,1533.55,5,21.81,10,21.75,20,21.56,30,20.2,40,18.32,60,16.18,80,12.85,100,10.94,120,9.61,140,8.28,160,7.21,180,6.92,200e,6.85,215e,6.67,230e,6.5
8/3/2021 5:00,1533.57,5,21.79,10,21.75,20,21.58,30,20.52,40,17.96,60,15.95,80,12.43,100,10.58,120,9.4,140,8.16,160,7.16,180,6.81,200e,6.72,215e,6.61,230e,6.5
8/3/2021 6:00,1533.58,5,21.76,10,21.73,20,21.55,30,20.44,40,17.85,60,15.48,80,12.03,100,10.14,120,9.2,140,7.66,160,7.08,180,6.74,200e,6.66,215e,6.58,230e,6.5
8/3/2021 7:00,1533.59,5,21.75,10,21.74,20,21.7,30,20.79,40,17.92,60,15.12,80,11.5,100,10.02,120,8.89,140,7.42,160,7.03,180,6.81,200e,6.76,215e,6.63,230e,6.5
8/3/2021 8:00,1533.61,5,21.77,10,21.73,20,21.74,30,21.13,40,18.43,60,15.19,80,11.33,100,9.84,120,8.44,140,7.3,160,6.92,180,6.75,200e,6.71,215e,6.6,230e,6.5
8/3/2021 9:00,1533.62,5,21.82,10,21.79,20,21.8,30,21.26,40,18.57,60,15.03,80,11.47,100,9.8,120,8.23,140,7.31,160,6.92,180,6.73,200e,6.68,215e,6.59,230e,6.5
8/3/2021 10:00,1533.64,5,21.87,10,21.83,20,21.83,30,21.32,40,18.71,60,15.44,80,11.07,100,9.64,120,8.14,140,7.16,160,6.82,180,6.71,200e,6.68,215e,6.59,230e,6.5
8/3/2021 11:00,1533.64,5,21.91,10,21.86,20,21.84,30,20.8,40,18.7,60,14.91,80,10.93,100,9.51,120,7.96,140,7.08,160,6.84,180,6.67,200e,6.63,215e,6.56,230e,6.5
8/3/2021 12:00,1533.59,5,21.95,10,21.91,20,21.73,30,20.64,40,18.37,60,15.48,80,10.79,100,9.66,120,8.12,140,7.1,160,6.86,180,6.69,200e,6.65,215e,6.57,230e,6.5
8/3/2021 13:00,1533.54,5,21.97,10,21.93,20,21.37,30,19.86,40,18.2,60,15.45,80,11.06,100,9.48,120,7.95,140,7.21,160,6.83,180,6.67,200e,6.63,215e,6.57,230e,6.5
8/3/2021 14:00,1533.49,5,22.03,10,21.95,20,21.07,30,19.72,40,18.13,60,15.03,80,11.08,100,9.77,120,8.22,140,7.11,160,6.81,180,6.68,200e,6.65,215e,6.57,230e,6.5
8/3/2021 15:00,1533.45,5,22.05,10,21.9,20,20.71,30,19.08,40,17.81,60,14.62,80,10.8,100,9.49,120,7.9,140,7.03,160,6.85,180,6.7,200e,6.66,215e,6.58,230e,6.5
8/3/2021 16:00,1533.4,5,22.07,10,21.41,20,20.54,30,18.98,40,17.98,60,14.57,80,11.16,100,9.44,120,7.91,140,7.13,160,6.81,180,6.69,200e,6.66,215e,6.58,230e,6.5
8/3/2021 17:00,1533.35,5,21.93,10,21.71,20,20.33,30,19.18,40,17.95,60,15.17,80,11.46,100,9.7,120,8.27,140,7.42,160,6.9,180,6.73,200e,6.69,215e,6.59,230e,6.5
8/3/2021 18:00,1533.3,5,21.74,10,21.46,20,20.3,30,19.52,40,18.14,60,15.5,80,11.99,100,10.15,120,8.52,140,7.7,160,6.99,180,6.75,200e,6.69,215e,6.6,230e,6.5
8/3/2021 19:00,1533.25,5,21.6,10,21.48,20,20.43,30,19.76,40,18.59,60,15.83,80,12.22,100,10.42,120,8.61,140,7.61,160,6.94,180,6.75,200e,6.7,215e,6.6,230e,6.5
8/3/2021 20:00,1533.21,5,21.83,10,21.46,20,20.23,30,19.72,40,18.67,60,16.48,80,12.74,100,10.46,120,8.79,140,7.57,160,6.95,180,6.78,200e,6.74,215e,6.62,230e,6.5
8/3/2021 21:00,1533.16,5,21.86,10,21.4,20,20.43,30,19.67,40,19.05,60,16.82,80,12.92,100,10.63,120,8.83,140,7.5,160,6.94,180,6.71,200e,6.65,215e,6.58,230e,6.5
8/3/2021 22:00,1533.16,5,21.89,10,21.37,20,20.68,30,19.83,40,19.2,60,16.85,80,13.01,100,10.74,120,9.37,140,7.68,160,7.18,180,6.82,200e,6.73,215e,6.62,230e,6.5
8/3/2021 23:00,1533.17,5,21.76,10,21.41,20,20.56,30,20,40,19.46,60,16.99,80,13.24,100,11.17,120,9.12,140,7.83,160,7.26,180,6.85,200e,6.75,215e,6.62,230e,6.5
8/4/2021 0:00,1533.19,5,21.65,10,21.51,20,21.09,30,20.23,40,19.47,60,16.83,80,13.25,100,11.15,120,9.35,140,8.27,160,7.49,180,6.92,200e,6.78,215e,6.64,230e,6.5
8/4/2021 1:00,1533.2,5,21.58,10,21.56,20,21.25,30,20.38,40,19.36,60,16.47,80,12.94,100,10.83,120,9.7,140,8.48,160,7.37,180,6.96,200e,6.86,215e,6.68,230e,6.5
8/4/2021 2:00,1533.21,5,21.67,10,21.66,20,21.43,30,20.46,40,19.53,60,16.32,80,12.45,100,10.88,120,9.51,140,7.93,160,7.28,180,6.92,200e,6.83,215e,6.67,230e,6.5
8/4/2021 3:00,1533.23,5,21.68,10,21.67,20,21.56,30,20.52,40,19.66,60,15.73,80,12.23,100,10.55,120,9.19,140,7.74,160,7.17,180,6.85,200e,6.77,215e,6.64,230e,6.5
8/4/2021 4:00,1533.25,5,21.7,10,21.68,20,21.64,30,20.61,40,19.61,60,15.36,80,11.84,100,10.22,120,8.75,140,7.68,160,7.07,180,6.81,200e,6.75,215e,6.62,230e,6.5
8/4/2021 5:00,1533.26,5,21.69,10,21.68,20,21.68,30,20.66,40,19.61,60,15.21,80,11.83,100,9.89,120,8.35,140,7.52,160,7.03,180,6.77,200e,6.71,215e,6.6,230e,6.5
8/4/2021 6:00,1533.28,5,21.69,10,21.68,20,21.72,30,21.15,40,19.8,60,14.87,80,11.81,100,9.93,120,8.27,140,7.43,160,7,180,6.72,200e,6.65,215e,6.58,230e,6.5
8/4/2021 7:00,1533.3,5,21.71,10,21.69,20,21.7,30,21.32,40,20.03,60,15.43,80,11.54,100,9.88,120,8.25,140,7.46,160,7,180,6.75,200e,6.69,215e,6.59,230e,6.5
8/4/2021 8:00,1533.31,5,21.84,10,21.73,20,21.71,30,21.53,40,20.63,60,15.71,80,11.55,100,9.84,120,8.4,140,7.57,160,7.08,180,6.75,200e,6.67,215e,6.58,230e,6.5
8/4/2021 9:00,1533.32,5,21.93,10,21.8,20,21.75,30,21.55,40,20.79,60,16.25,80,11.62,100,9.84,120,8.43,140,7.68,160,7.11,180,6.78,200e,6.7,215e,6.6,230e,6.5
8/4/2021 10:00,1533.33,5,22.2,10,21.86,20,21.79,30,21.53,40,21.37,60,16.4,80,11.36,100,9.57,120,8.59,140,7.69,160,7.1,180,6.79,200e,6.71,215e,6.61,230e,6.5
8/4/2021 11:00,1533.34,5,22.55,10,21.87,20,21.77,30,21.59,40,21.32,60,16.63,80,11.27,100,9.52,120,8.66,140,7.64,160,7.11,180,6.85,200e,6.79,215e,6.64,230e,6.5
8/4/2021 12:00,1533.3,5,22.32,10,21.95,20,21.85,30,21.64,40,21.48,60,16.5,80,10.85,100,9.25,120,8.44,140,7.71,160,7.1,180,6.82,200e,6.75,215e,6.63,230e,6.5
8/4/2021 13:00,1533.25,5,22.46,10,22.14,20,21.74,30,21.67,40,20.85,60,16.03,80,10.65,100,9.37,120,8.44,140,7.7,160,7.12,180,6.84,200e,6.77,215e,6.64,230e,6.5
8/4/2021 14:00,1533.19,5,22.38,10,22.29,20,21.79,30,21.71,40,19.88,60,15.37,80,10.56,100,9.39,120,8.43,140,7.62,160,7.07,180,6.81,200e,6.75,215e,6.62,230e,6.5
8/4/2021 15:00,1533.14,5,22.37,10,22.3,20,21.78,30,21.62,40,18.93,60,14.76,80,10.71,100,9.32,120,8.47,140,7.75,160,7.15,180,6.8,200e,6.71,215e,6.61,230e,6.5
8/4/2021 16:00,1533.1,5,22.37,10,22.13,20,21.79,30,21.45,40,17.93,60,14.99,80,10.36,100,9.48,120,8.62,140,7.75,160,7.14,180,6.8,200e,6.72,215e,6.61,230e,6.5
8/4/2021 17:00,1533.05,5,22.28,10,22.23,20,21.68,30,20.56,40,17.93,60,14.66,80,10.59,100,9.44,120,8.57,140,7.81,160,7.29,180,6.81,200e,6.69,215e,6.6,230e,6.5
8/4/2021 18:00,1533,5,22.36,10,22.11,20,21.66,30,20.24,40,17.96,60,14.43,80,10.92,100,9.78,120,8.81,140,7.97,160,7.1,180,6.77,200e,6.69,215e,6.59,230e,6.5
8/4/2021 19:00,1532.95,5,22.29,10,22.02,20,21.66,30,20.22,40,18.28,60,14.61,80,11.16,100,10.18,120,9.08,140,8.08,160,7.14,180,6.77,200e,6.68,215e,6.59,230e,6.5
8/4/2021 20:00,1532.89,5,22.22,10,21.83,20,21.68,30,20.41,40,18.42,60,15.78,80,11.62,100,10.41,120,9.35,140,8.26,160,7.2,180,6.78,200e,6.68,215e,6.59,230e,6.5
8/4/2021 21:00,1532.85,5,22.17,10,21.87,20,21.75,30,20.66,40,18.89,60,15.78,80,11.96,100,10.77,120,9.73,140,8.33,160,7.25,180,6.76,200e,6.64,215e,6.57,230e,6.5
8/4/2021 22:00,1532.85,5,22.16,10,21.92,20,21.73,30,21.03,40,18.58,60,16.06,80,12.47,100,11.07,120,9.85,140,8.37,160,7.31,180,6.83,200e,6.71,215e,6.61,230e,6.5
8/4/2021 23:00,1532.86,5,22.05,10,21.93,20,21.75,30,21.14,40,18.99,60,16.63,80,12.8,100,10.97,120,10.1,140,8.82,160,7.49,180,6.85,200e,6.69,215e,6.6,230e,6.5
8/5/2021 0:00,1532.87,5,22,10,21.93,20,21.73,30,21.25,40,18.99,60,16.65,80,13.26,100,11.22,120,10.25,140,9.07,160,7.68,180,6.93,200e,6.74,215e,6.62,230e,6.5
8/5/2021 1:00,1532.88,5,21.96,10,21.92,20,21.76,30,21.34,40,19.12,60,16.73,80,13.22,100,11.41,120,10.25,140,8.96,160,7.67,180,6.95,200e,6.77,215e,6.64,230e,6.5
8/5/2021 2:00,1532.9,5,21.94,10,21.9,20,21.78,30,21.37,40,18.75,60,16.41,80,13.41,100,11.24,120,10.12,140,8.69,160,7.41,180,6.79,200e,6.64,215e,6.57,230e,6.5
8/5/2021 3:00,1532.91,5,21.89,10,21.86,20,21.75,30,20.96,40,18.62,60,16.25,80,13.17,100,10.86,120,9.98,140,8.18,160,7.39,180,6.88,200e,6.75,215e,6.63,230e,6.5
8/5/2021 4:00,1532.93,5,21.87,10,21.83,20,21.73,30,20.71,40,18.14,60,15.99,80,12.72,100,10.75,120,9.28,140,8.17,160,7.36,180,6.87,200e,6.75,215e,6.62,230e,6.5
8/5/2021 5:00,1532.94,5,21.84,10,21.79,20,21.77,30,21.01,40,18.07,60,15.06,80,11.98,100,10.43,120,9.24,140,8,160,7.17,180,6.77,200e,6.67,215e,6.59,230e,6.5
8/5/2021 6:00,1532.96,5,21.79,10,21.76,20,21.79,30,21.33,40,18.2,60,14.81,80,11.81,100,10.33,120,8.8,140,7.45,160,6.92,180,6.75,200e,6.71,215e,6.6,230e,6.5
8/5/2021 7:00,1532.98,5,21.78,10,21.77,20,21.79,30,21.66,40,18.83,60,14.9,80,11.43,100,10.25,120,8.59,140,7.28,160,6.81,180,6.71,200e,6.69,215e,6.59,230e,6.5
8/5/2021 8:00,1532.99,5,21.79,10,21.77,20,21.81,30,21.78,40,19.27,60,15.25,80,11.42,100,9.82,120,8.2,140,7.46,160,6.82,180,6.7,200e,6.67,215e,6.59,230e,6.5
8/5/2021 9:00,1532.99,5,21.85,10,21.84,20,21.82,30,21.78,40,19.75,60,15.11,80,11.32,100,9.5,120,8.01,140,7.27,160,6.83,180,6.68,200e,6.64,215e,6.57,230e,6.5
8/5/2021 10:00,1532.99,5,21.91,10,21.86,20,21.82,30,21.71,40,19.71,60,15.17,80,11.39,100,9.52,120,7.84,140,7.18,160,6.8,180,6.71,200e,6.69,215e,6.59,230e,6.5
8/5/2021 11:00,1533.01,5,21.96,10,21.93,20,21.88,30,21.71,40,20,60,15.8,80,11.41,100,9.31,120,7.85,140,7.17,160,6.76,180,6.66,200e,6.64,215e,6.57,230e,6.5
8/5/2021 12:00,1532.97,5,22.03,10,21.98,20,21.83,30,21.72,40,19.66,60,16.18,80,11.49,100,9.79,120,8,140,7.21,160,6.87,180,6.72,200e,6.68,215e,6.59,230e,6.5
8/5/2021 13:00,1532.92,5,22.07,10,22.02,20,21.8,30,21.46,40,19.1,60,16.15,80,11.41,100,9.81,120,8.09,140,7.22,160,6.86,180,6.7,200e,6.66,215e,6.58,230e,6.5
8/5/2021 14:00,1532.87,5,22.1,10,22.06,20,21.81,30,20.25,40,18.72,60,15.97,80,11.77,100,9.98,120,7.78,140,7.08,160,6.82,180,6.67,200e,6.63,215e,6.57,230e,6.5
8/5/2021 15:00,1532.82,5,22.1,10,22.05,20,21.8,30,20.27,40,18.52,60,15.71,80,11.76,100,9.94,120,8.13,140,7.11,160,6.83,180,6.69,200e,6.66,215e,6.58,230e,6.5
8/5/2021 16:00,1532.76,5,22.06,10,22.05,20,21.75,30,20.32,40,18.52,60,15.85,80,11.67,100,10.1,120,8.14,140,7.2,160,6.83,180,6.69,200e,6.66,215e,6.58,230e,6.5
8/5/2021 17:00,1532.71,5,22.03,10,21.94,20,21.72,30,20.27,40,18.88,60,16.08,80,11.31,100,10.11,120,8.32,140,7.52,160,6.92,180,6.72,200e,6.67,215e,6.59,230e,6.5
8/5/2021 18:00,1532.65,5,21.96,10,21.94,20,21.74,30,20.17,40,18.42,60,15.74,80,12.1,100,10.22,120,8.35,140,7.37,160,6.89,180,6.7,200e,6.65,215e,6.58,230e,6.5
8/5/2021 19:00,1532.6,5,21.89,10,21.87,20,21.74,30,20.22,40,18.87,60,15.84,80,12.01,100,10.02,120,8.61,140,7.46,160,6.88,180,6.69,200e,6.64,215e,6.57,230e,6.5
8/5/2021 20:00,1532.54,5,21.83,10,21.82,20,21.63,30,20.26,40,19.04,60,15.73,80,12.47,100,10.47,120,8.87,140,7.67,160,7.05,180,6.73,200e,6.65,215e,6.58,230e,6.5
8/5/2021 21:00,1532.49,5,21.79,10,21.77,20,21.39,30,20.56,40,19.15,60,16.19,80,13.1,100,10.78,120,9.28,140,7.88,160,7.15,180,6.75,200e,6.65,215e,6.58,230e,6.5
8/5/2021 22:00,1532.49,5,21.75,10,21.72,20,21.57,30,20.5,40,19.03,60,16.32,80,13.34,100,10.94,120,9.75,140,8.02,160,7.24,180,6.79,200e,6.68,215e,6.59,230e,6.5
8/5/2021 23:00,1532.51,5,21.68,10,21.65,20,21.36,30,19.9,40,18.96,60,16.31,80,13.18,100,11.14,120,10.02,140,8.35,160,7.43,180,6.82,200e,6.67,215e,6.58,230e,6.5
8/6/2021 0:00,1532.52,5,21.63,10,21.61,20,20.95,30,19.82,40,18.6,60,15.8,80,13.2,100,11.31,120,9.81,140,8.08,160,7.27,180,6.84,200e,6.73,215e,6.62,230e,6.5
8/6/2021 1:00,1532.53,5,21.56,10,21.53,20,20.57,30,19.89,40,18.22,60,15.11,80,13.08,100,11.12,120,9.47,140,7.83,160,7.07,180,6.86,200e,6.81,215e,6.65,230e,6.5
8/6/2021 2:00,1532.55,5,21.47,10,21.43,20,20.45,30,19.83,40,18.29,60,15.12,80,12.87,100,10.72,120,9.15,140,7.84,160,7.13,180,6.81,200e,6.73,215e,6.62,230e,6.5
8/6/2021 3:00,1532.56,5,21.46,10,21.41,20,20.37,30,19.63,40,18.38,60,15.1,80,12.8,100,10.37,120,8.53,140,7.65,160,7.03,180,6.83,200e,6.78,215e,6.64,230e,6.5
8/6/2021 4:00,1532.57,5,21.37,10,21.38,20,20.72,30,19.78,40,18.59,60,15.56,80,12.57,100,10.4,120,8.62,140,7.58,160,7.06,180,6.79,200e,6.72,215e,6.61,230e,6.5
8/6/2021 5:00,1532.59,5,21.35,10,21.33,20,20.87,30,20.04,40,18.76,60,15.55,80,12.37,100,10.14,120,8.7,140,7.46,160,7.01,180,6.82,200e,6.77,215e,6.64,230e,6.5
8/6/2021 6:00,1532.6,5,21.35,10,21.31,20,20.95,30,20.08,40,19.07,60,15.48,80,12.28,100,9.9,120,8.48,140,7.4,160,7.03,180,6.81,200e,6.76,215e,6.63,230e,6.5
8/6/2021 7:00,1532.62,5,21.32,10,21.31,20,21.31,30,20.26,40,19.28,60,15.78,80,12.06,100,9.94,120,8.46,140,7.5,160,7.04,180,6.84,200e,6.79,215e,6.65,230e,6.5
8/6/2021 8:00,1532.63,5,21.36,10,21.31,20,21.32,30,20.41,40,19.55,60,16.41,80,12.19,100,9.97,120,8.59,140,7.65,160,7.14,180,6.82,200e,6.74,215e,6.62,230e,6.5
8/6/2021 9:00,1532.64,5,21.39,10,21.35,20,21.34,30,20.6,40,19.95,60,16.89,80,12.32,100,10.05,120,8.72,140,7.84,160,7.22,180,6.94,200e,6.87,215e,6.69,230e,6.5
8/6/2021 10:00,1532.65,5,21.49,10,21.49,20,21.4,30,20.86,40,20.04,60,17.05,80,12.27,100,9.87,120,8.77,140,7.89,160,7.25,180,6.88,200e,6.79,215e,6.64,230e,6.5
8/6/2021 11:00,1532.61,5,21.75,10,21.6,20,21.51,30,21.18,40,20.02,60,17.31,80,12.48,100,9.93,120,8.87,140,7.99,160,7.23,180,6.95,200e,6.88,215e,6.69,230e,6.5
8/6/2021 12:00,1532.56,5,21.84,10,21.82,20,21.49,30,21.2,40,20.16,60,17.12,80,12.42,100,9.9,120,8.83,140,8.04,160,7.37,180,6.94,200e,6.83,215e,6.67,230e,6.5
8/6/2021 13:00,1532.51,5,21.79,10,21.71,20,21.44,30,21.22,40,20.23,60,16.87,80,12.06,100,10,120,8.73,140,7.93,160,7.16,180,6.86,200e,6.79,215e,6.64,230e,6.5
8/6/2021 14:00,1532.46,5,21.98,10,21.67,20,21.37,30,21.13,40,19.69,60,15.76,80,11.36,100,9.95,120,8.83,140,7.87,160,7.23,180,6.81,200e,6.71,215e,6.6,230e,6.5
8/6/2021 15:00,1532.41,5,22.03,10,21.6,20,21.4,30,21.1,40,19.55,60,15.12,80,11.21,100,9.65,120,8.66,140,7.73,160,7.15,180,6.86,200e,6.79,215e,6.64,230e,6.5
8/6/2021 16:00,1532.36,5,22,10,21.56,20,21.41,30,21.1,40,19.06,60,14.96,80,11.17,100,9.54,120,8.65,140,7.7,160,7.16,180,6.85,200e,6.77,215e,6.64,230e,6.5
8/6/2021 17:00,1532.31,5,21.92,10,21.59,20,21.43,30,21,40,18.54,60,15.02,80,11.16,100,9.67,120,8.67,140,7.48,160,7.04,180,6.81,200e,6.75,215e,6.63,230e,6.5
8/6/2021 18:00,1532.26,5,21.87,10,21.73,20,21.41,30,21.15,40,18.64,60,15.37,80,11.4,100,9.73,120,8.39,140,7.65,160,6.98,180,6.78,200e,6.73,215e,6.62,230e,6.5
8/6/2021 19:00,1532.2,5,21.8,10,21.69,20,21.45,30,21.14,40,18.95,60,15.3,80,11.8,100,9.76,120,8.43,140,7.65,160,7,180,6.82,200e,6.78,215e,6.64,230e,6.5
8/6/2021 20:00,1532.15,5,21.72,10,21.65,20,21.45,30,21.18,40,19.56,60,16.09,80,11.91,100,10.05,120,8.58,140,7.69,160,6.98,180,6.82,200e,6.78,215e,6.64,230e,6.5
8/6/2021 21:00,1532.09,5,21.67,10,21.63,20,21.45,30,21.24,40,19.96,60,16.54,80,11.96,100,10.24,120,8.83,140,7.8,160,7.05,180,6.82,200e,6.76,215e,6.63,230e,6.5
8/6/2021 22:00,1532.09,5,21.62,10,21.58,20,21.44,30,21.3,40,20.39,60,16.71,80,11.98,100,10.5,120,9.09,140,7.82,160,7.13,180,6.83,200e,6.76,215e,6.63,230e,6.5
8/6/2021 23:00,1532.11,5,21.59,10,21.55,20,21.47,30,21.32,40,20.45,60,16.96,80,12.09,100,10.64,120,9.27,140,7.86,160,7.23,180,6.87,200e,6.78,215e,6.64,230e,6.5
8/7/2021 0:00,1532.12,5,21.59,10,21.52,20,21.55,30,21.31,40,20.56,60,17.14,80,12.16,100,10.71,120,9.37,140,7.94,160,7.38,180,6.86,200e,6.73,215e,6.62,230e,6.5
8/7/2021 1:00,1532.14,5,21.58,10,21.55,20,21.53,30,21.32,40,20.17,60,16.44,80,12.15,100,10.74,120,9.4,140,8.03,160,7.31,180,6.87,200e,6.76,215e,6.63,230e,6.5
8/7/2021 2:00,1532.15,5,21.59,10,21.56,20,21.49,30,21.29,40,19.95,60,15.81,80,12.21,100,10.86,120,9.4,140,8.19,160,7.4,180,6.88,200e,6.75,215e,6.63,230e,6.5
8/7/2021 3:00,1532.17,5,21.56,10,21.53,20,21.54,30,21.29,40,19.88,60,15.81,80,12.1,100,10.91,120,9.56,140,8.18,160,7.3,180,6.9,200e,6.8,215e,6.65,230e,6.5
8/7/2021 4:00,1532.19,5,21.52,10,21.5,20,21.52,30,21.31,40,19.14,60,15.33,80,11.95,100,10.75,120,9.61,140,8.17,160,7.19,180,6.85,200e,6.77,215e,6.63,230e,6.5
8/7/2021 5:00,1532.2,5,21.49,10,21.47,20,21.51,30,21.35,40,19.53,60,15.63,80,12.21,100,10.68,120,9.5,140,8.12,160,7.29,180,6.89,200e,6.79,215e,6.65,230e,6.5
8/7/2021 6:00,1532.21,5,21.47,10,21.46,20,21.49,30,21.46,40,19.87,60,15.23,80,12.1,100,10.55,120,9.07,140,8.03,160,7.24,180,6.86,200e,6.77,215e,6.63,230e,6.5
8/7/2021 7:00,1532.23,5,21.47,10,21.47,20,21.5,30,21.46,40,19.99,60,15.42,80,12.11,100,10.57,120,9.15,140,8.01,160,7.09,180,6.85,200e,6.79,215e,6.65,230e,6.5
8/7/2021 8:00,1532.23,5,21.63,10,21.54,20,21.54,30,21.48,40,20.46,60,15.67,80,12.12,100,10.53,120,9.17,140,7.91,160,7,180,6.78,200e,6.73,215e,6.61,230e,6.5
8/7/2021 9:00,1532.24,5,21.86,10,21.61,20,21.55,30,21.48,40,20.86,60,15.82,80,12.11,100,10.39,120,9.06,140,7.85,160,7.02,180,6.76,200e,6.7,215e,6.6,230e,6.5
8/7/2021 10:00,1532.25,5,21.93,10,21.7,20,21.64,30,21.48,40,21.19,60,16.22,80,12.09,100,10.3,120,8.93,140,7.61,160,6.99,180,6.79,200e,6.74,215e,6.62,230e,6.5
8/7/2021 11:00,1532.22,5,22.32,10,21.73,20,21.64,30,21.49,40,20.04,60,16.36,80,12.1,100,10.26,120,8.8,140,7.71,160,6.98,180,6.81,200e,6.77,215e,6.63,230e,6.5
8/7/2021 12:00,1532.17,5,22.14,10,21.75,20,21.59,30,21.42,40,19.84,60,16.23,80,12.36,100,10.18,120,8.76,140,7.67,160,6.96,180,6.8,200e,6.76,215e,6.63,230e,6.5
8/7/2021 13:00,1532.11,5,22.18,10,21.79,20,21.6,30,21.44,40,19.06,60,16.13,80,12.25,100,10.1,120,8.67,140,7.52,160,6.98,180,6.76,200e,6.71,215e,6.6,230e,6.5
8/7/2021 14:00,1532.05,5,22.21,10,21.76,20,21.6,30,21.41,40,18.81,60,15.73,80,11.88,100,9.95,120,8.45,140,7.32,160,6.9,180,6.76,200e,6.73,215e,6.61,230e,6.5
8/7/2021 15:00,1532,5,22.12,10,21.75,20,21.61,30,21.41,40,18.36,60,15.23,80,11.43,100,9.98,120,8.5,140,7.3,160,6.86,180,6.74,200e,6.71,215e,6.61,230e,6.5
8/7/2021 16:00,1531.94,5,21.94,10,21.9,20,21.59,30,20.98,40,18.05,60,15.21,80,11.49,100,9.93,120,8.58,140,7.15,160,6.87,180,6.71,200e,6.67,215e,6.59,230e,6.5
8/7/2021 17:00,1531.89,5,21.8,10,21.78,20,21.57,30,20.31,40,17.93,60,15.22,80,11.68,100,9.97,120,8.64,140,7.35,160,6.86,180,6.74,200e,6.71,215e,6.61,230e,6.5
8/7/2021 18:00,1531.83,5,21.99,10,21.76,20,21.54,30,19.85,40,17.87,60,15.13,80,11.84,100,10,120,8.83,140,7.54,160,6.89,180,6.74,200e,6.7,215e,6.6,230e,6.5
8/7/2021 19:00,1531.77,5,21.71,10,21.67,20,21.47,30,19.4,40,18.17,60,15.52,80,11.86,100,10.28,120,8.79,140,7.48,160,6.93,180,6.76,200e,6.72,215e,6.61,230e,6.5
8/7/2021 20:00,1531.71,5,21.6,10,21.59,20,21.53,30,19.95,40,18.51,60,15.52,80,12.24,100,10.5,120,8.77,140,7.55,160,6.95,180,6.76,200e,6.71,215e,6.61,230e,6.5
8/7/2021 21:00,1531.66,5,21.56,10,21.53,20,21.51,30,19.65,40,18.4,60,15.89,80,12.62,100,10.65,120,8.84,140,7.74,160,6.93,180,6.76,200e,6.72,215e,6.61,230e,6.5
8/7/2021 22:00,1531.67,5,21.49,10,21.48,20,21.35,30,19.65,40,18.26,60,16.13,80,12.88,100,10.65,120,9.25,140,7.74,160,7,180,6.77,200e,6.71,215e,6.61,230e,6.5
8/7/2021 23:00,1531.68,5,21.47,10,21.44,20,21.36,30,19.25,40,18.22,60,16.48,80,13.02,100,10.79,120,9.55,140,8.15,160,6.98,180,6.77,200e,6.72,215e,6.61,230e,6.5
8/8/2021 0:00,1531.69,5,21.57,10,21.42,20,21.14,30,19.31,40,18.45,60,16.71,80,13.13,100,10.96,120,9.72,140,8.41,160,7.08,180,6.82,200e,6.76,215e,6.63,230e,6.5
8/8/2021 1:00,1531.7,5,21.49,10,21.43,20,20.95,30,19.31,40,18.51,60,16.49,80,13.5,100,10.94,120,9.86,140,8.12,160,7.1,180,6.8,200e,6.73,215e,6.61,230e,6.5
8/8/2021 2:00,1531.72,5,21.37,10,21.37,20,20.87,30,19.35,40,18.29,60,16.28,80,12.85,100,10.95,120,9.46,140,7.86,160,6.99,180,6.8,200e,6.75,215e,6.63,230e,6.5
8/8/2021 3:00,1531.73,5,21.32,10,21.31,20,20.47,30,19.09,40,18.5,60,16.13,80,12.73,100,10.71,120,9.33,140,7.97,160,7.02,180,6.8,200e,6.75,215e,6.62,230e,6.5
8/8/2021 4:00,1531.76,5,21.27,10,21.25,20,20.74,30,19.14,40,18.35,60,16.08,80,12.87,100,10.75,120,9.25,140,7.66,160,6.97,180,6.77,200e,6.72,215e,6.61,230e,6.5
8/8/2021 5:00,1531.77,5,21.22,10,21.21,20,20.78,30,19.45,40,18.58,60,16.33,80,13.41,100,10.95,120,9.2,140,7.69,160,7.06,180,6.84,200e,6.79,215e,6.64,230e,6.5
8/8/2021 6:00,1531.78,5,21.2,10,21.19,20,21.13,30,19.55,40,18.77,60,16.55,80,13.52,100,10.86,120,9.04,140,7.77,160,7.02,180,6.8,200e,6.75,215e,6.62,230e,6.5
8/8/2021 7:00,1531.8,5,21.2,10,21.18,20,21.17,30,19.91,40,18.73,60,16.52,80,13.56,100,10.8,120,9.06,140,7.54,160,6.95,180,6.75,200e,6.7,215e,6.6,230e,6.5
8/8/2021 8:00,1531.81,5,21.22,10,21.21,20,21.18,30,19.91,40,18.88,60,16.51,80,13.4,100,10.73,120,9.14,140,7.44,160,6.9,180,6.76,200e,6.73,215e,6.61,230e,6.5
8/8/2021 9:00,1531.83,5,21.28,10,21.23,20,21.2,30,20.11,40,19.08,60,16.59,80,13.42,100,10.54,120,8.88,140,7.34,160,6.94,180,6.74,200e,6.69,215e,6.6,230e,6.5
8/8/2021 10:00,1531.83,5,21.47,10,21.36,20,21.27,30,20.29,40,19.12,60,16.53,80,13.03,100,10.48,120,8.63,140,7.45,160,6.92,180,6.77,200e,6.73,215e,6.62,230e,6.5
8/8/2021 11:00,1531.8,5,21.6,10,21.35,20,21.21,30,20.6,40,19.2,60,16.52,80,12.85,100,10.31,120,8.52,140,7.47,160,6.95,180,6.79,200e,6.75,215e,6.63,230e,6.5
8/8/2021 12:00,1531.75,5,21.84,10,21.45,20,21.34,30,20.89,40,19.41,60,16.52,80,12.63,100,10.04,120,8.29,140,7.41,160,6.91,180,6.78,200e,6.75,215e,6.62,230e,6.5
8/8/2021 13:00,1531.69,5,21.76,10,21.5,20,21.36,30,21.1,40,19.54,60,16.43,80,12.57,100,10.07,120,8.28,140,7.34,160,6.97,180,6.77,200e,6.72,215e,6.61,230e,6.5
8/8/2021 14:00,1531.63,5,21.78,10,21.6,20,21.47,30,21.17,40,19.54,60,16.37,80,12.14,100,10.07,120,8.13,140,7.38,160,6.94,180,6.76,200e,6.72,215e,6.61,230e,6.5
8/8/2021 15:00,1531.58,5,21.85,10,21.54,20,21.43,30,21.23,40,20.08,60,16.49,80,12.02,100,9.94,120,8.24,140,7.35,160,6.94,180,6.74,200e,6.69,215e,6.6,230e,6.5
8/8/2021 16:00,1531.52,5,21.92,10,21.55,20,21.43,30,21.21,40,20.17,60,16.63,80,11.72,100,9.61,120,8.29,140,7.43,160,6.87,180,6.76,200e,6.73,215e,6.62,230e,6.5
8/8/2021 17:00,1531.47,5,21.84,10,21.62,20,21.4,30,21.2,40,20.03,60,16.3,80,11.58,100,9.58,120,8.29,140,7.35,160,6.96,180,6.77,200e,6.72,215e,6.61,230e,6.5
8/8/2021 18:00,1531.41,5,21.76,10,21.59,20,21.33,30,21.21,40,19.89,60,16.2,80,11.41,100,9.67,120,8.28,140,7.35,160,6.96,180,6.78,200e,6.74,215e,6.62,230e,6.5
8/8/2021 19:00,1531.35,5,21.63,10,21.54,20,21.39,30,21.24,40,20.04,60,16.1,80,11.65,100,9.89,120,8.53,140,7.54,160,6.99,180,6.78,200e,6.73,215e,6.61,230e,6.5
8/8/2021 20:00,1531.3,5,21.55,10,21.52,20,21.39,30,21.26,40,20.16,60,16.38,80,12,100,10.1,120,8.56,140,7.74,160,7.07,180,6.81,200e,6.75,215e,6.62,230e,6.5
8/8/2021 21:00,1531.25,5,21.51,10,21.47,20,21.41,30,21.28,40,20.24,60,16.31,80,12.18,100,10.18,120,8.82,140,7.85,160,7.13,180,6.83,200e,6.76,215e,6.63,230e,6.5
8/8/2021 22:00,1531.25,5,21.47,10,21.44,20,21.42,30,21.29,40,20.65,60,16.4,80,12.2,100,10.33,120,9.08,140,7.97,160,7.23,180,6.9,200e,6.82,215e,6.66,230e,6.5
8/8/2021 23:00,1531.26,5,21.43,10,21.41,20,21.44,30,21.34,40,21.08,60,16.55,80,12.28,100,10.46,120,9.23,140,8.16,160,7.46,180,7.05,200e,6.95,215e,6.72,230e,6.5
8/9/2021 0:00,1531.28,5,21.43,10,21.39,20,21.42,30,21.4,40,21.13,60,16.79,80,12.34,100,10.75,120,9.32,140,8.21,160,7.56,180,7.06,200e,6.94,215e,6.72,230e,6.5
8/9/2021 1:00,1531.29,5,21.39,10,21.36,20,21.4,30,21.32,40,21.06,60,16.42,80,12.35,100,10.76,120,9.37,140,8.46,160,7.59,180,6.98,200e,6.83,215e,6.66,230e,6.5
8/9/2021 2:00,1531.31,5,21.34,10,21.32,20,21.37,30,21.35,40,20.92,60,16.39,80,12.18,100,10.84,120,9.59,140,8.45,160,7.53,180,6.9,200e,6.74,215e,6.62,230e,6.5
8/9/2021 3:00,1531.32,5,21.3,10,21.3,20,21.34,30,21.33,40,21.12,60,16.38,80,12.21,100,10.86,120,9.63,140,8.41,160,7.44,180,6.93,200e,6.8,215e,6.65,230e,6.5
8/9/2021 4:00,1531.33,5,21.28,10,21.27,20,21.32,30,21.31,40,21.13,60,16.55,80,12.3,100,10.89,120,9.5,140,8.26,160,7.38,180,6.9,200e,6.78,215e,6.64,230e,6.5
8/9/2021 5:00,1531.35,5,21.25,10,21.27,20,21.32,30,21.3,40,21.27,60,16.32,80,12.27,100,10.78,120,9.47,140,8.35,160,7.43,180,7.02,200e,6.92,215e,6.71,230e,6.5
8/9/2021 6:00,1531.36,5,21.26,10,21.26,20,21.31,30,21.29,40,21.3,60,16.05,80,12.06,100,10.62,120,9.35,140,8.16,160,7.42,180,7.03,200e,6.93,215e,6.72,230e,6.5
8/9/2021 7:00,1531.38,5,21.29,10,21.28,20,21.3,30,21.29,40,21.25,60,16.22,80,12.11,100,10.45,120,9.19,140,8.19,160,7.45,180,6.92,200e,6.79,215e,6.64,230e,6.5
8/9/2021 8:00,1531.39,5,21.37,10,21.33,20,21.32,30,21.29,40,21.25,60,16.47,80,11.83,100,10.36,120,9.25,140,8.23,160,7.33,180,6.93,200e,6.83,215e,6.67,230e,6.5
8/9/2021 9:00,1531.39,5,21.53,10,21.42,20,21.37,30,21.29,40,21.23,60,16.45,80,11.85,100,10.35,120,9.22,140,8.31,160,7.34,180,6.87,200e,6.75,215e,6.63,230e,6.5
8/9/2021 10:00,1531.41,5,21.83,10,21.51,20,21.43,30,21.27,40,21.23,60,16.42,80,11.89,100,10.22,120,9.14,140,8.17,160,7.35,180,6.9,200e,6.79,215e,6.64,230e,6.5
8/9/2021 11:00,1531.41,5,21.69,10,21.46,20,21.42,30,21.32,40,21.19,60,15.84,80,11.84,100,10.17,120,9.2,140,8.13,160,7.35,180,6.86,200e,6.74,215e,6.62,230e,6.5
8/9/2021 12:00,1531.37,5,21.68,10,21.58,20,21.47,30,21.26,40,21.16,60,15.5,80,11.78,100,10.19,120,9.25,140,8.27,160,7.29,180,6.85,200e,6.74,215e,6.62,230e,6.5
8/9/2021 13:00,1531.31,5,21.69,10,21.61,20,21.46,30,21.23,40,21.18,60,14.97,80,11.7,100,10.27,120,9.18,140,8.17,160,7.29,180,6.85,200e,6.74,215e,6.62,230e,6.5
8/9/2021 14:00,1531.25,5,21.77,10,21.7,20,21.35,30,21.27,40,18.73,60,14.68,80,11.66,100,10.3,120,9.21,140,8.06,160,7.15,180,6.86,200e,6.79,215e,6.64,230e,6.5
8/9/2021 15:00,1531.2,5,21.81,10,21.77,20,21.36,30,21.26,40,18.11,60,14.32,80,11.64,100,10.35,120,9.18,140,8.05,160,7.05,180,6.82,200e,6.76,215e,6.63,230e,6.5
8/9/2021 16:00,1531.15,5,21.79,10,21.79,20,21.39,30,21.22,40,17.93,60,14.56,80,11.66,100,10.31,120,9.23,140,7.93,160,7.01,180,6.77,200e,6.71,215e,6.61,230e,6.5
8/9/2021 17:00,1531.09,5,21.83,10,21.76,20,21.34,30,21.15,40,17.9,60,14.79,80,11.85,100,10.56,120,9.24,140,8,160,6.98,180,6.75,200e,6.69,215e,6.6,230e,6.5
8/9/2021 18:00,1531.04,5,21.77,10,21.63,20,21.31,30,20.42,40,18.07,60,14.79,80,12.37,100,10.63,120,9.34,140,7.99,160,6.98,180,6.75,200e,6.69,215e,6.6,230e,6.5
8/9/2021 19:00,1530.97,5,21.52,10,21.5,20,21.28,30,19.35,40,17.95,60,15.28,80,13.2,100,10.74,120,9.36,140,7.75,160,6.93,180,6.75,200e,6.71,215e,6.6,230e,6.5
8/9/2021 20:00,1530.92,5,21.45,10,21.41,20,21.25,30,19.66,40,18.02,60,15.97,80,13.66,100,10.94,120,9.48,140,7.72,160,6.91,180,6.74,200e,6.7,215e,6.6,230e,6.5
8/9/2021 21:00,1530.88,5,21.37,10,21.35,20,21.26,30,19.66,40,17.93,60,16.67,80,14.04,100,11.19,120,9.49,140,7.68,160,6.9,180,6.75,200e,6.71,215e,6.61,230e,6.5
8/9/2021 22:00,1530.88,5,21.35,10,21.32,20,21.25,30,19.56,40,18.26,60,17.16,80,14.34,100,11.55,120,9.46,140,7.7,160,6.89,180,6.75,200e,6.72,215e,6.61,230e,6.5
8/9/2021 23:00,1530.89,5,21.31,10,21.28,20,21.3,30,19.81,40,18.57,60,17.21,80,14.67,100,11.76,120,9.68,140,7.74,160,6.92,180,6.75,200e,6.71,215e,6.6,230e,6.5
8/10/2021 0:00,1530.91,5,21.3,10,21.27,20,21.29,30,20.06,40,18.66,60,17.47,80,15.15,100,12,120,9.75,140,7.81,160,6.9,180,6.75,200e,6.71,215e,6.61,230e,6.5
8/10/2021 1:00,1530.93,5,21.27,10,21.25,20,21.27,30,20.38,40,18.75,60,17.32,80,15.27,100,11.49,120,9.74,140,7.81,160,6.94,180,6.75,200e,6.7,215e,6.6,230e,6.5
8/10/2021 2:00,1530.94,5,21.27,10,21.24,20,21.28,30,20.96,40,18.86,60,17.02,80,14.74,100,11.26,120,9.51,140,7.73,160,6.86,180,6.74,200e,6.71,215e,6.61,230e,6.5
8/10/2021 3:00,1530.95,5,21.24,10,21.23,20,21.27,30,21.08,40,19.02,60,16.87,80,13.85,100,10.9,120,9.18,140,7.38,160,6.83,180,6.73,200e,6.71,215e,6.6,230e,6.5
8/10/2021 4:00,1530.97,5,21.25,10,21.22,20,21.27,30,21.24,40,19.04,60,16.86,80,13.47,100,10.73,120,8.86,140,7.4,160,6.86,180,6.75,200e,6.72,215e,6.61,230e,6.5
8/10/2021 5:00,1530.99,5,21.26,10,21.23,20,21.27,30,21.23,40,19.14,60,16.73,80,12.53,100,10.46,120,8.58,140,7.43,160,6.88,180,6.74,200e,6.71,215e,6.6,230e,6.5
8/10/2021 6:00,1531,5,21.25,10,21.24,20,21.27,30,21.22,40,19.35,60,16.76,80,12.7,100,10.42,120,8.45,140,7.29,160,6.87,180,6.73,200e,6.7,215e,6.6,230e,6.5
8/10/2021 7:00,1531.01,5,21.24,10,21.23,20,21.26,30,21.25,40,19.8,60,16.84,80,12.23,100,10.35,120,8.23,140,7.17,160,6.82,180,6.72,200e,6.7,215e,6.6,230e,6.5
8/10/2021 8:00,1531.02,5,21.33,10,21.27,20,21.28,30,21.23,40,21.2,60,16.99,80,12.36,100,9.96,120,8.05,140,7,160,6.78,180,6.67,200e,6.64,215e,6.57,230e,6.5
8/10/2021 9:00,1531.03,5,21.43,10,21.36,20,21.31,30,21.25,40,21.2,60,17.2,80,12.35,100,9.83,120,7.85,140,6.96,160,6.78,180,6.7,200e,6.68,215e,6.59,230e,6.5
8/10/2021 10:00,1531.05,5,21.72,10,21.43,20,21.32,30,21.29,40,21.18,60,17.25,80,12.45,100,9.47,120,7.99,140,7.01,160,6.8,180,6.72,200e,6.7,215e,6.6,230e,6.5
8/10/2021 11:00,1531.05,5,21.69,10,21.44,20,21.39,30,21.3,40,21.17,60,17.06,80,12.19,100,9.58,120,7.92,140,7.13,160,6.82,180,6.7,200e,6.67,215e,6.59,230e,6.5
8/10/2021 12:00,1531.01,5,21.82,10,21.53,20,21.48,30,21.23,40,21.16,60,16.73,80,12.36,100,9.98,120,7.86,140,7.02,160,6.81,180,6.72,200e,6.7,215e,6.6,230e,6.5
8/10/2021 13:00,1530.95,5,22,10,21.59,20,21.38,30,21.22,40,21.14,60,16.62,80,12.36,100,10.29,120,7.95,140,7.04,160,6.83,180,6.73,200e,6.71,215e,6.6,230e,6.5
8/10/2021 14:00,1530.9,5,22.07,10,21.51,20,21.35,30,21.27,40,21.15,60,16.21,80,12.48,100,10.3,120,8.33,140,7.27,160,6.89,180,6.75,200e,6.72,215e,6.61,230e,6.5
8/10/2021 15:00,1530.85,5,22.08,10,21.54,20,21.41,30,21.26,40,19.51,60,15.55,80,12.42,100,10.26,120,8.33,140,7.4,160,6.93,180,6.77,200e,6.73,215e,6.62,230e,6.5
8/10/2021 16:00,1530.79,5,22.11,10,21.56,20,21.42,30,21.18,40,18.75,60,15.72,80,12.54,100,10.35,120,8.5,140,7.63,160,6.98,180,6.78,200e,6.73,215e,6.62,230e,6.5
8/10/2021 17:00,1530.74,5,22.06,10,21.6,20,21.4,30,21.18,40,18.48,60,15.91,80,12.56,100,10.33,120,8.78,140,7.68,160,7.12,180,6.83,200e,6.76,215e,6.63,230e,6.5
8/10/2021 18:00,1530.68,5,21.96,10,21.8,20,21.36,30,21.19,40,18.26,60,15.69,80,12.39,100,10.71,120,8.94,140,7.76,160,7.32,180,6.87,200e,6.76,215e,6.63,230e,6.5
8/10/2021 19:00,1530.63,5,21.87,10,21.73,20,21.4,30,21.18,40,18.46,60,15.64,80,12.3,100,10.79,120,9.11,140,7.85,160,7.38,180,6.97,200e,6.87,215e,6.68,230e,6.5
8/10/2021 20:00,1530.57,5,21.97,10,21.62,20,21.39,30,21.19,40,18.69,60,15.71,80,12.23,100,10.9,120,9.56,140,8.05,160,7.33,180,6.94,200e,6.84,215e,6.67,230e,6.5
8/10/2021 21:00,1530.53,5,21.84,10,21.63,20,21.44,30,21.26,40,18.87,60,16.02,80,12.44,100,10.91,120,9.64,140,8.27,160,7.49,180,7.08,200e,6.98,215e,6.74,230e,6.5
8/10/2021 22:00,1530.53,5,21.78,10,21.67,20,21.45,30,21.28,40,19.03,60,16.14,80,12.65,100,11.04,120,9.74,140,8.46,160,7.43,180,7.11,200e,7.03,215e,6.77,230e,6.5
8/10/2021 23:00,1530.54,5,21.73,10,21.69,20,21.46,30,21.31,40,19.1,60,16.58,80,13.01,100,11.28,120,10.12,140,8.88,160,7.79,180,7.28,200e,7.15,215e,6.83,230e,6.5
8/11/2021 0:00,1530.56,5,21.7,10,21.66,20,21.46,30,21.29,40,19.11,60,16.76,80,13.28,100,11.41,120,10.13,140,9.12,160,8.13,180,7.3,200e,7.09,215e,6.8,230e,6.5
8/11/2021 1:00,1530.56,5,21.66,10,21.64,20,21.47,30,21.26,40,19.11,60,16.77,80,13.48,100,11.43,120,10.29,140,9.36,160,8.27,180,7.46,200e,7.26,215e,6.88,230e,6.5
8/11/2021 2:00,1530.58,5,21.65,10,21.64,20,21.48,30,21.3,40,18.91,60,16.78,80,13.7,100,11.42,120,10.34,140,9.55,160,8.08,180,7.45,200e,7.29,215e,6.9,230e,6.5
8/11/2021 3:00,1530.59,5,21.64,10,21.63,20,21.48,30,21.33,40,18.79,60,16.7,80,13.6,100,11.25,120,10.16,140,9.01,160,7.96,180,7.31,200e,7.15,215e,6.82,230e,6.5
8/11/2021 4:00,1530.62,5,21.6,10,21.58,20,21.57,30,21.44,40,18.84,60,16.71,80,13.08,100,10.93,120,10.03,140,8.84,160,7.93,180,7.24,200e,7.07,215e,6.78,230e,6.5
8/11/2021 5:00,1530.63,5,21.61,10,21.6,20,21.61,30,21.47,40,18.88,60,16.42,80,12.98,100,10.61,120,9.46,140,8.53,160,7.52,180,7.23,200e,7.16,215e,6.83,230e,6.5
8/11/2021 6:00,1530.65,5,21.61,10,21.61,20,21.64,30,21.57,40,19.03,60,16.54,80,12.53,100,10.47,120,9.18,140,8.11,160,7.48,180,7.02,200e,6.91,215e,6.7,230e,6.5
8/11/2021 7:00,1530.66,5,21.63,10,21.63,20,21.65,30,21.6,40,20.87,60,16.4,80,12.24,100,10.24,120,8.82,140,7.82,160,7.25,180,6.89,200e,6.8,215e,6.65,230e,6.5
8/11/2021 8:00,1530.67,5,21.81,10,21.71,20,21.69,30,21.61,40,21.41,60,16.64,80,12.28,100,10.06,120,8.69,140,7.59,160,7.08,180,6.83,200e,6.77,215e,6.63,230e,6.5
8/11/2021 9:00,1530.69,5,22.05,10,21.82,20,21.71,30,21.6,40,21.52,60,16.8,80,11.94,100,9.98,120,8.33,140,7.26,160,6.98,180,6.75,200e,6.69,215e,6.6,230e,6.5
8/11/2021 10:00,1530.69,5,22.2,10,21.88,20,21.76,30,21.65,40,21.52,60,16.96,80,12,100,9.56,120,8.23,140,7.28,160,6.97,180,6.75,200e,6.7,215e,6.6,230e,6.5
8/11/2021 11:00,1530.66,5,22.83,10,21.97,20,21.88,30,21.7,40,21.54,60,17.16,80,12.24,100,9.54,120,8.21,140,7.26,160,6.95,180,6.75,200e,6.7,215e,6.6,230e,6.5
8/11/2021 12:00,1530.59,5,22.4,10,21.94,20,21.86,30,21.56,40,21.48,60,16.82,80,12.02,100,9.52,120,8.35,140,7.29,160,6.92,180,6.76,200e,6.72,215e,6.61,230e,6.5
8/11/2021 13:00,1530.53,5,22.62,10,22.03,20,21.88,30,21.63,40,21.52,60,16.19,80,12.18,100,9.67,120,8.14,140,7.31,160,6.87,180,6.76,200e,6.73,215e,6.62,230e,6.5
8/11/2021 14:00,1530.47,5,22.63,10,22.28,20,21.87,30,21.68,40,21.24,60,15.75,80,12.11,100,9.9,120,8.55,140,7.42,160,6.88,180,6.74,200e,6.71,215e,6.6,230e,6.5
8/11/2021 15:00,1530.42,5,22.67,10,22.24,20,21.82,30,21.57,40,19.09,60,16.32,80,12.12,100,10.02,120,8.67,140,7.43,160,6.86,180,6.74,200e,6.71,215e,6.61,230e,6.5
8/11/2021 16:00,1530.37,5,22.72,10,22.31,20,21.93,30,21.59,40,18.47,60,16.23,80,12.3,100,10.36,120,8.67,140,7.14,160,6.8,180,6.71,200e,6.69,215e,6.59,230e,6.5
8/11/2021 17:00,1530.31,5,22.71,10,22.31,20,21.87,30,21.58,40,18.45,60,15.74,80,12.91,100,10.08,120,8.55,140,7.23,160,6.84,180,6.72,200e,6.69,215e,6.6,230e,6.5
8/11/2021 18:00,1530.26,5,22.64,10,22.01,20,21.8,30,21.55,40,18.53,60,16,80,13.09,100,10.26,120,8.91,140,7.45,160,6.87,180,6.72,200e,6.68,215e,6.59,230e,6.5
8/11/2021 19:00,1530.2,5,22.65,10,21.94,20,21.83,30,21.51,40,18.67,60,16.46,80,13.45,100,10.53,120,8.99,140,7.68,160,6.93,180,6.75,200e,6.71,215e,6.6,230e,6.5
8/11/2021 20:00,1530.15,5,22.52,10,21.93,20,21.8,30,21.58,40,18.7,60,16.62,80,13.72,100,10.77,120,9.22,140,7.61,160,6.94,180,6.71,200e,6.65,215e,6.58,230e,6.5
8/11/2021 21:00,1530.11,5,22.49,10,21.94,20,21.79,30,21.48,40,18.73,60,16.78,80,13.39,100,11.07,120,9.23,140,7.67,160,6.99,180,6.8,200e,6.75,215e,6.63,230e,6.5
8/11/2021 22:00,1530.1,5,22.51,10,21.92,20,21.83,30,21.49,40,18.77,60,16.66,80,13.6,100,10.8,120,9.67,140,8.03,160,7.04,180,6.8,200e,6.74,215e,6.62,230e,6.5
8/11/2021 23:00,1530.12,5,22.5,10,21.91,20,21.8,30,21.19,40,18.85,60,17.15,80,13.87,100,11.35,120,9.91,140,8.38,160,7.22,180,6.88,200e,6.8,215e,6.65,230e,6.5
8/12/2021 0:00,1530.13,5,22.35,10,21.98,20,21.77,30,20.88,40,18.79,60,17.23,80,14.07,100,11.27,120,10.22,140,8.66,160,7.24,180,6.89,200e,6.8,215e,6.65,230e,6.5
8/12/2021 1:00,1530.14,5,22.24,10,22,20,21.84,30,21,40,18.69,60,17.34,80,13.97,100,11.66,120,10.41,140,8.71,160,7.36,180,6.9,200e,6.79,215e,6.64,230e,6.5
8/12/2021 2:00,1530.16,5,22.17,10,22.07,20,21.82,30,20.4,40,18.61,60,17.18,80,13.97,100,11.7,120,10.38,140,8.68,160,7.53,180,6.95,200e,6.81,215e,6.65,230e,6.5
8/12/2021 3:00,1530.17,5,22.09,10,22.05,20,21.84,30,20.32,40,18.64,60,17.01,80,14.06,100,11.57,120,10.21,140,8.54,160,7.56,180,7,200e,6.86,215e,6.68,230e,6.5
8/12/2021 4:00,1530.19,5,22.03,10,22.02,20,21.82,30,20.74,40,18.58,60,16.77,80,13.67,100,11.42,120,9.98,140,8.36,160,7.2,180,6.87,200e,6.79,215e,6.64,230e,6.5
8/12/2021 5:00,1530.2,5,22.01,10,22,20,21.96,30,20.93,40,18.64,60,16.64,80,12.94,100,11.16,120,9.5,140,8.08,160,7.08,180,6.77,200e,6.69,215e,6.6,230e,6.5
8/12/2021 6:00,1530.22,5,22,10,21.99,20,22.01,30,21.53,40,18.67,60,16.48,80,12.62,100,10.63,120,9.29,140,7.78,160,6.97,180,6.76,200e,6.71,215e,6.6,230e,6.5
8/12/2021 7:00,1530.24,5,22.05,10,22.03,20,22.05,30,21.78,40,18.88,60,16.75,80,12.65,100,10.51,120,8.99,140,7.76,160,7.09,180,6.84,200e,6.78,215e,6.64,230e,6.5
8/12/2021 8:00,1530.24,5,22.19,10,22.1,20,22.09,30,21.87,40,19.52,60,17.06,80,12.44,100,10.53,120,8.68,140,7.64,160,7.08,180,6.85,200e,6.79,215e,6.65,230e,6.5
8/12/2021 9:00,1530.26,5,22.4,10,22.21,20,22.13,30,21.99,40,20.14,60,17.32,80,12.47,100,10.34,120,8.67,140,7.58,160,7,180,6.79,200e,6.74,215e,6.62,230e,6.5
8/12/2021 10:00,1530.28,5,22.86,10,22.33,20,22.2,30,22.03,40,20.73,60,17.42,80,12.28,100,10.18,120,8.5,140,7.52,160,6.98,180,6.77,200e,6.72,215e,6.61,230e,6.5
8/12/2021 11:00,1530.28,5,23.2,10,22.36,20,22.31,30,21.98,40,21.08,60,17.67,80,12.29,100,10.02,120,8.5,140,7.42,160,7,180,6.81,200e,6.76,215e,6.63,230e,6.5
8/12/2021 12:00,1530.23,5,23.03,10,22.41,20,22.26,30,21.98,40,21.41,60,17.39,80,12.3,100,10.16,120,8.49,140,7.4,160,6.98,180,6.8,200e,6.76,215e,6.63,230e,6.5
8/12/2021 13:00,1530.18,5,22.98,10,22.4,20,22.14,30,22.02,40,20.13,60,17.13,80,12.4,100,10.14,120,8.44,140,7.37,160,6.99,180,6.76,200e,6.7,215e,6.6,230e,6.5
8/12/2021 14:00,1530.11,5,22.9,10,22.77,20,22.16,30,22.04,40,19.08,60,16.7,80,11.92,100,10.18,120,8.47,140,7.43,160,7.09,180,6.8,200e,6.73,215e,6.61,230e,6.5
8/12/2021 15:00,1530.05,5,22.91,10,22.69,20,22.18,30,21.82,40,18.66,60,16.59,80,11.96,100,10.23,120,8.69,140,7.47,160,7.06,180,6.8,200e,6.74,215e,6.62,230e,6.5
8/12/2021 16:00,1530.01,5,22.93,10,22.57,20,22.19,30,21.88,40,18.65,60,16.34,80,12.62,100,10.29,120,8.47,140,7.38,160,7.01,180,6.81,200e,6.76,215e,6.63,230e,6.5
8/12/2021 17:00,1529.95,5,22.88,10,22.33,20,22.11,30,21.17,40,18.54,60,15.5,80,12,100,10.41,120,8.55,140,7.74,160,7.07,180,6.82,200e,6.76,215e,6.63,230e,6.5
8/12/2021 18:00,1529.9,5,22.75,10,22.32,20,22.05,30,20.24,40,18.34,60,15.77,80,12.26,100,10.36,120,8.56,140,7.63,160,7.02,180,6.78,200e,6.72,215e,6.61,230e,6.5
8/12/2021 19:00,1529.85,5,22.61,10,22.23,20,22.04,30,20.26,40,18.46,60,15.92,80,12.38,100,10.58,120,8.89,140,7.71,160,6.99,180,6.82,200e,6.78,215e,6.64,230e,6.5
8/12/2021 20:00,1529.79,5,22.81,10,22.34,20,22.04,30,21.11,40,19.02,60,16.43,80,12.67,100,11.13,120,9.33,140,7.98,160,7.16,180,6.88,200e,6.81,215e,6.66,230e,6.5
8/12/2021 21:00,1529.75,5,22.76,10,22.21,20,22.05,30,21.07,40,18.95,60,16.61,80,13.05,100,11.32,120,9.63,140,8.14,160,7.35,180,6.9,200e,6.79,215e,6.64,230e,6.5
8/12/2021 22:00,1529.75,5,22.85,10,22.21,20,22.02,30,20.87,40,18.98,60,16.6,80,13.37,100,11.35,120,9.76,140,8.24,160,7.52,180,6.93,200e,6.78,215e,6.64,230e,6.5
8/12/2021 23:00,1529.76,5,22.67,10,22.18,20,21.95,30,21.23,40,19.16,60,16.62,80,13.66,100,11.43,120,10.26,140,8.59,160,7.54,180,6.98,200e,6.84,215e,6.67,230e,6.5
8/13/2021 0:00,1529.78,5,22.61,10,22.18,20,21.9,30,21.31,40,19.24,60,16.92,80,14.35,100,11.83,120,10.35,140,8.54,160,7.58,180,7.08,200e,6.96,215e,6.73,230e,6.5
8/13/2021 1:00,1529.79,5,22.53,10,22.17,20,21.91,30,21.08,40,19.25,60,17,80,14.35,100,11.87,120,10.22,140,8.91,160,7.76,180,7.08,200e,6.91,215e,6.71,230e,6.5
8/13/2021 2:00,1529.8,5,22.48,10,22.18,20,21.93,30,21.08,40,19.29,60,16.67,80,14.68,100,11.84,120,10.34,140,8.8,160,7.58,180,7,200e,6.86,215e,6.68,230e,6.5
8/13/2021 3:00,1529.82,5,22.41,10,22.15,20,21.9,30,20.61,40,19.22,60,16.8,80,14.02,100,11.82,120,10.14,140,8.57,160,7.55,180,6.99,200e,6.85,215e,6.68,230e,6.5
8/13/2021 4:00,1529.83,5,22.32,10,22.19,20,21.9,30,20.5,40,19.27,60,16.7,80,13.87,100,11.61,120,9.86,140,8.48,160,7.6,180,6.93,200e,6.76,215e,6.63,230e,6.5
8/13/2021 5:00,1529.85,5,22.27,10,22.21,20,21.9,30,20.6,40,19.36,60,16.44,80,14.06,100,10.96,120,9.48,140,8.33,160,7.31,180,6.86,200e,6.75,215e,6.62,230e,6.5
8/13/2021 6:00,1529.87,5,22.23,10,22.18,20,21.91,30,20.72,40,19.45,60,16.31,80,12.93,100,10.81,120,9.14,140,7.86,160,7.32,180,6.89,200e,6.78,215e,6.64,230e,6.5
8/13/2021 7:00,1529.88,5,22.24,10,22.18,20,22.17,30,20.99,40,19.77,60,16.5,80,12.41,100,10.57,120,8.96,140,7.61,160,7.08,180,6.9,200e,6.86,215e,6.68,230e,6.5
8/13/2021 8:00,1529.89,5,22.27,10,22.21,20,22.2,30,21.51,40,20.17,60,16.76,80,12.61,100,10.44,120,8.85,140,7.64,160,7.05,180,6.79,200e,6.73,215e,6.61,230e,6.5
8/13/2021 9:00,1529.91,5,22.49,10,22.33,20,22.28,30,21.6,40,20.42,60,17.06,80,12.47,100,10.11,120,8.69,140,7.5,160,7.06,180,6.79,200e,6.72,215e,6.61,230e,6.5
8/13/2021 10:00,1529.92,5,22.61,10,22.44,20,22.26,30,21.99,40,20.62,60,17.19,80,12.43,100,9.8,120,8.75,140,7.46,160,6.99,180,6.79,200e,6.74,215e,6.62,230e,6.5
8/13/2021 11:00,1529.93,5,23.29,10,22.56,20,22.38,30,22.15,40,20.87,60,17.31,80,12.48,100,9.92,120,8.72,140,7.36,160,6.99,180,6.79,200e,6.74,215e,6.62,230e,6.5
8/13/2021 12:00,1529.88,5,22.97,10,22.43,20,22.35,30,22.12,40,21.04,60,17.53,80,12.36,100,9.83,120,8.55,140,7.32,160,6.95,180,6.8,200e,6.76,215e,6.63,230e,6.5
8/13/2021 13:00,1529.81,5,22.93,10,22.52,20,22.25,30,22.15,40,21.03,60,17.12,80,11.99,100,9.92,120,8.45,140,7.33,160,6.96,180,6.74,200e,6.69,215e,6.59,230e,6.5
8/13/2021 14:00,1529.76,5,22.99,10,22.47,20,22.26,30,22.11,40,20.2,60,16.27,80,12.07,100,9.94,120,8.32,140,7.27,160,6.9,180,6.75,200e,6.71,215e,6.61,230e,6.5
8/13/2021 15:00,1529.7,5,22.94,10,22.76,20,22.33,30,21.33,40,19.66,60,16.29,80,11.88,100,9.95,120,8.54,140,7.28,160,6.91,180,6.75,200e,6.71,215e,6.61,230e,6.5
8/13/2021 16:00,1529.65,5,22.86,10,22.65,20,22.22,30,21.04,40,19.07,60,16.56,80,11.98,100,10.18,120,8.91,140,7.3,160,6.91,180,6.75,200e,6.71,215e,6.61,230e,6.5
8/13/2021 17:00,1529.6,5,22.77,10,22.61,20,22.2,30,20.41,40,18.67,60,16.05,80,12.12,100,10.12,120,8.62,140,7.39,160,6.92,180,6.74,200e,6.7,215e,6.6,230e,6.5
8/13/2021 18:00,1529.55,5,22.58,10,22.54,20,22.14,30,20.27,40,18.49,60,15.83,80,12.26,100,10.36,120,9.02,140,7.29,160,6.93,180,6.75,200e,6.71,215e,6.6,230e,6.5
8/13/2021 19:00,1529.49,5,22.53,10,22.48,20,21.89,30,20.26,40,18.7,60,16.21,80,12.55,100,10.76,120,9.25,140,7.82,160,6.95,180,6.74,200e,6.69,215e,6.59,230e,6.5
8/13/2021 20:00,1529.44,5,22.51,10,22.26,20,21.42,30,20.65,40,18.95,60,16.66,80,13.58,100,11.13,120,9.55,140,7.86,160,6.98,180,6.74,200e,6.68,215e,6.59,230e,6.5
8/13/2021 21:00,1529.4,5,22.72,10,22.31,20,21.53,30,20.75,40,18.99,60,16.72,80,13.44,100,11.32,120,9.95,140,8.19,160,7.1,180,6.79,200e,6.71,215e,6.61,230e,6.5
8/13/2021 22:00,1529.4,5,22.69,10,22.2,20,21.64,30,20.87,40,18.96,60,16.74,80,14.13,100,11.34,120,9.8,140,7.98,160,7.15,180,6.8,200e,6.71,215e,6.61,230e,6.5
8/13/2021 23:00,1529.41,5,22.64,10,22.19,20,21.6,30,20.94,40,19.2,60,17.01,80,13.84,100,11.37,120,10.23,140,8.54,160,7.29,180,6.85,200e,6.74,215e,6.62,230e,6.5
8/14/2021 0:00,1529.42,5,22.56,10,22.14,20,21.59,30,20.62,40,19.46,60,17.15,80,14.67,100,11.91,120,10.29,140,8.95,160,7.44,180,6.91,200e,6.78,215e,6.64,230e,6.5
8/14/2021 1:00,1529.44,5,22.45,10,22.15,20,21.62,30,20.74,40,19.12,60,17.49,80,14.44,100,12.06,120,10.49,140,9.07,160,7.61,180,6.96,200e,6.8,215e,6.65,230e,6.5
8/14/2021 2:00,1529.45,5,22.39,10,22.15,20,21.62,30,20.8,40,18.82,60,17.24,80,14.55,100,11.88,120,10.66,140,8.8,160,7.47,180,6.95,200e,6.82,215e,6.66,230e,6.5
8/14/2021 3:00,1529.47,5,22.35,10,22.14,20,21.62,30,20.61,40,18.68,60,17.08,80,14.64,100,11.78,120,9.96,140,8.96,160,7.78,180,7.16,200e,7.01,215e,6.75,230e,6.5
8/14/2021 4:00,1529.48,5,22.3,10,22.21,20,21.58,30,20.54,40,18.79,60,16.82,80,13.77,100,11.58,120,9.81,140,8.91,160,7.64,180,7.05,200e,6.9,215e,6.7,230e,6.5
8/14/2021 5:00,1529.5,5,22.28,10,22.22,20,21.58,30,20.73,40,18.9,60,16.92,80,13.22,100,11.3,120,9.73,140,8.54,160,7.4,180,7.01,200e,6.91,215e,6.71,230e,6.5
8/14/2021 6:00,1529.51,5,22.24,10,22.21,20,21.69,30,20.91,40,19.09,60,16.69,80,12.74,100,11.02,120,9.38,140,8.28,160,7.17,180,6.84,200e,6.76,215e,6.63,230e,6.5
8/14/2021 7:00,1529.53,5,22.24,10,22.21,20,22.02,30,21.14,40,19.18,60,16.77,80,12.62,100,10.62,120,9.28,140,7.87,160,7.16,180,6.88,200e,6.81,215e,6.66,230e,6.5
8/14/2021 8:00,1529.55,5,22.37,10,22.31,20,22.26,30,21.56,40,20.15,60,17.03,80,12.61,100,10.37,120,8.91,140,7.73,160,7.15,180,6.91,200e,6.85,215e,6.68,230e,6.5
8/14/2021 9:00,1529.55,5,22.53,10,22.37,20,22.31,30,21.58,40,20.61,60,17.5,80,12.75,100,10.24,120,8.64,140,7.58,160,7.11,180,6.91,200e,6.86,215e,6.68,230e,6.5
8/14/2021 10:00,1529.57,5,22.86,10,22.46,20,22.37,30,21.76,40,20.96,60,17.69,80,12.79,100,10.1,120,8.58,140,7.43,160,7.03,180,6.83,200e,6.78,215e,6.64,230e,6.5
8/14/2021 11:00,1529.58,5,22.95,10,22.44,20,22.35,30,22.11,40,21.06,60,17.7,80,12.81,100,10.01,120,8.53,140,7.34,160,6.98,180,6.82,200e,6.78,215e,6.64,230e,6.5
8/14/2021 12:00,1529.53,5,23.03,10,22.54,20,22.38,30,22.1,40,21.38,60,17.59,80,12.95,100,10.07,120,8.54,140,7.35,160,7.01,180,6.83,200e,6.79,215e,6.64,230e,6.5
8/14/2021 13:00,1529.47,5,23.24,10,22.59,20,22.3,30,22.17,40,21.13,60,17.66,80,12.92,100,9.98,120,8.49,140,7.39,160,6.99,180,6.78,200e,6.73,215e,6.61,230e,6.5
8/14/2021 14:00,1529.42,5,23.24,10,22.54,20,22.34,30,22.15,40,20.78,60,17.32,80,12.61,100,9.84,120,8.22,140,7.25,160,6.91,180,6.75,200e,6.71,215e,6.61,230e,6.5
8/14/2021 15:00,1529.36,5,23.2,10,22.55,20,22.36,30,21.81,40,20.37,60,16.96,80,12.39,100,10.13,120,8.43,140,7.23,160,6.93,180,6.76,200e,6.72,215e,6.61,230e,6.5
8/14/2021 16:00,1529.31,5,23.19,10,22.5,20,22.37,30,21.73,40,19.62,60,16.68,80,12.56,100,10.08,120,8.47,140,7.36,160,6.98,180,6.82,200e,6.78,215e,6.64,230e,6.5
8/14/2021 17:00,1529.25,5,23.07,10,22.52,20,22.35,30,21.62,40,19.69,60,16.27,80,12.4,100,10.09,120,8.45,140,7.52,160,7,180,6.78,200e,6.73,215e,6.61,230e,6.5
8/14/2021 18:00,1529.2,5,22.84,10,22.6,20,22.3,30,21.2,40,19.01,60,16.12,80,12.5,100,10.22,120,8.63,140,7.49,160,7.07,180,6.82,200e,6.76,215e,6.63,230e,6.5
8/14/2021 19:00,1529.15,5,22.69,10,22.65,20,22.23,30,20.97,40,18.97,60,16.19,80,12.58,100,10.61,120,8.88,140,7.62,160,7.06,180,6.77,200e,6.7,215e,6.6,230e,6.5
8/14/2021 20:00,1529.1,5,22.85,10,22.54,20,22.18,30,21.11,40,19.11,60,15.91,80,12.79,100,11.02,120,9.29,140,7.8,160,7.12,180,6.84,200e,6.77,215e,6.64,230e,6.5
8/14/2021 21:00,1529.05,5,22.97,10,22.44,20,22.18,30,21.17,40,19.3,60,16.19,80,13.19,100,11.35,120,9.64,140,7.97,160,7.25,180,6.84,200e,6.74,215e,6.62,230e,6.5
8/14/2021 22:00,1529.05,5,22.76,10,22.35,20,22.22,30,21.18,40,19.37,60,16.11,80,13.45,100,11.7,120,9.89,140,8.32,160,7.45,180,6.93,200e,6.8,215e,6.65,230e,6.5
8/14/2021 23:00,1529.06,5,22.7,10,22.37,20,22.2,30,21.23,40,19.39,60,16.37,80,13.57,100,11.75,120,10.3,140,8.7,160,7.64,180,7.14,200e,7.02,215e,6.76,230e,6.5
8/15/2021 0:00,1529.07,5,22.62,10,22.37,20,22.22,30,21.24,40,19.44,60,16.6,80,13.97,100,12.22,120,10.63,140,9.05,160,7.78,180,7.13,200e,6.97,215e,6.73,230e,6.5
8/15/2021 1:00,1529.08,5,22.55,10,22.37,20,22.21,30,21.17,40,19.59,60,16.69,80,14.51,100,12.52,120,10.67,140,9.15,160,7.85,180,7.11,200e,6.93,215e,6.71,230e,6.5
8/15/2021 2:00,1529.1,5,22.51,10,22.36,20,22.12,30,21.11,40,19.07,60,16.81,80,14.84,100,12.34,120,10.64,140,9.14,160,7.82,180,7.07,200e,6.88,215e,6.69,230e,6.5
8/15/2021 3:00,1529.12,5,22.47,10,22.41,20,22.23,30,21.03,40,18.81,60,16.98,80,14.61,100,12.13,120,10.46,140,8.94,160,7.56,180,7.06,200e,6.94,215e,6.72,230e,6.5
8/15/2021 4:00,1529.13,5,22.42,10,22.38,20,22.21,30,21.04,40,18.8,60,16.81,80,14.65,100,11.83,120,10.23,140,8.78,160,7.41,180,7.03,200e,6.94,215e,6.72,230e,6.5
8/15/2021 5:00,1529.15,5,22.41,10,22.38,20,22.19,30,20.76,40,18.79,60,16.75,80,14.36,100,11.28,120,9.75,140,8.53,160,7.69,180,7.05,200e,6.89,215e,6.7,230e,6.5
8/15/2021 6:00,1529.16,5,22.39,10,22.38,20,22.23,30,20.51,40,18.81,60,16.67,80,13.48,100,11.1,120,9.38,140,8.28,160,7.48,180,6.97,200e,6.84,215e,6.67,230e,6.5
8/15/2021 7:00,1529.18,5,22.41,10,22.4,20,22.35,30,20.78,40,19.03,60,16.66,80,13.44,100,10.57,120,9.35,140,8.01,160,7.17,180,6.88,200e,6.81,215e,6.65,230e,6.5
8/15/2021 8:00,1529.19,5,22.45,10,22.42,20,22.43,30,21.4,40,19.37,60,16.78,80,13.09,100,10.46,120,9.27,140,7.67,160,7.14,180,6.92,200e,6.87,215e,6.68,230e,6.5
8/15/2021 9:00,1529.21,5,22.59,10,22.49,20,22.44,30,21.74,40,19.88,60,17.17,80,12.99,100,10.15,120,8.91,140,7.6,160,7.1,180,6.81,200e,6.74,215e,6.62,230e,6.5
8/15/2021 10:00,1529.21,5,22.77,10,22.58,20,22.47,30,22.14,40,20.38,60,17.16,80,13.21,100,10.01,120,8.6,140,7.51,160,7.07,180,6.84,200e,6.78,215e,6.64,230e,6.5
8/15/2021 11:00,1529.23,5,23.07,10,22.68,20,22.52,30,22.36,40,20.88,60,17.47,80,13.4,100,10.06,120,8.64,140,7.38,160,7.02,180,6.85,200e,6.81,215e,6.65,230e,6.5
8/15/2021 12:00,1529.18,5,23.12,10,22.74,20,22.64,30,22.34,40,21.26,60,17.43,80,13.35,100,10.16,120,8.37,140,7.45,160,6.97,180,6.8,200e,6.76,215e,6.63,230e,6.5
8/15/2021 13:00,1529.12,5,23.21,10,22.75,20,22.44,30,22.3,40,20.97,60,17.24,80,13.1,100,10.07,120,8.39,140,7.31,160,6.95,180,6.79,200e,6.75,215e,6.63,230e,6.5
8/15/2021 14:00,1529.06,5,23.17,10,22.85,20,22.46,30,22.33,40,20.63,60,16.72,80,12.9,100,10.12,120,8.31,140,7.27,160,6.9,180,6.79,200e,6.76,215e,6.63,230e,6.5
8/15/2021 15:00,1529.01,5,23.2,10,22.75,20,22.51,30,21.73,40,19.91,60,16.62,80,13.26,100,10.27,120,8.38,140,7.23,160,6.91,180,6.75,200e,6.71,215e,6.61,230e,6.5
8/15/2021 16:00,1528.96,5,23.21,10,22.68,20,22.51,30,21.55,40,19.36,60,16.72,80,13.23,100,10.36,120,8.68,140,7.23,160,6.89,180,6.75,200e,6.72,215e,6.61,230e,6.5
8/15/2021 17:00,1528.9,5,23.12,10,23.05,20,22.38,30,21.01,40,19.14,60,16.5,80,12.76,100,10.36,120,8.62,140,7.26,160,6.88,180,6.75,200e,6.72,215e,6.61,230e,6.5
8/15/2021 18:00,1528.85,5,22.92,10,22.85,20,22.38,30,20.95,40,18.97,60,16.3,80,12.75,100,10.25,120,8.58,140,7.26,160,6.88,180,6.74,200e,6.71,215e,6.6,230e,6.5
8/15/2021 19:00,1528.78,5,22.8,10,22.68,20,22.35,30,20.92,40,19.49,60,16.56,80,13.6,100,10.57,120,8.71,140,7.35,160,6.89,180,6.74,200e,6.7,215e,6.6,230e,6.5
8/15/2021 20:00,1528.73,5,22.79,10,22.61,20,22.11,30,21.13,40,19.47,60,16.8,80,13.77,100,11.01,120,9.19,140,7.45,160,6.98,180,6.78,200e,6.73,215e,6.62,230e,6.5
8/15/2021 21:00,1528.67,5,22.72,10,22.52,20,22.22,30,21.24,40,19.43,60,16.74,80,13.89,100,11.29,120,9.42,140,7.86,160,7.08,180,6.83,200e,6.77,215e,6.63,230e,6.5
8/15/2021 22:00,1528.67,5,22.66,10,22.59,20,22.07,30,21.22,40,19.31,60,16.78,80,13.98,100,11.35,120,9.94,140,8.22,160,7.23,180,6.88,200e,6.79,215e,6.65,230e,6.5
8/15/2021 23:00,1528.69,5,22.6,10,22.58,20,22.16,30,21.38,40,19.65,60,16.87,80,14.26,100,11.69,120,10.4,140,8.46,160,7.28,180,6.92,200e,6.83,215e,6.67,230e,6.5
8/16/2021 0:00,1528.7,5,22.57,10,22.52,20,22.16,30,21.37,40,19.62,60,16.95,80,14.51,100,12.02,120,10.53,140,8.88,160,7.58,180,7.03,200e,6.89,215e,6.7,230e,6.5
8/16/2021 1:00,1528.71,5,22.54,10,22.49,20,22.08,30,21.19,40,19.5,60,17.13,80,14.74,100,11.94,120,10.7,140,9.18,160,7.7,180,7.02,200e,6.85,215e,6.68,230e,6.5
8/16/2021 2:00,1528.73,5,22.49,10,22.45,20,21.98,30,20.99,40,19.06,60,17.06,80,14.73,100,12.14,120,10.84,140,9.06,160,7.61,180,7.1,200e,6.97,215e,6.74,230e,6.5
8/16/2021 3:00,1528.75,5,22.44,10,22.41,20,22.01,30,20.97,40,19.12,60,16.93,80,14.42,100,11.92,120,10.5,140,8.94,160,7.81,180,7.06,200e,6.87,215e,6.69,230e,6.5
8/16/2021 4:00,1528.76,5,22.39,10,22.36,20,22.27,30,21.02,40,18.93,60,16.96,80,14.35,100,11.71,120,10.01,140,8.94,160,7.69,180,7.04,200e,6.88,215e,6.69,230e,6.5
8/16/2021 5:00,1528.77,5,22.36,10,22.34,20,22.36,30,20.99,40,19.17,60,16.58,80,13.89,100,11.16,120,9.77,140,8.36,160,7.32,180,7.01,200e,6.93,215e,6.72,230e,6.5
8/16/2021 6:00,1528.79,5,22.33,10,22.32,20,22.33,30,21.18,40,19.31,60,16.45,80,13.06,100,10.96,120,9.31,140,7.99,160,7.33,180,6.95,200e,6.86,215e,6.68,230e,6.5
8/16/2021 7:00,1528.8,5,22.33,10,22.31,20,22.34,30,21.66,40,19.61,60,16.68,80,12.81,100,10.62,120,9.16,140,7.79,160,7.31,180,6.84,200e,6.72,215e,6.61,230e,6.5
8/16/2021 8:00,1528.81,5,22.57,10,22.41,20,22.42,30,22.31,40,20.12,60,16.98,80,12.88,100,10.44,120,8.8,140,7.67,160,7.24,180,6.95,200e,6.88,215e,6.69,230e,6.5
8/16/2021 9:00,1528.83,5,22.9,10,22.57,20,22.45,30,22.33,40,20.4,60,17.19,80,13.17,100,10.36,120,8.67,140,7.62,160,7.12,180,6.87,200e,6.81,215e,6.65,230e,6.5
8/16/2021 10:00,1528.84,5,22.7,10,22.53,20,22.39,30,22.33,40,20.68,60,17.26,80,13.08,100,10.21,120,8.57,140,7.55,160,7.05,180,6.86,200e,6.81,215e,6.66,230e,6.5
8/16/2021 11:00,1528.84,5,22.77,10,22.6,20,22.52,30,22.27,40,20.77,60,17.38,80,12.84,100,9.92,120,8.72,140,7.47,160,7.13,180,6.83,200e,6.76,215e,6.63,230e,6.5
8/16/2021 12:00,1528.79,5,22.76,10,22.7,20,22.42,30,22.28,40,20.33,60,17.33,80,12.81,100,10.21,120,8.74,140,7.55,160,7.07,180,6.86,200e,6.81,215e,6.65,230e,6.5
8/16/2021 13:00,1528.73,5,22.74,10,22.72,20,22.39,30,21.97,40,19.62,60,17.19,80,12.28,100,10.17,120,8.49,140,7.46,160,7.01,180,6.81,200e,6.76,215e,6.63,230e,6.5
8/16/2021 14:00,1528.68,5,22.71,10,22.68,20,22.37,30,20.86,40,18.81,60,16.43,80,12.66,100,10.07,120,8.47,140,7.35,160,7.01,180,6.82,200e,6.77,215e,6.64,230e,6.5
8/16/2021 15:00,1528.63,5,22.72,10,22.68,20,22.3,30,20.31,40,18.71,60,16.2,80,12.53,100,10.45,120,8.88,140,7.57,160,7.05,180,6.82,200e,6.76,215e,6.63,230e,6.5
8/16/2021 16:00,1528.57,5,22.66,10,22.64,20,21.58,30,19.93,40,18.88,60,16.48,80,12.98,100,10.4,120,9.05,140,7.93,160,7.14,180,6.84,200e,6.77,215e,6.63,230e,6.5
8/16/2021 17:00,1528.52,5,22.56,10,22.55,20,21.41,30,20.06,40,18.89,60,16.44,80,13.35,100,11.07,120,9.13,140,8.12,160,7.19,180,6.89,200e,6.82,215e,6.66,230e,6.5
8/16/2021 18:00,1528.46,5,22.4,10,22.37,20,21.34,30,19.57,40,18.75,60,16.71,80,13.7,100,11.18,120,9.24,140,7.93,160,7.15,180,6.86,200e,6.79,215e,6.64,230e,6.5
8/16/2021 19:00,1528.39,5,22.24,10,22.19,20,21.04,30,19.83,40,18.92,60,16.83,80,13.51,100,11.35,120,9.64,140,8.01,160,7.09,180,6.86,200e,6.8,215e,6.65,230e,6.5
8/16/2021 20:00,1528.34,5,22.07,10,22.05,20,21.03,30,19.92,40,18.92,60,17.2,80,13.94,100,11.12,120,9.88,140,8.12,160,7.31,180,6.9,200e,6.8,215e,6.65,230e,6.5
8/16/2021 21:00,1528.29,5,21.92,10,21.89,20,21.35,30,20,40,18.89,60,16.84,80,13.69,100,11.44,120,9.84,140,8.32,160,7.24,180,6.85,200e,6.75,215e,6.63,230e,6.5
8/16/2021 22:00,1528.28,5,21.82,10,21.77,20,20.59,30,20.17,40,19.11,60,16.78,80,13.94,100,11.38,120,10.12,140,8.39,160,7.29,180,6.86,200e,6.75,215e,6.63,230e,6.5
8/16/2021 23:00,1528.29,5,21.8,10,21.7,20,20.83,30,20.15,40,18.98,60,16.85,80,13.92,100,12.12,120,10.65,140,8.85,160,7.35,180,6.91,200e,6.8,215e,6.65,230e,6.5
8/17/2021 0:00,1528.31,5,21.92,10,21.56,20,20.82,30,20.23,40,19.06,60,17.01,80,14.34,100,12.31,120,10.78,140,9.36,160,7.76,180,7.18,200e,7.04,215e,6.77,230e,6.5
8/17/2021 1:00,1528.31,5,21.76,10,21.48,20,20.74,30,19.94,40,18.94,60,17.01,80,14.5,100,12.23,120,10.92,140,9.17,160,7.97,180,7.1,200e,6.88,215e,6.69,230e,6.5
8/17/2021 2:00,1528.32,5,21.62,10,21.48,20,20.67,30,19.76,40,18.65,60,16.74,80,14.28,100,11.94,120,10.57,140,9.17,160,7.67,180,7.06,200e,6.91,215e,6.7,230e,6.5
8/17/2021 3:00,1528.34,5,21.45,10,21.35,20,20.64,30,19.68,40,18.5,60,16.51,80,13.53,100,11.85,120,10.12,140,8.47,160,7.41,180,6.92,200e,6.8,215e,6.65,230e,6.5
8/17/2021 4:00,1528.36,5,21.37,10,21.06,20,20.38,30,19.5,40,18.46,60,16.46,80,13.81,100,11.28,120,9.83,140,8.03,160,7.31,180,6.86,200e,6.75,215e,6.62,230e,6.5
8/17/2021 5:00,1528.37,5,21.25,10,21.19,20,20.45,30,19.46,40,18.68,60,16.9,80,14.14,100,11.57,120,9.33,140,7.76,160,7.17,180,6.92,200e,6.86,215e,6.68,230e,6.5
8/17/2021 6:00,1528.39,5,21.18,10,21.16,20,20.75,30,19.62,40,18.84,60,16.99,80,14.28,100,11.47,120,9.29,140,7.66,160,7.17,180,6.9,200e,6.83,215e,6.67,230e,6.5
8/17/2021 7:00,1528.41,5,21.15,10,21.14,20,20.71,30,19.95,40,19.08,60,17.33,80,14.25,100,11.14,120,8.7,140,7.56,160,7.06,180,6.84,200e,6.79,215e,6.64,230e,6.5
8/17/2021 8:00,1528.42,5,21.13,10,21.13,20,21.06,30,20.13,40,19.42,60,17.53,80,14.31,100,10.52,120,8.78,140,7.55,160,7.06,180,6.81,200e,6.75,215e,6.62,230e,6.5
8/17/2021 9:00,1528.43,5,21.15,10,21.14,20,21.15,30,20.42,40,19.68,60,17.88,80,14.55,100,10.5,120,8.62,140,7.53,160,6.99,180,6.87,200e,6.84,215e,6.67,230e,6.5
8/17/2021 10:00,1528.45,5,21.23,10,21.21,20,21.21,30,20.61,40,19.97,60,18.14,80,14.89,100,10.75,120,8.66,140,7.52,160,6.97,180,6.85,200e,6.82,215e,6.66,230e,6.5
8/17/2021 11:00,1528.46,5,21.29,10,21.28,20,21.28,30,20.88,40,20.15,60,18.1,80,14.5,100,10.78,120,8.72,140,7.36,160,6.99,180,6.82,200e,6.78,215e,6.64,230e,6.5
8/17/2021 12:00,1528.42,5,21.35,10,21.32,20,21.28,30,20.97,40,20.26,60,18,80,13.85,100,10.89,120,8.71,140,7.33,160,6.97,180,6.81,200e,6.77,215e,6.64,230e,6.5
8/17/2021 13:00,1528.35,5,21.37,10,21.33,20,21.26,30,21.09,40,20.32,60,17.84,80,13.33,100,10.71,120,8.78,140,7.37,160,6.91,180,6.82,200e,6.8,215e,6.65,230e,6.5
8/17/2021 14:00,1528.31,5,21.37,10,21.37,20,21.32,30,21.09,40,20.45,60,17.88,80,13.68,100,10.73,120,8.93,140,7.71,160,7.07,180,6.85,200e,6.8,215e,6.65,230e,6.5
8/17/2021 15:00,1528.25,5,21.42,10,21.44,20,21.35,30,21.13,40,20.34,60,17.62,80,13.34,100,10.65,120,8.99,140,7.58,160,7.04,180,6.85,200e,6.8,215e,6.65,230e,6.5
8/17/2021 16:00,1528.19,5,21.39,10,21.38,20,21.29,30,21.13,40,20.36,60,17.28,80,13.31,100,10.74,120,8.91,140,7.5,160,6.97,180,6.83,200e,6.8,215e,6.65,230e,6.5
8/17/2021 17:00,1528.13,5,21.4,10,21.37,20,21.3,30,21.12,40,20.3,60,17.37,80,13.56,100,10.79,120,8.75,140,7.34,160,6.94,180,6.79,200e,6.75,215e,6.63,230e,6.5
8/17/2021 18:00,1528.07,5,21.36,10,21.33,20,21.29,30,21.11,40,20.36,60,17.32,80,13.6,100,10.76,120,8.72,140,7.33,160,6.99,180,6.8,200e,6.75,215e,6.63,230e,6.5
8/17/2021 19:00,1528.02,5,21.35,10,21.32,20,21.3,30,21.13,40,20.46,60,17.12,80,13.23,100,10.66,120,8.56,140,7.34,160,7,180,6.8,200e,6.75,215e,6.63,230e,6.5
8/17/2021 20:00,1527.95,5,21.33,10,21.29,20,21.32,30,21.16,40,20.66,60,17.29,80,13.8,100,10.79,120,8.75,140,7.32,160,6.96,180,6.77,200e,6.72,215e,6.61,230e,6.5
8/17/2021 21:00,1527.89,5,21.29,10,21.28,20,21.32,30,21.21,40,20.87,60,17.51,80,13.53,100,11.09,120,8.84,140,7.46,160,7.02,180,6.78,200e,6.72,215e,6.61,230e,6.5
8/17/2021 22:00,1527.89,5,21.3,10,21.28,20,21.31,30,21.23,40,21.05,60,17.59,80,13.48,100,11.01,120,9.18,140,7.66,160,7.07,180,6.82,200e,6.76,215e,6.63,230e,6.5
8/17/2021 23:00,1527.9,5,21.29,10,21.28,20,21.32,30,21.28,40,21.08,60,17.32,80,13.41,100,11.14,120,9.62,140,7.93,160,7.13,180,6.89,200e,6.83,215e,6.67,230e,6.5
8/18/2021 0:00,1527.92,5,21.29,10,21.27,20,21.31,30,21.21,40,21.11,60,17.36,80,13.36,100,11.22,120,10.06,140,8.11,160,7.19,180,6.91,200e,6.84,215e,6.67,230e,6.5
8/18/2021 1:00,1527.93,5,21.27,10,21.25,20,21.29,30,21.19,40,21.08,60,17,80,13.56,100,11.41,120,10.16,140,8.44,160,7.43,180,7.01,200e,6.91,215e,6.7,230e,6.5
8/18/2021 2:00,1527.94,5,21.25,10,21.22,20,21.26,30,21.2,40,20.53,60,16.75,80,13.13,100,11.49,120,10.31,140,8.97,160,7.61,180,7.03,200e,6.89,215e,6.69,230e,6.5
8/18/2021 3:00,1527.95,5,21.21,10,21.19,20,21.23,30,21.21,40,20.06,60,16.7,80,13.19,100,11.67,120,10.26,140,9.19,160,7.88,180,7.15,200e,6.97,215e,6.73,230e,6.5
8/18/2021 4:00,1527.96,5,21.17,10,21.16,20,21.2,30,21.19,40,19.74,60,16.5,80,13.29,100,11.55,120,10.38,140,9.12,160,8.03,180,7.17,200e,6.96,215e,6.73,230e,6.5
8/18/2021 5:00,1527.98,5,21.19,10,21.15,20,21.18,30,21.17,40,19.91,60,16.32,80,13.33,100,11.44,120,10.43,140,9.23,160,8.11,180,7.16,200e,6.92,215e,6.71,230e,6.5
8/18/2021 6:00,1528,5,21.15,10,21.13,20,21.17,30,21.15,40,19.84,60,16.29,80,13.52,100,11.31,120,10.31,140,9.15,160,7.97,180,7.12,200e,6.91,215e,6.7,230e,6.5
8/18/2021 7:00,1528.02,5,21.14,10,21.12,20,21.15,30,21.13,40,21.12,60,16.47,80,13.5,100,11.28,120,10.1,140,8.88,160,7.64,180,7.2,200e,7.09,215e,6.8,230e,6.5
8/18/2021 8:00,1528.03,5,21.2,10,21.15,20,21.17,30,21.14,40,21.12,60,16.87,80,13.64,100,11.24,120,10.07,140,8.71,160,7.67,180,7.16,200e,7.03,215e,6.77,230e,6.5
8/18/2021 9:00,1528.05,5,21.36,10,21.23,20,21.18,30,21.14,40,21.1,60,17.21,80,13.88,100,11.3,120,9.93,140,8.44,160,7.71,180,7.01,200e,6.84,215e,6.67,230e,6.5
8/18/2021 10:00,1528.05,5,21.4,10,21.33,20,21.26,30,21.14,40,21.03,60,17.18,80,14,100,11.22,120,9.92,140,8.3,160,7.6,180,6.98,200e,6.83,215e,6.66,230e,6.5
8/18/2021 11:00,1528.05,5,21.45,10,21.34,20,21.24,30,21.14,40,21.03,60,17.16,80,14.24,100,11.21,120,9.83,140,8.19,160,7.48,180,7,200e,6.88,215e,6.69,230e,6.5
8/18/2021 12:00,1528.01,5,21.49,10,21.52,20,21.33,30,21.17,40,20.11,60,17.13,80,13.99,100,11.25,120,9.62,140,8.08,160,7.2,180,6.97,200e,6.91,215e,6.71,230e,6.5
8/18/2021 13:00,1527.95,5,21.57,10,21.46,20,21.24,30,21.11,40,19.5,60,16.79,80,13.67,100,11.15,120,9.37,140,8.01,160,7.15,180,6.93,200e,6.88,215e,6.69,230e,6.5
8/18/2021 14:00,1527.9,5,21.62,10,21.44,20,21.21,30,21.12,40,19.11,60,16.5,80,13.16,100,10.97,120,9.04,140,7.73,160,7.07,180,6.87,200e,6.82,215e,6.66,230e,6.5
8/18/2021 15:00,1527.84,5,21.65,10,21.63,20,21.26,30,21.13,40,18.99,60,16.29,80,13.06,100,10.77,120,8.74,140,7.49,160,7.1,180,6.85,200e,6.79,215e,6.64,230e,6.5
8/18/2021 16:00,1527.78,5,21.68,10,21.5,20,21.27,30,21.09,40,18.98,60,16.18,80,13.08,100,10.83,120,8.44,140,7.41,160,7.02,180,6.83,200e,6.78,215e,6.64,230e,6.5
8/18/2021 17:00,1527.73,5,21.67,10,21.64,20,21.27,30,21.09,40,18.98,60,16.39,80,13.52,100,10.71,120,8.63,140,7.42,160,6.98,180,6.85,200e,6.82,215e,6.66,230e,6.5
8/18/2021 18:00,1527.66,5,21.55,10,21.54,20,21.26,30,21.09,40,19.07,60,16.63,80,13.79,100,11.01,120,8.74,140,7.42,160,6.93,180,6.79,200e,6.76,215e,6.63,230e,6.5
8/18/2021 19:00,1527.61,5,21.46,10,21.45,20,21.22,30,21.09,40,19.08,60,16.82,80,14.25,100,11.45,120,8.96,140,7.4,160,6.94,180,6.82,200e,6.79,215e,6.65,230e,6.5
8/18/2021 20:00,1527.54,5,21.42,10,21.39,20,21.22,30,21.1,40,19.31,60,17.08,80,14.83,100,11.9,120,9.25,140,7.47,160,6.95,180,6.79,200e,6.75,215e,6.63,230e,6.5
8/18/2021 21:00,1527.49,5,21.39,10,21.36,20,21.23,30,21.11,40,19.4,60,17.49,80,15.36,100,12.68,120,9.53,140,7.63,160,6.96,180,6.81,200e,6.77,215e,6.64,230e,6.5
8/18/2021 22:00,1527.49,5,21.37,10,21.35,20,21.26,30,21.11,40,19.41,60,17.53,80,15.43,100,12.76,120,10.05,140,7.69,160,7.11,180,6.84,200e,6.77,215e,6.64,230e,6.5
8/18/2021 23:00,1527.5,5,21.37,10,21.34,20,21.23,30,21.07,40,19.48,60,17.62,80,15.28,100,12.3,120,10.14,140,7.75,160,7.11,180,6.86,200e,6.8,215e,6.65,230e,6.5
8/19/2021 0:00,1527.51,5,21.35,10,21.32,20,21.21,30,21.06,40,19.27,60,17.52,80,15.36,100,12.11,120,10.18,140,7.98,160,7.15,180,6.87,200e,6.8,215e,6.65,230e,6.5
8/19/2021 1:00,1527.53,5,21.31,10,21.28,20,21.23,30,21.09,40,19.3,60,17.71,80,15.06,100,11.99,120,9.86,140,8,160,7.17,180,6.87,200e,6.8,215e,6.65,230e,6.5
8/19/2021 2:00,1527.55,5,21.29,10,21.26,20,21.23,30,21.09,40,19.32,60,17.45,80,14.53,100,11.73,120,9.62,140,8.09,160,7.18,180,6.86,200e,6.78,215e,6.64,230e,6.5
8/19/2021 3:00,1527.55,5,21.25,10,21.22,20,21.24,30,21.07,40,19.26,60,17.32,80,14.15,100,11.4,120,9.45,140,7.89,160,7.07,180,6.81,200e,6.75,215e,6.62,230e,6.5
8/19/2021 4:00,1527.57,5,21.2,10,21.18,20,21.23,30,21.12,40,19.32,60,17.33,80,13.84,100,11.19,120,9.3,140,7.62,160,7.02,180,6.85,200e,6.81,215e,6.65,230e,6.5
8/19/2021 5:00,1527.58,5,21.18,10,21.16,20,21.2,30,21.18,40,19.5,60,17.21,80,13.88,100,11.18,120,8.9,140,7.57,160,6.99,180,6.84,200e,6.8,215e,6.65,230e,6.5
8/19/2021 6:00,1527.6,5,21.15,10,21.15,20,21.18,30,21.17,40,19.74,60,17.41,80,13.93,100,11.08,120,8.8,140,7.57,160,6.96,180,6.83,200e,6.8,215e,6.65,230e,6.5
8/19/2021 7:00,1527.61,5,21.18,10,21.15,20,21.18,30,21.16,40,20.84,60,17.41,80,14.04,100,10.97,120,8.58,140,7.55,160,7.05,180,6.86,200e,6.81,215e,6.66,230e,6.5
8/19/2021 8:00,1527.63,5,21.27,10,21.19,20,21.19,30,21.18,40,21.11,60,17.5,80,14.11,100,11.05,120,8.51,140,7.53,160,7.1,180,6.9,200e,6.85,215e,6.68,230e,6.5
8/19/2021 9:00,1527.63,5,21.3,10,21.27,20,21.22,30,21.18,40,21.09,60,17.6,80,14.41,100,11.12,120,8.76,140,7.59,160,7.06,180,6.86,200e,6.81,215e,6.66,230e,6.5
8/19/2021 10:00,1527.63,5,21.33,10,21.31,20,21.21,30,21.15,40,21.08,60,17.5,80,14.29,100,11.09,120,8.82,140,7.57,160,7.11,180,6.87,200e,6.81,215e,6.66,230e,6.5
8/19/2021 11:00,1527.64,5,21.36,10,21.35,20,21.29,30,21.17,40,21.07,60,17.14,80,14.21,100,10.86,120,8.94,140,7.7,160,7.17,180,6.89,200e,6.82,215e,6.66,230e,6.5
8/19/2021 12:00,1527.6,5,21.41,10,21.38,20,21.33,30,21.17,40,19.73,60,17.15,80,14.36,100,11.14,120,9.04,140,7.75,160,7.17,180,6.94,200e,6.88,215e,6.69,230e,6.5
8/19/2021 13:00,1527.54,5,21.48,10,21.45,20,21.25,30,21.12,40,19.31,60,16.99,80,14.26,100,10.84,120,8.96,140,7.73,160,7.19,180,6.95,200e,6.89,215e,6.7,230e,6.5
8/19/2021 14:00,1527.49,5,21.59,10,21.4,20,21.25,30,21.16,40,19.07,60,16.59,80,14.06,100,10.48,120,8.79,140,7.84,160,7.23,180,6.95,200e,6.88,215e,6.69,230e,6.5
8/19/2021 15:00,1527.43,5,21.63,10,21.51,20,21.3,30,21.12,40,18.5,60,16.58,80,13.94,100,10.48,120,8.85,140,7.95,160,7.29,180,6.96,200e,6.88,215e,6.69,230e,6.5
8/19/2021 16:00,1527.38,5,21.65,10,21.41,20,21.27,30,21.12,40,18.48,60,16.54,80,13.67,100,10.76,120,9.05,140,8.11,160,7.41,180,6.98,200e,6.87,215e,6.69,230e,6.5
8/19/2021 17:00,1527.32,5,21.62,10,21.46,20,21.26,30,21.18,40,18.64,60,16.65,80,13.65,100,10.86,120,9.29,140,8.21,160,7.46,180,7.02,200e,6.91,215e,6.71,230e,6.5
8/19/2021 18:00,1527.26,5,21.48,10,21.46,20,21.24,30,20.99,40,19.1,60,16.78,80,14.15,100,11.15,120,9.76,140,8.56,160,7.49,180,6.97,200e,6.84,215e,6.67,230e,6.5
8/19/2021 19:00,1527.19,5,21.34,10,21.34,20,21.31,30,21.18,40,19.29,60,17.05,80,14.09,100,11.38,120,9.99,140,8.61,160,7.48,180,7.02,200e,6.91,215e,6.7,230e,6.5
8/19/2021 20:00,1527.14,5,21.39,10,21.3,20,21.25,30,21.1,40,19.53,60,17.16,80,14.2,100,11.53,120,10.11,140,8.61,160,7.73,180,7.06,200e,6.89,215e,6.7,230e,6.5
8/19/2021 21:00,1527.07,5,21.33,10,21.31,20,21.25,30,21.1,40,19.51,60,17.39,80,14.74,100,11.73,120,10.23,140,8.94,160,7.91,180,7.03,200e,6.81,215e,6.66,230e,6.5
8/19/2021 22:00,1527.07,5,21.29,10,21.27,20,21.3,30,21.11,40,19.45,60,17.51,80,14.76,100,11.95,120,10.32,140,9.12,160,8.06,180,7.24,200e,7.04,215e,6.77,230e,6.5
8/19/2021 23:00,1527.08,5,21.2,10,21.22,20,21.25,30,21.07,40,19.25,60,17.25,80,14.82,100,11.89,120,10.69,140,9.63,160,8.47,180,7.42,200e,7.16,215e,6.83,230e,6.5
8/20/2021 0:00,1527.09,5,21.14,10,21.15,20,21.17,30,20.66,40,19.06,60,17.08,80,14.71,100,12.23,120,10.81,140,9.79,160,8.45,180,7.55,200e,7.33,215e,6.91,230e,6.5
8/20/2021 1:00,1527.11,5,21.1,10,21.08,20,21.11,30,19.48,40,18.64,60,16.57,80,13.83,100,11.97,120,10.64,140,9.4,160,8.04,180,7.16,200e,6.94,215e,6.72,230e,6.5
8/20/2021 2:00,1527.13,5,21.07,10,21.05,20,20.84,30,19.37,40,18.39,60,16.46,80,13.92,100,11.61,120,10.29,140,8.91,160,7.62,180,7.02,200e,6.87,215e,6.69,230e,6.5
8/20/2021 3:00,1527.13,5,20.96,10,21,20,20.35,30,19.35,40,18.14,60,16.45,80,13.8,100,10.91,120,9.76,140,8.56,160,7.42,180,7.02,200e,6.92,215e,6.71,230e,6.5
8/20/2021 4:00,1527.15,5,20.91,10,20.93,20,20.13,30,19.24,40,18.22,60,16.54,80,13.57,100,10.98,120,9.21,140,7.86,160,7.28,180,6.93,200e,6.84,215e,6.67,230e,6.5
8/20/2021 5:00,1527.16,5,20.91,10,20.89,20,20.41,30,19.33,40,18.41,60,16.89,80,13.67,100,10.69,120,8.93,140,7.65,160,6.96,180,6.83,200e,6.8,215e,6.65,230e,6.5
8/20/2021 6:00,1527.18,5,20.86,10,20.85,20,20.65,30,19.42,40,18.56,60,17.1,80,13.94,100,10.87,120,8.68,140,7.5,160,7.08,180,6.8,200e,6.73,215e,6.62,230e,6.5
8/20/2021 7:00,1527.18,5,20.8,10,20.8,20,20.75,30,19.41,40,19.03,60,17.55,80,14.58,100,10.67,120,8.47,140,7.44,160,6.99,180,6.84,200e,6.8,215e,6.65,230e,6.5
8/20/2021 8:00,1527.2,5,20.79,10,20.78,20,20.8,30,19.66,40,19.2,60,17.9,80,15.16,100,10.79,120,8.57,140,7.44,160,6.95,180,6.79,200e,6.75,215e,6.63,230e,6.5
8/20/2021 9:00,1527.21,5,20.77,10,20.76,20,20.75,30,19.85,40,19.36,60,18.08,80,15.5,100,10.76,120,8.73,140,7.54,160,7,180,6.79,200e,6.74,215e,6.62,230e,6.5
8/20/2021 10:00,1527.22,5,20.83,10,20.8,20,20.59,30,19.88,40,19.42,60,18.05,80,15.67,100,10.9,120,8.79,140,7.77,160,7.05,180,6.8,200e,6.74,215e,6.62,230e,6.5
8/20/2021 11:00,1527.22,5,20.85,10,20.83,20,20.51,30,19.75,40,19.41,60,17.94,80,15.31,100,11.17,120,9.16,140,7.7,160,7.02,180,6.85,200e,6.81,215e,6.65,230e,6.5
8/20/2021 12:00,1527.18,5,20.89,10,20.85,20,20.52,30,19.81,40,19.24,60,17.51,80,14.77,100,11.15,120,9.42,140,7.91,160,7.01,180,6.85,200e,6.81,215e,6.66,230e,6.5
8/20/2021 13:00,1527.13,5,20.86,10,20.85,20,20.23,30,19.4,40,19.04,60,17.29,80,14.45,100,11.23,120,9.27,140,7.83,160,7.08,180,6.81,200e,6.74,215e,6.62,230e,6.5
8/20/2021 14:00,1527.09,5,20.86,10,20.87,20,20.04,30,19.34,40,18.8,60,16.83,80,13.96,100,10.98,120,9.6,140,7.61,160,7.1,180,6.8,200e,6.73,215e,6.61,230e,6.5
8/20/2021 15:00,1527.02,5,20.89,10,20.79,20,19.87,30,19.29,40,18.59,60,16.74,80,13.92,100,10.98,120,9.63,140,7.98,160,7.08,180,6.82,200e,6.76,215e,6.63,230e,6.5
8/20/2021 16:00,1526.96,5,20.96,10,20.68,20,19.72,30,19.38,40,18.7,60,16.87,80,13.97,100,11.32,120,9.86,140,8.17,160,7.08,180,6.8,200e,6.73,215e,6.62,230e,6.5
8/20/2021 17:00,1526.91,5,20.88,10,20.72,20,19.87,30,19.58,40,18.91,60,17.41,80,14.49,100,11.39,120,9.5,140,7.74,160,6.96,180,6.82,200e,6.79,215e,6.64,230e,6.5
8/20/2021 18:00,1526.86,5,20.82,10,20.79,20,20.06,30,19.61,40,18.98,60,17.46,80,14.74,100,11.47,120,9.74,140,7.93,160,6.99,180,6.82,200e,6.78,215e,6.64,230e,6.5
8/20/2021 19:00,1526.8,5,20.79,10,20.75,20,20.37,30,19.66,40,19.28,60,17.8,80,15.21,100,11.61,120,9.68,140,7.87,160,6.98,180,6.83,200e,6.79,215e,6.65,230e,6.5
8/20/2021 20:00,1526.73,5,20.7,10,20.67,20,20.7,30,19.79,40,19.46,60,18.11,80,15.71,100,11.73,120,9.72,140,7.75,160,7.06,180,6.84,200e,6.79,215e,6.64,230e,6.5
8/20/2021 21:00,1526.67,5,20.7,10,20.68,20,20.7,30,20.06,40,19.49,60,18.47,80,15.69,100,11.67,120,9.68,140,7.67,160,6.97,180,6.83,200e,6.8,215e,6.65,230e,6.5
8/20/2021 22:00,1526.67,5,20.7,10,20.68,20,20.7,30,20.11,40,19.59,60,18.29,80,15.76,100,11.58,120,9.63,140,7.61,160,6.96,180,6.84,200e,6.81,215e,6.66,230e,6.5
8/20/2021 23:00,1526.69,5,20.67,10,20.66,20,20.7,30,20.33,40,19.71,60,18.11,80,15.09,100,11.62,120,9.72,140,7.93,160,6.96,180,6.86,200e,6.84,215e,6.67,230e,6.5
8/21/2021 0:00,1526.7,5,20.67,10,20.62,20,20.67,30,20.29,40,19.71,60,17.83,80,15.04,100,11.59,120,9.74,140,7.91,160,7.04,180,6.84,200e,6.79,215e,6.65,230e,6.5
8/21/2021 1:00,1526.71,5,20.64,10,20.61,20,20.65,30,20.1,40,19.38,60,17.61,80,14.57,100,11.49,120,9.95,140,8.11,160,7.08,180,6.85,200e,6.79,215e,6.65,230e,6.5
8/21/2021 2:00,1526.72,5,20.61,10,20.6,20,20.63,30,20.04,40,19.43,60,17.13,80,14.03,100,11.42,120,9.8,140,8.12,160,7.09,180,6.85,200e,6.79,215e,6.65,230e,6.5
8/21/2021 3:00,1526.74,5,20.59,10,20.57,20,20.6,30,20.16,40,19.42,60,16.82,80,13.33,100,11.4,120,9.87,140,8.03,160,7.06,180,6.86,200e,6.81,215e,6.66,230e,6.5
8/21/2021 4:00,1526.75,5,20.57,10,20.56,20,20.6,30,20.28,40,19.55,60,16.52,80,13.37,100,11.42,120,9.86,140,7.99,160,7.08,180,6.88,200e,6.83,215e,6.67,230e,6.5
8/21/2021 5:00,1526.77,5,20.58,10,20.56,20,20.59,30,20.53,40,19.71,60,17.14,80,13.54,100,11.45,120,9.82,140,8.03,160,7.12,180,6.88,200e,6.82,215e,6.66,230e,6.5
8/21/2021 6:00,1526.78,5,20.56,10,20.53,20,20.56,30,20.54,40,20.01,60,17.39,80,13.86,100,11.29,120,9.77,140,8.02,160,7.12,180,6.9,200e,6.85,215e,6.67,230e,6.5
8/21/2021 7:00,1526.79,5,20.54,10,20.51,20,20.55,30,20.53,40,20.11,60,17.55,80,13.75,100,11.27,120,9.45,140,8.04,160,7.17,180,6.87,200e,6.8,215e,6.65,230e,6.5
8/21/2021 8:00,1526.81,5,20.55,10,20.52,20,20.54,30,20.52,40,20.51,60,17.79,80,14.14,100,11.33,120,9.54,140,8.09,160,7.1,180,6.86,200e,6.8,215e,6.65,230e,6.5
8/21/2021 9:00,1526.82,5,20.6,10,20.58,20,20.58,30,20.54,40,20.52,60,17.98,80,14.4,100,11.37,120,9.68,140,8.1,160,7.13,180,6.9,200e,6.84,215e,6.67,230e,6.5
8/21/2021 10:00,1526.83,5,20.62,10,20.61,20,20.6,30,20.55,40,20.5,60,17.88,80,14.35,100,11.28,120,9.38,140,8.1,160,7.13,180,6.92,200e,6.87,215e,6.68,230e,6.5
8/21/2021 11:00,1526.83,5,20.7,10,20.62,20,20.59,30,20.53,40,20.32,60,17.65,80,13.71,100,11.31,120,9.39,140,8.17,160,7.29,180,6.99,200e,6.92,215e,6.71,230e,6.5
8/21/2021 12:00,1526.8,5,20.66,10,20.65,20,20.61,30,20.53,40,20.35,60,17.52,80,13.96,100,11.39,120,9.64,140,8.37,160,7.41,180,7.04,200e,6.95,215e,6.72,230e,6.5
8/21/2021 13:00,1526.75,5,20.75,10,20.72,20,20.64,30,20.53,40,20.04,60,17.31,80,14.3,100,11.51,120,9.58,140,8.13,160,7.33,180,6.97,200e,6.88,215e,6.69,230e,6.5
8/21/2021 14:00,1526.68,5,20.75,10,20.78,20,20.65,30,20.54,40,20.05,60,16.78,80,13.88,100,11.4,120,9.81,140,8.36,160,7.37,180,7.01,200e,6.92,215e,6.71,230e,6.5
8/21/2021 15:00,1526.62,5,20.73,10,20.71,20,20.6,30,20.52,40,19.61,60,16.75,80,13.45,100,11.39,120,9.85,140,8.25,160,7.32,180,6.96,200e,6.87,215e,6.69,230e,6.5
8/21/2021 16:00,1526.57,5,20.72,10,20.7,20,20.61,30,20.54,40,19.57,60,16.82,80,13.39,100,11.4,120,9.87,140,8.22,160,7.31,180,6.97,200e,6.89,215e,6.69,230e,6.5
8/21/2021 17:00,1526.51,5,20.73,10,20.74,20,20.71,30,20.55,40,19.68,60,16.7,80,13.44,100,11.51,120,9.67,140,8.1,160,7.29,180,6.95,200e,6.87,215e,6.68,230e,6.5
8/21/2021 18:00,1526.45,5,20.66,10,20.65,20,20.67,30,20.55,40,20.1,60,16.69,80,13.43,100,11.68,120,9.61,140,7.92,160,7.3,180,6.94,200e,6.85,215e,6.68,230e,6.5
8/21/2021 19:00,1526.39,5,20.64,10,20.62,20,20.64,30,20.56,40,20.16,60,16.8,80,13.68,100,11.79,120,9.58,140,8.07,160,7.31,180,6.95,200e,6.86,215e,6.68,230e,6.5
8/21/2021 20:00,1526.33,5,20.61,10,20.59,20,20.62,30,20.56,40,20.33,60,17.15,80,14.07,100,11.97,120,10.31,140,8.19,160,7.39,180,6.93,200e,6.82,215e,6.66,230e,6.5
8/21/2021 21:00,1526.28,5,20.57,10,20.55,20,20.59,30,20.57,40,20.36,60,17.49,80,14.62,100,12.18,120,10.7,140,8.53,160,7.44,180,6.96,200e,6.84,215e,6.67,230e,6.5
8/21/2021 22:00,1526.27,5,20.55,10,20.54,20,20.57,30,20.55,40,20.24,60,17.46,80,14.89,100,12.38,120,10.85,140,8.76,160,7.57,180,7.01,200e,6.87,215e,6.69,230e,6.5
8/21/2021 23:00,1526.29,5,20.53,10,20.51,20,20.54,30,20.54,40,19.96,60,17.32,80,15.11,100,12.47,120,10.94,140,9.08,160,7.74,180,7.12,200e,6.97,215e,6.73,230e,6.5
8/22/2021 0:00,1526.31,5,20.52,10,20.5,20,20.52,30,20.51,40,19.95,60,17.11,80,15.07,100,12.47,120,10.75,140,8.85,160,7.58,180,7.1,200e,6.98,215e,6.74,230e,6.5
8/22/2021 1:00,1526.32,5,20.49,10,20.47,20,20.51,30,20.5,40,20.33,60,17.24,80,15.08,100,12.17,120,10.6,140,8.43,160,7.49,180,7.01,200e,6.89,215e,6.7,230e,6.5
8/22/2021 2:00,1526.34,5,20.48,10,20.46,20,20.5,30,20.48,40,20.39,60,17.1,80,15.05,100,11.92,120,10.36,140,8.14,160,7.25,180,6.93,200e,6.85,215e,6.68,230e,6.5
8/22/2021 3:00,1526.35,5,20.48,10,20.45,20,20.48,30,20.47,40,20.44,60,17.18,80,14.64,100,11.7,120,9.48,140,8.08,160,7.26,180,6.92,200e,6.84,215e,6.67,230e,6.5
8/22/2021 4:00,1526.36,5,20.44,10,20.41,20,20.46,30,20.45,40,20.45,60,17.32,80,14.78,100,11.59,120,9.22,140,7.79,160,7.09,180,6.88,200e,6.83,215e,6.66,230e,6.5
8/22/2021 5:00,1526.38,5,20.44,10,20.43,20,20.46,30,20.45,40,20.45,60,17.47,80,14.9,100,11.51,120,8.93,140,7.58,160,7.06,180,6.84,200e,6.79,215e,6.64,230e,6.5
8/22/2021 6:00,1526.39,5,20.44,10,20.42,20,20.46,30,20.44,40,20.44,60,17.63,80,15.18,100,11.33,120,8.6,140,7.49,160,6.98,180,6.8,200e,6.76,215e,6.63,230e,6.5
8/22/2021 7:00,1526.4,5,20.43,10,20.42,20,20.45,30,20.44,40,20.43,60,17.91,80,15.32,100,11.04,120,8.39,140,7.29,160,6.97,180,6.78,200e,6.73,215e,6.62,230e,6.5
8/22/2021 8:00,1526.43,5,20.45,10,20.44,20,20.47,30,20.45,40,20.44,60,18.03,80,15.45,100,11.11,120,8.3,140,7.3,160,6.93,180,6.79,200e,6.76,215e,6.63,230e,6.5
8/22/2021 9:00,1526.43,5,20.49,10,20.47,20,20.48,30,20.46,40,20.45,60,18.11,80,15.45,100,11.28,120,8.15,140,7.23,160,6.9,180,6.79,200e,6.76,215e,6.63,230e,6.5
8/22/2021 10:00,1526.44,5,20.48,10,20.48,20,20.5,30,20.47,40,20.43,60,18.03,80,15.39,100,11.39,120,8.42,140,7.22,160,6.9,180,6.79,200e,6.76,215e,6.63,230e,6.5
8/22/2021 11:00,1526.44,5,20.62,10,20.61,20,20.57,30,20.47,40,20.42,60,17.7,80,14.81,100,11.06,120,8.34,140,7.23,160,6.9,180,6.8,200e,6.78,215e,6.64,230e,6.5
8/22/2021 12:00,1526.39,5,20.64,10,20.62,20,20.56,30,20.44,40,20.39,60,17.31,80,14.68,100,10.75,120,8.45,140,7.34,160,6.94,180,6.83,200e,6.8,215e,6.65,230e,6.5
8/22/2021 13:00,1526.33,5,20.64,10,20.63,20,20.63,30,20.48,40,20.37,60,16.94,80,14.34,100,10.76,120,8.33,140,7.2,160,6.9,180,6.8,200e,6.78,215e,6.64,230e,6.5
8/22/2021 14:00,1526.28,5,20.7,10,20.67,20,20.51,30,20.43,40,20.36,60,16.45,80,13.86,100,10.84,120,8.42,140,7.27,160,6.91,180,6.79,200e,6.76,215e,6.63,230e,6.5
8/22/2021 15:00,1526.22,5,20.71,10,20.7,20,20.48,30,20.39,40,20.33,60,16.26,80,13.64,100,11,120,8.82,140,7.23,160,6.89,180,6.77,200e,6.74,215e,6.62,230e,6.5
8/22/2021 16:00,1526.16,5,20.66,10,20.62,20,20.48,30,20.39,40,18.24,60,16.19,80,13.69,100,11.44,120,9.56,140,7.51,160,6.99,180,6.78,200e,6.73,215e,6.61,230e,6.5
8/22/2021 17:00,1526.1,5,20.57,10,20.55,20,20.54,30,20.4,40,17.84,60,16.22,80,14.01,100,11.81,120,9.78,140,7.8,160,7.04,180,6.83,200e,6.78,215e,6.64,230e,6.5
8/22/2021 18:00,1526.04,5,20.5,10,20.5,20,20.51,30,20.37,40,17.86,60,16.49,80,14.48,100,12.12,120,10.12,140,8.46,160,7.34,180,6.92,200e,6.82,215e,6.66,230e,6.5
8/22/2021 19:00,1525.98,5,20.5,10,20.46,20,20.47,30,20.31,40,17.99,60,16.57,80,14.26,100,12.49,120,10.45,140,8.42,160,7.52,180,6.94,200e,6.8,215e,6.65,230e,6.5
8/22/2021 20:00,1525.93,5,20.43,10,20.41,20,20.45,30,20.24,40,18.12,60,16.73,80,14.95,100,12.65,120,10.35,140,8.67,160,7.38,180,6.94,200e,6.83,215e,6.67,230e,6.5
8/22/2021 21:00,1525.87,5,20.4,10,20.38,20,20.41,30,20.39,40,18.41,60,17,80,15.46,100,12.94,120,10.36,140,8.83,160,7.52,180,6.94,200e,6.8,215e,6.65,230e,6.5
8/22/2021 22:00,1525.87,5,20.41,10,20.37,20,20.41,30,20.33,40,18.75,60,17.25,80,16.07,100,13.25,120,10.23,140,8.81,160,7.78,180,7,200e,6.81,215e,6.65,230e,6.5
8/22/2021 23:00,1525.88,5,20.36,10,20.32,20,20.36,30,20.34,40,18.92,60,17.37,80,16.39,100,12.94,120,10.56,140,9.06,160,7.97,180,6.94,200e,6.68,215e,6.59,230e,6.5
8/23/2021 0:00,1525.89,5,20.34,10,20.3,20,20.33,30,20.32,40,18.92,60,17.72,80,16.09,100,12.87,120,10.47,140,9.15,160,7.83,180,6.97,200e,6.76,215e,6.63,230e,6.5
8/23/2021 1:00,1525.91,5,20.31,10,20.29,20,20.32,30,20.3,40,18.91,60,17.59,80,15.45,100,12.38,120,10.66,140,8.95,160,7.87,180,7.02,200e,6.81,215e,6.65,230e,6.5
8/23/2021 2:00,1525.92,5,20.28,10,20.25,20,20.28,30,20.27,40,18.96,60,17.5,80,15.01,100,12.3,120,10.26,140,8.72,160,7.8,180,7.13,200e,6.96,215e,6.73,230e,6.5
8/23/2021 3:00,1525.94,5,20.2,10,20.19,20,20.23,30,20.23,40,19.07,60,17.31,80,14.61,100,11.61,120,9.94,140,8.68,160,7.77,180,7.33,200e,7.22,215e,6.86,230e,6.5
8/23/2021 4:00,1525.95,5,20.24,10,20.19,20,20.23,30,20.22,40,19.06,60,17.16,80,14.1,100,11.46,120,9.86,140,8.7,160,7.77,180,7.18,200e,7.03,215e,6.77,230e,6.5
8/23/2021 5:00,1525.97,5,20.22,10,20.18,20,20.22,30,20.2,40,20.11,60,17.22,80,13.94,100,11.43,120,9.93,140,8.54,160,7.57,180,7.03,200e,6.9,215e,6.7,230e,6.5
8/23/2021 6:00,1525.98,5,20.17,10,20.16,20,20.19,30,20.18,40,20.16,60,17.33,80,14.14,100,11.32,120,9.86,140,8.36,160,7.27,180,6.95,200e,6.87,215e,6.69,230e,6.5
8/23/2021 7:00,1526,5,20.18,10,20.14,20,20.19,30,20.17,40,20.17,60,17.6,80,14.48,100,11.2,120,9.41,140,8.2,160,7.24,180,6.94,200e,6.87,215e,6.68,230e,6.5
8/23/2021 8:00,1526.01,5,20.26,10,20.21,20,20.23,30,20.19,40,20.16,60,17.94,80,14.91,100,11.12,120,9.33,140,8.11,160,7.27,180,6.97,200e,6.9,215e,6.7,230e,6.5
8/23/2021 9:00,1526.02,5,20.32,10,20.27,20,20.26,30,20.21,40,20.17,60,18.18,80,15.4,100,11.28,120,8.96,140,7.9,160,7.23,180,6.94,200e,6.87,215e,6.68,230e,6.5
8/23/2021 10:00,1526.03,5,20.66,10,20.37,20,20.32,30,20.25,40,20.19,60,18.5,80,15.5,100,11.37,120,8.75,140,7.79,160,7.18,180,6.93,200e,6.87,215e,6.68,230e,6.5
8/23/2021 11:00,1526.04,5,20.73,10,20.4,20,20.35,30,20.28,40,20.22,60,18.52,80,15.65,100,11.07,120,8.71,140,7.55,160,7.08,180,6.91,200e,6.87,215e,6.68,230e,6.5
8/23/2021 12:00,1525.99,5,20.68,10,20.44,20,20.38,30,20.29,40,20.2,60,18.55,80,15.39,100,10.84,120,8.76,140,7.5,160,7.04,180,6.89,200e,6.85,215e,6.68,230e,6.5
8/23/2021 13:00,1525.93,5,20.72,10,20.52,20,20.41,30,20.27,40,20.2,60,18.1,80,14.89,100,10.85,120,8.81,140,7.38,160,7.01,180,6.84,200e,6.8,215e,6.65,230e,6.5
8/23/2021 14:00,1525.87,5,20.72,10,20.43,20,20.36,30,20.27,40,20.19,60,17.48,80,14.71,100,10.61,120,8.63,140,7.41,160,6.99,180,6.8,200e,6.75,215e,6.63,230e,6.5
8/23/2021 15:00,1525.81,5,20.78,10,20.66,20,20.4,30,20.27,40,20.18,60,16.94,80,14.69,100,10.54,120,8.49,140,7.48,160,6.99,180,6.83,200e,6.79,215e,6.65,230e,6.5
8/23/2021 16:00,1525.75,5,20.81,10,20.68,20,20.39,30,20.22,40,20.17,60,16.62,80,14.34,100,10.5,120,8.5,140,7.56,160,7.06,180,6.83,200e,6.77,215e,6.64,230e,6.5
8/23/2021 17:00,1525.69,5,20.73,10,20.69,20,20.38,30,20.26,40,20.17,60,16.55,80,14.2,100,10.76,120,8.55,140,7.53,160,7.05,180,6.83,200e,6.78,215e,6.64,230e,6.5
8/23/2021 18:00,1525.63,5,20.6,10,20.58,20,20.37,30,20.28,40,20.18,60,16.61,80,14.3,100,10.84,120,8.93,140,7.53,160,7.03,180,6.85,200e,6.81,215e,6.65,230e,6.5
8/23/2021 19:00,1525.57,5,20.54,10,20.52,20,20.43,30,20.28,40,20.17,60,16.77,80,14.5,100,11.06,120,9.22,140,7.75,160,7.18,180,6.92,200e,6.86,215e,6.68,230e,6.5
8/23/2021 20:00,1525.51,5,20.46,10,20.43,20,20.46,30,20.27,40,20.17,60,16.72,80,14.88,100,11.35,120,9.41,140,8.19,160,7.31,180,6.93,200e,6.84,215e,6.67,230e,6.5
8/23/2021 21:00,1525.47,5,20.45,10,20.42,20,20.44,30,20.27,40,20.18,60,16.91,80,14.8,100,11.93,120,10.25,140,8.32,160,7.4,180,6.99,200e,6.89,215e,6.69,230e,6.5
8/23/2021 22:00,1525.46,5,20.42,10,20.41,20,20.41,30,20.31,40,20.2,60,16.9,80,15.18,100,12.22,120,10.57,140,8.83,160,7.62,180,7.11,200e,6.98,215e,6.74,230e,6.5
8/23/2021 23:00,1525.48,5,20.42,10,20.4,20,20.41,30,20.32,40,20.19,60,17.01,80,15.33,100,12.8,120,11.1,140,9.48,160,7.86,180,7.21,200e,7.05,215e,6.77,230e,6.5
8/24/2021 0:00,1525.49,5,20.38,10,20.35,20,20.39,30,20.27,40,20.18,60,16.86,80,15.7,100,13.08,120,11.09,140,9.89,160,8.23,180,7.27,200e,7.03,215e,6.77,230e,6.5
8/24/2021 1:00,1525.51,5,20.3,10,20.31,20,20.35,30,20.32,40,20.16,60,16.79,80,15.75,100,12.95,120,11.24,140,10,160,8.37,180,7.22,200e,6.93,215e,6.72,230e,6.5
8/24/2021 2:00,1525.52,5,20.31,10,20.26,20,20.31,30,20.31,40,20.23,60,16.87,80,15.68,100,12.85,120,11.05,140,9.83,160,8.08,180,7.25,200e,7.04,215e,6.77,230e,6.5
8/24/2021 3:00,1525.53,5,20.26,10,20.26,20,20.3,30,20.28,40,20.27,60,17.02,80,15.46,100,12.42,120,10.96,140,9.39,160,7.67,180,7.1,200e,6.96,215e,6.73,230e,6.5
8/24/2021 4:00,1525.55,5,20.23,10,20.23,20,20.26,30,20.24,40,20.25,60,17.1,80,15.34,100,12.01,120,10.45,140,8.86,160,7.64,180,7.06,200e,6.92,215e,6.71,230e,6.5
8/24/2021 5:00,1525.56,5,20.22,10,20.21,20,20.25,30,20.24,40,20.23,60,17.04,80,14.65,100,11.62,120,10.18,140,8.36,160,7.31,180,6.92,200e,6.82,215e,6.66,230e,6.5
8/24/2021 6:00,1525.58,5,20.2,10,20.19,20,20.23,30,20.22,40,20.22,60,17.07,80,14.62,100,11.29,120,9.73,140,8.2,160,7.14,180,6.87,200e,6.8,215e,6.65,230e,6.5
8/24/2021 7:00,1525.59,5,20.22,10,20.18,20,20.22,30,20.2,40,20.19,60,17.53,80,14.52,100,11.01,120,9.33,140,7.83,160,7.07,180,6.85,200e,6.8,215e,6.65,230e,6.5
8/24/2021 8:00,1525.61,5,20.22,10,20.19,20,20.22,30,20.19,40,20.19,60,18.04,80,14.79,100,11.1,120,9.44,140,7.73,160,7.01,180,6.83,200e,6.79,215e,6.64,230e,6.5
8/24/2021 9:00,1525.62,5,20.24,10,20.21,20,20.22,30,20.19,40,20.18,60,18.59,80,14.82,100,11.07,120,9.29,140,7.57,160,7.01,180,6.83,200e,6.79,215e,6.64,230e,6.5
8/24/2021 10:00,1525.62,5,20.33,10,20.28,20,20.3,30,20.2,40,20.17,60,19.92,80,15.03,100,11.04,120,9.28,140,7.49,160,7.05,180,6.84,200e,6.79,215e,6.64,230e,6.5
8/24/2021 11:00,1525.63,5,20.64,10,20.38,20,20.34,30,20.22,40,20.17,60,19.97,80,15.09,100,11,120,9.08,140,7.49,160,7.07,180,6.85,200e,6.8,215e,6.65,230e,6.5
8/24/2021 12:00,1525.58,5,20.61,10,20.42,20,20.34,30,20.28,40,20.17,60,19.98,80,14.95,100,10.87,120,8.99,140,7.55,160,7.03,180,6.84,200e,6.79,215e,6.65,230e,6.5
8/24/2021 13:00,1525.51,5,20.65,10,20.64,20,20.37,30,20.2,40,20.14,60,17.98,80,14.02,100,10.83,120,8.57,140,7.18,160,6.95,180,6.8,200e,6.76,215e,6.63,230e,6.5
8/24/2021 14:00,1525.44,5,20.66,10,20.6,20,20.35,30,20.16,40,20.15,60,17.31,80,14.19,100,10.83,120,8.35,140,7.19,160,6.93,180,6.79,200e,6.76,215e,6.63,230e,6.5
8/24/2021 15:00,1525.39,5,20.66,10,20.48,20,20.32,30,20.2,40,20.19,60,17.27,80,13.81,100,10.98,120,8.9,140,7.39,160,6.95,180,6.85,200e,6.83,215e,6.66,230e,6.5
8/24/2021 16:00,1525.34,5,20.6,10,20.53,20,20.36,30,20.22,40,20.12,60,16.97,80,13.63,100,11.23,120,8.93,140,7.61,160,7,180,6.83,200e,6.79,215e,6.64,230e,6.5
8/24/2021 17:00,1525.27,5,20.61,10,20.59,20,20.32,30,20.23,40,20.12,60,16.59,80,13.83,100,11.17,120,9.25,140,7.52,160,6.91,180,6.8,200e,6.77,215e,6.64,230e,6.5
8/24/2021 18:00,1525.23,5,20.49,10,20.47,20,20.31,30,20.22,40,20.12,60,16.55,80,13.64,100,11.55,120,9.65,140,7.49,160,6.93,180,6.82,200e,6.79,215e,6.65,230e,6.5
8/24/2021 19:00,1525.16,5,20.45,10,20.4,20,20.26,30,20.15,40,20.06,60,16.73,80,14.18,100,12.33,120,10.28,140,7.88,160,7.08,180,6.88,200e,6.83,215e,6.67,230e,6.5
8/24/2021 20:00,1525.1,5,20.39,10,20.36,20,20.26,30,20.15,40,18.78,60,16.72,80,14.71,100,12.87,120,10.45,140,8.43,160,7.29,180,6.89,200e,6.79,215e,6.65,230e,6.5
8/24/2021 21:00,1525.05,5,20.34,10,20.31,20,20.28,30,20.16,40,18.92,60,16.86,80,14.73,100,13.11,120,10.75,140,8.55,160,7.3,180,6.89,200e,6.79,215e,6.64,230e,6.5
8/24/2021 22:00,1525.05,5,20.32,10,20.28,20,20.26,30,20.2,40,19.08,60,17.03,80,15.09,100,13.24,120,10.72,140,8.45,160,7.28,180,6.9,200e,6.81,215e,6.65,230e,6.5
8/24/2021 23:00,1525.06,5,20.27,10,20.26,20,20.29,30,20.24,40,20.12,60,17.14,80,15.43,100,13.35,120,10.88,140,8.79,160,7.24,180,6.93,200e,6.85,215e,6.68,230e,6.5
8/25/2021 0:00,1525.07,5,20.25,10,20.23,20,20.26,30,20.22,40,20.04,60,17.52,80,16.02,100,13.74,120,10.9,140,8.79,160,7.38,180,6.97,200e,6.87,215e,6.68,230e,6.5
8/25/2021 1:00,1525.09,5,20.24,10,20.2,20,20.24,30,20.21,40,20.12,60,17.39,80,15.85,100,13.32,120,10.98,140,8.55,160,7.28,180,6.95,200e,6.87,215e,6.68,230e,6.5
8/25/2021 2:00,1525.1,5,20.22,10,20.19,20,20.23,30,20.21,40,18.79,60,17.36,80,15.62,100,13.13,120,10.86,140,8.34,160,7.21,180,6.91,200e,6.84,215e,6.67,230e,6.5
8/25/2021 3:00,1525.12,5,20.21,10,20.18,20,20.21,30,20.19,40,18.66,60,17.23,80,15.33,100,13.01,120,10.77,140,8.4,160,7.42,180,6.93,200e,6.81,215e,6.65,230e,6.5
8/25/2021 4:00,1525.13,5,20.2,10,20.16,20,20.19,30,20.17,40,18.54,60,17.17,80,15.27,100,12.96,120,10.57,140,8.46,160,7.41,180,7.05,200e,6.96,215e,6.73,230e,6.5
8/25/2021 5:00,1525.14,5,20.17,10,20.14,20,20.17,30,20.16,40,19.16,60,17.06,80,14.76,100,12.67,120,10.14,140,8.35,160,7.46,180,7.08,200e,6.99,215e,6.74,230e,6.5
8/25/2021 6:00,1525.16,5,20.15,10,20.11,20,20.15,30,20.13,40,18.79,60,17.28,80,14.58,100,12.24,120,9.94,140,8.27,160,7.33,180,6.95,200e,6.86,215e,6.68,230e,6.5
8/25/2021 7:00,1525.17,5,20.12,10,20.09,20,20.12,30,20.11,40,20.1,60,17.28,80,14.64,100,11.96,120,9.72,140,8.22,160,7.15,180,6.93,200e,6.88,215e,6.69,230e,6.5
8/25/2021 8:00,1525.19,5,20.16,10,20.12,20,20.14,30,20.12,40,20.11,60,17.48,80,14.88,100,12.37,120,9.66,140,7.81,160,7.23,180,6.98,200e,6.92,215e,6.71,230e,6.5
8/25/2021 9:00,1525.2,5,20.25,10,20.19,20,20.17,30,20.14,40,20.11,60,17.66,80,15.16,100,12.05,120,9.44,140,7.9,160,7.32,180,7,200e,6.92,215e,6.71,230e,6.5
8/25/2021 10:00,1525.21,5,20.31,10,20.19,20,20.17,30,20.13,40,20.11,60,17.88,80,15.25,100,11.48,120,8.93,140,7.93,160,7.18,180,6.97,200e,6.92,215e,6.71,230e,6.5
8/25/2021 11:00,1525.21,5,20.31,10,20.28,20,20.19,30,20.14,40,20.1,60,18.02,80,15.16,100,11.19,120,8.63,140,7.72,160,7.11,180,6.95,200e,6.91,215e,6.71,230e,6.5
8/25/2021 12:00,1525.16,5,20.35,10,20.3,20,20.22,30,20.15,40,20.11,60,18.05,80,14.95,100,10.86,120,8.65,140,7.62,160,7.09,180,6.89,200e,6.84,215e,6.67,230e,6.5
8/25/2021 13:00,1525.11,5,20.41,10,20.37,20,20.23,30,20.13,40,20.08,60,17.91,80,14.71,100,10.47,120,8.2,140,7.38,160,7.05,180,6.88,200e,6.84,215e,6.67,230e,6.5
8/25/2021 14:00,1525.05,5,20.47,10,20.44,20,20.21,30,20.12,40,20.07,60,17.63,80,14.6,100,10.35,120,8.03,140,7.32,160,7.02,180,6.88,200e,6.85,215e,6.67,230e,6.5
8/25/2021 15:00,1524.99,5,20.43,10,20.4,20,20.21,30,20.13,40,20.09,60,17.38,80,14.65,100,10.37,120,8.48,140,7.37,160,7.01,180,6.87,200e,6.84,215e,6.67,230e,6.5
8/25/2021 16:00,1524.94,5,20.44,10,20.4,20,20.21,30,20.13,40,20.06,60,17.21,80,14.51,100,11.04,120,8.59,140,7.49,160,6.98,180,6.85,200e,6.82,215e,6.66,230e,6.5
8/25/2021 17:00,1524.87,5,20.39,10,20.38,20,20.2,30,20.11,40,19.46,60,16.9,80,14.84,100,11.7,120,8.98,140,7.53,160,7.12,180,6.87,200e,6.81,215e,6.65,230e,6.5
8/25/2021 18:00,1524.82,5,20.25,10,20.24,20,20.24,30,20.08,40,18.76,60,16.87,80,14.93,100,11.62,120,9.25,140,7.71,160,7.2,180,6.94,200e,6.88,215e,6.69,230e,6.5
8/25/2021 19:00,1524.76,5,20.19,10,20.19,20,20.2,30,20.08,40,18.52,60,17.07,80,14.71,100,11.81,120,9.58,140,8.1,160,7.3,180,6.95,200e,6.86,215e,6.68,230e,6.5
8/25/2021 20:00,1524.7,5,20.13,10,20.14,20,20.17,30,20.08,40,18.86,60,17.12,80,15,100,12.38,120,9.65,140,8.29,160,7.53,180,7.07,200e,6.96,215e,6.73,230e,6.5
8/25/2021 21:00,1524.64,5,20.1,10,20.1,20,20.14,30,20.08,40,19.13,60,17.19,80,14.87,100,12.35,120,9.68,140,8.16,160,7.47,180,6.95,200e,6.82,215e,6.66,230e,6.5
8/25/2021 22:00,1524.63,5,20.08,10,20.07,20,20.11,30,20.09,40,18.97,60,17.12,80,15.14,100,12.28,120,9.92,140,8.42,160,7.46,180,7.01,200e,6.9,215e,6.7,230e,6.5
8/25/2021 23:00,1524.65,5,20.09,10,20.06,20,20.09,30,20.07,40,18.91,60,17.31,80,15.25,100,12.24,120,10.53,140,8.76,160,7.47,180,7.03,200e,6.92,215e,6.71,230e,6.5
8/26/2021 0:00,1524.66,5,20.08,10,20.04,20,20.08,30,20.05,40,19.06,60,17.32,80,15.8,100,12.3,120,10.47,140,9.28,160,8.01,180,7.26,200e,7.07,215e,6.79,230e,6.5
8/26/2021 1:00,1524.67,5,20.05,10,20.02,20,20.05,30,20.03,40,18.54,60,17.22,80,15.65,100,12.52,120,10.79,140,9.57,160,8.05,180,7.24,200e,7.04,215e,6.77,230e,6.5
8/26/2021 2:00,1524.69,5,20.04,10,20,20,20.05,30,20.01,40,18.65,60,17.25,80,15.2,100,13.05,120,11.15,140,9.01,160,7.79,180,7.31,200e,7.19,215e,6.85,230e,6.5
8/26/2021 3:00,1524.7,5,20.02,10,20,20,20.03,30,19.79,40,18.46,60,17.06,80,14.66,100,12.63,120,11.08,140,9.32,160,7.95,180,7.26,200e,7.09,215e,6.79,230e,6.5
8/26/2021 4:00,1524.72,5,20,10,19.97,20,20,30,19.6,40,18.38,60,16.99,80,14.79,100,12.46,120,10.36,140,9.25,160,7.91,180,7.23,200e,7.06,215e,6.78,230e,6.5
8/26/2021 5:00,1524.73,5,19.98,10,19.95,20,19.99,30,19.76,40,18.4,60,17.02,80,14.73,100,12.28,120,10.48,140,8.92,160,7.76,180,7.08,200e,6.91,215e,6.71,230e,6.5
8/26/2021 6:00,1524.75,5,19.96,10,19.93,20,19.98,30,19.94,40,18.59,60,17.07,80,14.64,100,12.34,120,10.3,140,8.68,160,7.39,180,6.95,200e,6.84,215e,6.67,230e,6.5
8/26/2021 7:00,1524.77,5,19.98,10,19.95,20,19.97,30,19.94,40,18.87,60,17.39,80,15.13,100,12.36,120,10.1,140,8.42,160,7.47,180,6.94,200e,6.81,215e,6.65,230e,6.5
8/26/2021 8:00,1524.78,5,19.99,10,19.97,20,19.99,30,19.95,40,19.48,60,17.62,80,15.32,100,12.31,120,9.98,140,8.06,160,7.46,180,6.93,200e,6.8,215e,6.65,230e,6.5
8/26/2021 9:00,1524.79,5,20,10,19.97,20,20,30,19.96,40,19.95,60,18.02,80,15.75,100,12.2,120,9.8,140,8.13,160,7.26,180,6.93,200e,6.85,215e,6.67,230e,6.5
8/26/2021 10:00,1524.8,5,20.2,10,20.04,20,20.03,30,19.99,40,19.97,60,18.13,80,16.01,100,12.15,120,9.52,140,7.85,160,7.09,180,6.83,200e,6.77,215e,6.63,230e,6.5
8/26/2021 11:00,1524.8,5,20.26,10,20.15,20,20.05,30,19.99,40,19.96,60,18.16,80,16.13,100,11.52,120,9.25,140,7.5,160,7.03,180,6.83,200e,6.78,215e,6.64,230e,6.5
8/26/2021 12:00,1524.77,5,20.34,10,20.19,20,20.09,30,20.04,40,19.99,60,18.34,80,15.75,100,10.99,120,8.99,140,7.45,160,7.07,180,6.84,200e,6.78,215e,6.64,230e,6.5
8/26/2021 13:00,1524.7,5,20.38,10,20.16,20,20.12,30,20.02,40,19.98,60,18.33,80,15.79,100,10.93,120,8.64,140,7.35,160,7,180,6.81,200e,6.76,215e,6.63,230e,6.5
8/26/2021 14:00,1524.64,5,20.34,10,20.23,20,20.07,30,20.01,40,19.97,60,18.03,80,15.63,100,10.86,120,8.8,140,7.29,160,6.94,180,6.8,200e,6.77,215e,6.63,230e,6.5
8/26/2021 15:00,1524.59,5,20.41,10,20.26,20,20.17,30,20.02,40,19.97,60,17.91,80,15.43,100,10.96,120,9.12,140,7.33,160,6.93,180,6.83,200e,6.81,215e,6.65,230e,6.5
8/26/2021 16:00,1524.53,5,20.34,10,20.25,20,20.11,30,20.01,40,19.97,60,17.79,80,15.5,100,11.02,120,8.88,140,7.36,160,6.95,180,6.81,200e,6.78,215e,6.64,230e,6.5
8/26/2021 17:00,1524.47,5,20.29,10,20.27,20,20.09,30,19.99,40,19.96,60,17.65,80,15.28,100,10.99,120,8.75,140,7.33,160,6.96,180,6.83,200e,6.8,215e,6.65,230e,6.5
8/26/2021 18:00,1524.41,5,20.19,10,20.19,20,20.12,30,20,40,19.95,60,17.54,80,14.98,100,10.93,120,8.95,140,7.39,160,6.98,180,6.86,200e,6.83,215e,6.67,230e,6.5
8/26/2021 19:00,1524.35,5,20.17,10,20.13,20,20.1,30,20.03,40,19.96,60,17.2,80,15.07,100,11.09,120,9.05,140,7.41,160,6.98,180,6.83,200e,6.79,215e,6.65,230e,6.5
8/26/2021 20:00,1524.27,5,20.11,10,20.09,20,20.12,30,20.03,40,19.96,60,17.23,80,15.12,100,11.23,120,9.43,140,7.62,160,7.06,180,6.85,200e,6.8,215e,6.65,230e,6.5
8/26/2021 21:00,1524.22,5,20.11,10,20.07,20,20.1,30,20.01,40,19.96,60,17.43,80,15.26,100,11.57,120,9.75,140,7.91,160,7.2,180,6.87,200e,6.79,215e,6.64,230e,6.5
8/26/2021 22:00,1524.22,5,20.07,10,20.04,20,20.08,30,20.03,40,19.96,60,17.11,80,15.23,100,11.71,120,9.71,140,8.1,160,7.2,180,6.9,200e,6.83,215e,6.66,230e,6.5
8/26/2021 23:00,1524.23,5,20.05,10,20.02,20,20.06,30,20.01,40,19.96,60,17.16,80,14.99,100,11.95,120,10.3,140,8.56,160,7.34,180,7,200e,6.92,215e,6.71,230e,6.5
8/27/2021 0:00,1524.24,5,20.03,10,20,20,20.04,30,20.01,40,19.95,60,16.99,80,14.87,100,12.34,120,10.63,140,8.72,160,7.33,180,6.97,200e,6.88,215e,6.69,230e,6.5
8/27/2021 1:00,1524.25,5,20.01,10,19.99,20,20.03,30,19.99,40,19.68,60,16.95,80,15.21,100,12.66,120,10.92,140,9.09,160,7.51,180,7.07,200e,6.96,215e,6.73,230e,6.5
8/27/2021 2:00,1524.27,5,20.01,10,19.98,20,20.01,30,19.98,40,19.02,60,16.89,80,14.92,100,12.61,120,10.83,140,9.21,160,7.66,180,7.11,200e,6.97,215e,6.74,230e,6.5
8/27/2021 3:00,1524.28,5,19.98,10,19.97,20,19.99,30,19.97,40,18.51,60,16.55,80,14.96,100,12.45,120,10.88,140,9.02,160,7.51,180,7.12,200e,7.02,215e,6.76,230e,6.5
8/27/2021 4:00,1524.3,5,19.97,10,19.94,20,19.98,30,19.95,40,18.33,60,16.53,80,14.88,100,12.52,120,11.02,140,8.68,160,7.46,180,7.03,200e,6.92,215e,6.71,230e,6.5
8/27/2021 5:00,1524.31,5,19.93,10,19.92,20,19.96,30,19.94,40,18.21,60,16.56,80,14.62,100,12.72,120,10.91,140,8.75,160,7.49,180,6.98,200e,6.85,215e,6.68,230e,6.5
8/27/2021 6:00,1524.33,5,19.93,10,19.9,20,19.94,30,19.93,40,18.28,60,16.58,80,14.9,100,12.61,120,10.77,140,8.65,160,7.52,180,7.04,200e,6.92,215e,6.71,230e,6.5
8/27/2021 7:00,1524.35,5,19.92,10,19.91,20,19.93,30,19.91,40,18.18,60,16.65,80,14.9,100,12.3,120,10.67,140,8.51,160,7.36,180,6.98,200e,6.89,215e,6.69,230e,6.5
8/27/2021 8:00,1524.36,5,19.89,10,19.88,20,19.92,30,19.89,40,18.08,60,16.74,80,15.04,100,12.37,120,10.61,140,8.42,160,7.42,180,6.98,200e,6.87,215e,6.69,230e,6.5
8/27/2021 9:00,1524.37,5,19.94,10,19.92,20,19.94,30,19.61,40,18.13,60,16.97,80,15.04,100,12.62,120,10.63,140,8.45,160,7.4,180,7.01,200e,6.91,215e,6.71,230e,6.5
8/27/2021 10:00,1524.38,5,19.96,10,19.95,20,19.94,30,19,40,18.34,60,17.05,80,15.33,100,12.65,120,10.52,140,8.35,160,7.33,180,7.02,200e,6.94,215e,6.72,230e,6.5
8/27/2021 11:00,1524.39,5,20.05,10,20.01,20,19.96,30,18.91,40,18.19,60,17.08,80,15.38,100,12.89,120,10.32,140,8.32,160,7.35,180,7.03,200e,6.95,215e,6.73,230e,6.5
8/27/2021 12:00,1524.34,5,20.11,10,20.07,20,19.95,30,18.92,40,18.23,60,17.15,80,15.62,100,12.92,120,10.29,140,8.17,160,7.38,180,7.04,200e,6.96,215e,6.73,230e,6.5
8/27/2021 13:00,1524.28,5,20.18,10,20.18,20,19.98,30,18.86,40,18.35,60,17.18,80,15.7,100,12.66,120,9.98,140,8.08,160,7.35,180,7,200e,6.91,215e,6.71,230e,6.5
8/27/2021 14:00,1524.22,5,20.24,10,20.24,20,19.99,30,18.92,40,18.37,60,17.27,80,15.73,100,12.25,120,9.98,140,7.79,160,7.21,180,6.96,200e,6.9,215e,6.7,230e,6.5
8/27/2021 15:00,1524.17,5,20.27,10,20.09,20,19.93,30,18.86,40,18.46,60,17.29,80,15.65,100,12.02,120,9.49,140,7.53,160,7.14,180,6.9,200e,6.84,215e,6.67,230e,6.5
8/27/2021 16:00,1524.11,5,20.28,10,20.25,20,19.89,30,18.99,40,18.49,60,17.43,80,15.8,100,11.76,120,9.11,140,7.54,160,7.07,180,6.87,200e,6.82,215e,6.66,230e,6.5
8/27/2021 17:00,1524.04,5,20.21,10,20.21,20,19.89,30,19.14,40,18.51,60,17.58,80,15.93,100,11.55,120,8.87,140,7.49,160,7.09,180,6.92,200e,6.88,215e,6.69,230e,6.5
8/27/2021 18:00,1523.99,5,20.08,10,20.06,20,19.96,30,19.24,40,18.61,60,17.76,80,15.94,100,11.48,120,8.93,140,7.52,160,7.09,180,6.87,200e,6.82,215e,6.66,230e,6.5
8/27/2021 19:00,1523.92,5,20.11,10,20,20,19.88,30,19.26,40,18.78,60,17.83,80,16.01,100,11.84,120,9.08,140,7.52,160,7.11,180,6.89,200e,6.84,215e,6.67,230e,6.5
8/27/2021 20:00,1523.86,5,20.08,10,19.96,20,19.92,30,19.34,40,18.99,60,17.85,80,16.19,100,12.28,120,9.04,140,7.53,160,7.12,180,6.89,200e,6.83,215e,6.67,230e,6.5
8/27/2021 21:00,1523.81,5,20.02,10,19.98,20,19.97,30,19.69,40,18.9,60,17.95,80,16.33,100,12.49,120,9.2,140,7.55,160,7.09,180,6.89,200e,6.84,215e,6.67,230e,6.5
8/27/2021 22:00,1523.81,5,19.96,10,19.93,20,19.95,30,19.78,40,19.15,60,18.05,80,16.17,100,12.31,120,9.38,140,7.78,160,7.16,180,6.91,200e,6.85,215e,6.67,230e,6.5
8/27/2021 23:00,1523.83,5,19.93,10,19.92,20,19.95,30,19.89,40,19.31,60,18.25,80,16.22,100,12.49,120,9.67,140,7.77,160,7.08,180,6.89,200e,6.84,215e,6.67,230e,6.5
8/28/2021 0:00,1523.84,5,19.91,10,19.9,20,19.94,30,19.91,40,19.44,60,18.59,80,16.1,100,12.52,120,9.99,140,7.76,160,7.17,180,6.94,200e,6.88,215e,6.69,230e,6.5
8/28/2021 1:00,1523.85,5,19.91,10,19.88,20,19.92,30,19.89,40,19.64,60,18.29,80,16.08,100,12.53,120,9.96,140,7.88,160,7.15,180,6.87,200e,6.8,215e,6.65,230e,6.5
8/28/2021 2:00,1523.87,5,19.86,10,19.87,20,19.91,30,19.88,40,19.82,60,18.41,80,15.91,100,12.65,120,9.75,140,7.93,160,7.15,180,6.9,200e,6.84,215e,6.67,230e,6.5
8/28/2021 3:00,1523.88,5,19.83,10,19.84,20,19.88,30,19.87,40,19.87,60,18.26,80,15.8,100,12.34,120,10,140,7.95,160,7.23,180,6.93,200e,6.86,215e,6.68,230e,6.5
8/28/2021 4:00,1523.9,5,19.83,10,19.85,20,19.88,30,19.87,40,19.85,60,18.39,80,15.72,100,12.53,120,9.87,140,7.73,160,7.13,180,6.92,200e,6.87,215e,6.68,230e,6.5
8/28/2021 5:00,1523.91,5,19.8,10,19.82,20,19.87,30,19.85,40,19.85,60,18.51,80,15.61,100,12.32,120,9.55,140,7.71,160,7.15,180,6.9,200e,6.84,215e,6.67,230e,6.5
8/28/2021 6:00,1523.93,5,19.79,10,19.8,20,19.83,30,19.83,40,19.83,60,18.46,80,15.58,100,11.98,120,9.37,140,7.72,160,7.13,180,6.9,200e,6.84,215e,6.67,230e,6.5
8/28/2021 7:00,1523.94,5,19.81,10,19.79,20,19.83,30,19.82,40,19.81,60,18.57,80,15.57,100,12.06,120,9.37,140,7.97,160,7.19,180,6.89,200e,6.82,215e,6.66,230e,6.5
8/28/2021 8:00,1523.95,5,19.78,10,19.78,20,19.8,30,19.78,40,19.79,60,19.15,80,15.45,100,11.91,120,9.58,140,8.31,160,7.3,180,6.95,200e,6.86,215e,6.68,230e,6.5
8/28/2021 9:00,1523.96,5,19.83,10,19.79,20,19.82,30,19.79,40,19.79,60,19.11,80,15.47,100,11.73,120,9.79,140,8.18,160,7.3,180,7.01,200e,6.94,215e,6.72,230e,6.5
8/28/2021 10:00,1523.98,5,19.89,10,19.85,20,19.85,30,19.8,40,19.78,60,19.58,80,15.19,100,11.61,120,9.91,140,8.18,160,7.35,180,7.03,200e,6.95,215e,6.73,230e,6.5
8/28/2021 11:00,1523.98,5,20.1,10,19.94,20,19.94,30,19.82,40,19.79,60,19.56,80,15.31,100,11.41,120,10.02,140,8.45,160,7.44,180,7.06,200e,6.97,215e,6.73,230e,6.5
8/28/2021 12:00,1523.93,5,20.13,10,19.94,20,19.89,30,19.82,40,19.79,60,19.6,80,15.28,100,11.4,120,9.92,140,8.41,160,7.44,180,7.06,200e,6.97,215e,6.73,230e,6.5
8/28/2021 13:00,1523.87,5,20.2,10,19.98,20,19.91,30,19.82,40,19.76,60,19.08,80,15.02,100,11.48,120,9.83,140,8.21,160,7.33,180,7.06,200e,6.99,215e,6.75,230e,6.5
8/28/2021 14:00,1523.8,5,20.19,10,20.08,20,19.89,30,19.78,40,19.75,60,17.46,80,14.25,100,11.56,120,9.9,140,8.43,160,7.41,180,7.04,200e,6.95,215e,6.72,230e,6.5
8/28/2021 15:00,1523.74,5,20.23,10,20.06,20,19.88,30,19.79,40,19.75,60,17.33,80,14.05,100,11.72,120,9.87,140,8.66,160,7.48,180,7.04,200e,6.93,215e,6.72,230e,6.5
8/28/2021 16:00,1523.68,5,20.18,10,20.16,20,19.89,30,19.8,40,19.76,60,17.23,80,14.26,100,12.05,120,9.96,140,8.87,160,7.65,180,7.11,200e,6.98,215e,6.74,230e,6.5
8/28/2021 17:00,1523.62,5,20.12,10,20.08,20,19.89,30,19.81,40,19.78,60,16.76,80,13.96,100,11.79,120,10.03,140,8.8,160,7.51,180,7.01,200e,6.89,215e,6.69,230e,6.5
8/28/2021 18:00,1523.57,5,20.1,10,20.02,20,19.89,30,19.82,40,19.74,60,16.34,80,14.05,100,12.01,120,10.18,140,8.76,160,7.46,180,6.99,200e,6.87,215e,6.69,230e,6.5
8/28/2021 19:00,1523.51,5,20.17,10,19.96,20,19.86,30,19.8,40,19.74,60,16.43,80,14.41,100,12.23,120,10.64,140,9.1,160,7.63,180,7.05,200e,6.91,215e,6.7,230e,6.5
8/28/2021 20:00,1523.45,5,20.08,10,19.9,20,19.86,30,19.82,40,19.75,60,16.85,80,14.91,100,12.55,120,10.92,140,9.36,160,7.79,180,7.11,200e,6.94,215e,6.72,230e,6.5
8/28/2021 21:00,1523.41,5,20.02,10,19.93,20,19.88,30,19.84,40,19.77,60,17,80,15.12,100,12.92,120,11.23,140,9.24,160,7.78,180,7.07,200e,6.89,215e,6.7,230e,6.5
8/28/2021 22:00,1523.4,5,19.94,10,19.92,20,19.88,30,19.81,40,19.75,60,17.22,80,15.45,100,13.08,120,11.37,140,9.29,160,7.88,180,7.1,200e,6.91,215e,6.7,230e,6.5
8/28/2021 23:00,1523.41,5,19.89,10,19.87,20,19.88,30,19.81,40,19.77,60,17.27,80,15.51,100,13.4,120,11.42,140,9.43,160,7.92,180,7.09,200e,6.88,215e,6.69,230e,6.5
8/29/2021 0:00,1523.43,5,19.87,10,19.84,20,19.87,30,19.86,40,19.79,60,17.46,80,15.81,100,13.91,120,11.51,140,9.29,160,7.73,180,7.06,200e,6.89,215e,6.7,230e,6.5
8/29/2021 1:00,1523.44,5,19.86,10,19.85,20,19.89,30,19.86,40,19.84,60,17.41,80,15.86,100,13.6,120,11.11,140,9.14,160,7.53,180,7,200e,6.87,215e,6.68,230e,6.5
8/29/2021 2:00,1523.46,5,19.84,10,19.83,20,19.87,30,19.86,40,19.83,60,17.25,80,15.55,100,13.08,120,10.86,140,8.88,160,7.35,180,6.99,200e,6.9,215e,6.7,230e,6.5
8/29/2021 3:00,1523.47,5,19.83,10,19.8,20,19.85,30,19.83,40,19.83,60,17.25,80,15.53,100,12.72,120,10.46,140,8.54,160,7.25,180,6.98,200e,6.91,215e,6.71,230e,6.5
8/29/2021 4:00,1523.48,5,19.81,10,19.79,20,19.84,30,19.82,40,19.82,60,17.37,80,15.53,100,12.35,120,10.27,140,8.44,160,7.27,180,6.93,200e,6.85,215e,6.67,230e,6.5
8/29/2021 5:00,1523.5,5,19.8,10,19.8,20,19.83,30,19.82,40,19.81,60,17.43,80,15.31,100,12.25,120,9.86,140,8.25,160,7.23,180,6.97,200e,6.91,215e,6.7,230e,6.5
8/29/2021 6:00,1523.51,5,19.8,10,19.79,20,19.82,30,19.8,40,19.8,60,17.54,80,15.25,100,12.01,120,9.49,140,7.9,160,7.11,180,6.9,200e,6.85,215e,6.67,230e,6.5
8/29/2021 7:00,1523.52,5,19.79,10,19.76,20,19.81,30,19.79,40,19.79,60,17.8,80,15.4,100,12,120,9.45,140,7.77,160,7.04,180,6.85,200e,6.8,215e,6.65,230e,6.5
8/29/2021 8:00,1523.53,5,19.81,10,19.79,20,19.83,30,19.8,40,19.78,60,17.95,80,15.71,100,11.91,120,9.17,140,7.79,160,7.07,180,6.87,200e,6.82,215e,6.66,230e,6.5
8/29/2021 9:00,1523.54,5,19.87,10,19.84,20,19.86,30,19.8,40,19.79,60,19.69,80,15.88,100,11.87,120,9.2,140,7.66,160,7.05,180,6.87,200e,6.83,215e,6.66,230e,6.5
8/29/2021 10:00,1523.55,5,19.92,10,19.84,20,19.85,30,19.79,40,19.77,60,19.72,80,15.8,100,12.06,120,8.95,140,7.44,160,7.07,180,6.86,200e,6.81,215e,6.65,230e,6.5
8/29/2021 11:00,1523.56,5,20.14,10,19.95,20,19.89,30,19.8,40,19.79,60,19.71,80,15.72,100,12.18,120,8.76,140,7.32,160,7.02,180,6.87,200e,6.83,215e,6.67,230e,6.5
8/29/2021 12:00,1523.52,5,20.11,10,19.98,20,19.92,30,19.85,40,19.8,60,19.66,80,15.62,100,12.08,120,8.74,140,7.36,160,7.04,180,6.88,200e,6.84,215e,6.67,230e,6.5
8/29/2021 13:00,1523.46,5,20.2,10,20.13,20,19.93,30,19.86,40,19.76,60,17.97,80,15.46,100,12.07,120,8.85,140,7.36,160,7.03,180,6.87,200e,6.83,215e,6.67,230e,6.5
8/29/2021 14:00,1523.39,5,20.34,10,20.05,20,19.92,30,19.77,40,19.74,60,17.24,80,15.56,100,12.17,120,8.81,140,7.31,160,7,180,6.84,200e,6.8,215e,6.65,230e,6.5
8/29/2021 15:00,1523.33,5,20.41,10,20.18,20,19.97,30,19.77,40,19.74,60,17.11,80,15.45,100,12.25,120,8.93,140,7.33,160,6.97,180,6.83,200e,6.8,215e,6.65,230e,6.5
8/29/2021 16:00,1523.27,5,20.42,10,20.18,20,19.99,30,19.8,40,19.73,60,16.98,80,15.57,100,12.5,120,9.11,140,7.25,160,6.94,180,6.81,200e,6.78,215e,6.64,230e,6.5
8/29/2021 17:00,1523.21,5,20.35,10,20.19,20,19.97,30,19.84,40,19.75,60,16.77,80,15.53,100,12.51,120,9.56,140,7.22,160,6.88,180,6.79,200e,6.77,215e,6.63,230e,6.5
8/29/2021 18:00,1523.15,5,20.29,10,20.09,20,19.97,30,19.83,40,19.73,60,16.68,80,15.46,100,12.97,120,9.83,140,7.58,160,6.95,180,6.81,200e,6.78,215e,6.64,230e,6.5
8/29/2021 19:00,1523.1,5,20.21,10,20.18,20,19.98,30,19.83,40,19.73,60,16.8,80,15.58,100,13.33,120,9.6,140,7.7,160,7.04,180,6.84,200e,6.79,215e,6.65,230e,6.5
8/29/2021 20:00,1523.02,5,20.17,10,20.11,20,19.93,30,19.78,40,19.73,60,16.82,80,15.68,100,13.1,120,10.07,140,7.73,160,7.05,180,6.85,200e,6.8,215e,6.65,230e,6.5
8/29/2021 21:00,1522.97,5,20.13,10,20.1,20,19.98,30,19.79,40,19.74,60,16.93,80,15.73,100,13.04,120,10.36,140,7.88,160,7.16,180,6.87,200e,6.8,215e,6.65,230e,6.5
8/29/2021 22:00,1522.98,5,20.14,10,20.11,20,20.02,30,19.83,40,19.74,60,16.95,80,15.79,100,12.97,120,10.93,140,8.04,160,7.08,180,6.87,200e,6.82,215e,6.66,230e,6.5
8/29/2021 23:00,1522.99,5,20.13,10,20.1,20,20.02,30,19.83,40,19.73,60,17.02,80,15.91,100,13.25,120,10.9,140,8.18,160,7.27,180,6.93,200e,6.85,215e,6.67,230e,6.5
8/30/2021 0:00,1523,5,20.11,10,20.07,20,20,30,19.85,40,19.73,60,17,80,15.96,100,13.64,120,10.67,140,8.76,160,7.2,180,6.96,200e,6.9,215e,6.7,230e,6.5
8/30/2021 1:00,1523.01,5,20.07,10,20.04,20,20,30,19.85,40,19.72,60,17.05,80,16,100,13.29,120,10.84,140,9,160,7.43,180,7.01,200e,6.91,215e,6.7,230e,6.5
8/30/2021 2:00,1523.02,5,20,10,20,20,19.97,30,19.83,40,19.05,60,17.04,80,15.86,100,13.23,120,11.13,140,9.01,160,7.41,180,7.01,200e,6.91,215e,6.71,230e,6.5
8/30/2021 3:00,1523.03,5,19.94,10,19.94,20,19.98,30,19.8,40,18.58,60,16.9,80,15.7,100,13.18,120,11.33,140,9.34,160,7.61,180,7.04,200e,6.9,215e,6.7,230e,6.5
8/30/2021 4:00,1523.04,5,19.85,10,19.9,20,19.93,30,19.8,40,18.4,60,16.95,80,15.62,100,13.02,120,11,140,9.27,160,7.71,180,7.12,200e,6.97,215e,6.74,230e,6.5
8/30/2021 5:00,1523.06,5,19.88,10,19.86,20,19.89,30,19.77,40,18.09,60,16.9,80,15.51,100,12.63,120,10.53,140,9.08,160,7.7,180,7.19,200e,7.06,215e,6.78,230e,6.5
8/30/2021 6:00,1523.07,5,19.84,10,19.83,20,19.85,30,19.81,40,18.13,60,17,80,15.3,100,12.32,120,10.1,140,8.7,160,7.66,180,7.16,200e,7.04,215e,6.77,230e,6.5
8/30/2021 7:00,1523.08,5,19.82,10,19.8,20,19.82,30,19.75,40,18.28,60,17.03,80,15.16,100,12.11,120,9.92,140,8.51,160,7.33,180,7.03,200e,6.96,215e,6.73,230e,6.5
8/30/2021 8:00,1523.09,5,19.75,10,19.75,20,19.79,30,19.77,40,18.53,60,17.1,80,15.48,100,11.91,120,9.54,140,8.38,160,7.3,180,7.05,200e,6.99,215e,6.74,230e,6.5
8/30/2021 9:00,1523.11,5,19.78,10,19.75,20,19.78,30,19.77,40,18.59,60,17.24,80,15.83,100,11.81,120,9.45,140,8.26,160,7.37,180,7.03,200e,6.95,215e,6.72,230e,6.5
8/30/2021 10:00,1523.12,5,19.77,10,19.75,20,19.78,30,19.76,40,18.81,60,17.25,80,15.95,100,11.76,120,9.4,140,8.11,160,7.34,180,7.06,200e,6.99,215e,6.75,230e,6.5
8/30/2021 11:00,1523.12,5,19.78,10,19.79,20,19.78,30,19.73,40,18.93,60,17.25,80,16.11,100,11.71,120,9.33,140,8.02,160,7.33,180,7,200e,6.92,215e,6.71,230e,6.5
8/30/2021 12:00,1523.08,5,19.81,10,19.8,20,19.78,30,19.74,40,18.8,60,17.27,80,16.17,100,11.85,120,9.23,140,7.93,160,7.24,180,7,200e,6.94,215e,6.72,230e,6.5
8/30/2021 13:00,1523.03,5,19.86,10,19.86,20,19.83,30,19.7,40,18.77,60,17.29,80,16.18,100,11.42,120,8.85,140,7.82,160,7.18,180,6.99,200e,6.94,215e,6.72,230e,6.5
8/30/2021 14:00,1522.97,5,19.93,10,19.91,20,19.81,30,19.66,40,18.55,60,17.27,80,16.15,100,11.37,120,8.76,140,7.78,160,7.17,180,6.94,200e,6.88,215e,6.69,230e,6.5
8/30/2021 15:00,1522.91,5,19.93,10,19.9,20,19.77,30,19.24,40,18.52,60,17.34,80,16.27,100,11.9,120,9.12,140,7.77,160,7.18,180,6.94,200e,6.88,215e,6.69,230e,6.5
8/30/2021 16:00,1522.85,5,19.89,10,19.9,20,19.75,30,19.36,40,18.58,60,17.32,80,16.38,100,12.65,120,9.67,140,7.88,160,7.19,180,6.94,200e,6.88,215e,6.69,230e,6.5
8/30/2021 17:00,1522.79,5,19.86,10,19.86,20,19.69,30,18.88,40,18.4,60,17.31,80,16.33,100,13.08,120,10.04,140,8.08,160,7.27,180,6.95,200e,6.87,215e,6.69,230e,6.5
8/30/2021 18:00,1522.73,5,19.81,10,19.8,20,19.79,30,18.65,40,18.45,60,17.3,80,16.22,100,12.7,120,9.97,140,8.22,160,7.28,180,6.95,200e,6.87,215e,6.68,230e,6.5
8/30/2021 19:00,1522.67,5,19.81,10,19.77,20,19.76,30,18.83,40,18.51,60,17.45,80,16.3,100,13.09,120,10.13,140,8.61,160,7.42,180,6.97,200e,6.86,215e,6.68,230e,6.5
8/30/2021 20:00,1522.61,5,19.76,10,19.73,20,19.75,30,19.15,40,18.43,60,17.49,80,16.24,100,13.13,120,10.04,140,8.25,160,7.39,180,6.96,200e,6.85,215e,6.68,230e,6.5
8/30/2021 21:00,1522.54,5,19.7,10,19.69,20,19.71,30,19.29,40,18.62,60,17.61,80,16.35,100,13.11,120,10.41,140,8.4,160,7.39,180,7,200e,6.9,215e,6.7,230e,6.5
8/30/2021 22:00,1522.54,5,19.67,10,19.65,20,19.69,30,19.65,40,18.62,60,17.64,80,16.17,100,12.69,120,10.2,140,8.5,160,7.39,180,7.01,200e,6.92,215e,6.71,230e,6.5
8/30/2021 23:00,1522.55,5,19.64,10,19.62,20,19.66,30,19.65,40,18.92,60,17.73,80,15.83,100,12.64,120,10.32,140,8.68,160,7.51,180,7.03,200e,6.91,215e,6.71,230e,6.5
8/31/2021 0:00,1522.56,5,19.61,10,19.6,20,19.64,30,19.62,40,19.39,60,17.86,80,16.03,100,12.76,120,10.3,140,8.92,160,7.65,180,7.11,200e,6.98,215e,6.74,230e,6.5
8/31/2021 1:00,1522.58,5,19.6,10,19.59,20,19.63,30,19.62,40,19.5,60,17.9,80,15.87,100,12.58,120,10.5,140,8.71,160,7.59,180,7.08,200e,6.95,215e,6.73,230e,6.5
8/31/2021 2:00,1522.59,5,19.59,10,19.58,20,19.62,30,19.61,40,19.48,60,17.82,80,15.79,100,12.56,120,10.57,140,8.61,160,7.39,180,6.99,200e,6.89,215e,6.7,230e,6.5
8/31/2021 3:00,1522.6,5,19.6,10,19.56,20,19.61,30,19.6,40,19.53,60,17.74,80,15.73,100,12.38,120,10.38,140,8.57,160,7.41,180,7.02,200e,6.92,215e,6.71,230e,6.5
8/31/2021 4:00,1522.61,5,19.57,10,19.56,20,19.6,30,19.59,40,19.57,60,17.79,80,15.58,100,12.44,120,10.13,140,8.43,160,7.35,180,6.97,200e,6.88,215e,6.69,230e,6.5
8/31/2021 5:00,1522.63,5,19.57,10,19.54,20,19.58,30,19.56,40,19.53,60,18.07,80,15.6,100,12.4,120,10.12,140,8.3,160,7.25,180,6.97,200e,6.9,215e,6.7,230e,6.5
8/31/2021 6:00,1522.65,5,19.56,10,19.54,20,19.57,30,19.56,40,19.51,60,18.03,80,15.61,100,12.3,120,9.88,140,7.98,160,7.11,180,6.9,200e,6.85,215e,6.67,230e,6.5
8/31/2021 7:00,1522.66,5,19.56,10,19.53,20,19.56,30,19.53,40,19.5,60,18,80,15.41,100,12.3,120,9.85,140,7.92,160,7.07,180,6.88,200e,6.83,215e,6.67,230e,6.5
8/31/2021 8:00,1522.67,5,19.55,10,19.53,20,19.56,30,19.53,40,19.51,60,18.03,80,15.62,100,12.45,120,9.87,140,7.84,160,7.05,180,6.89,200e,6.85,215e,6.68,230e,6.5
8/31/2021 9:00,1522.62,5,19.6,10,19.58,20,19.6,30,19.54,40,19.52,60,18.21,80,15.97,100,12.66,120,10.01,140,7.82,160,7.06,180,6.89,200e,6.85,215e,6.67,230e,6.5
8/31/2021 10:00,1522.56,5,19.67,10,19.66,20,19.65,30,19.55,40,19.51,60,18.19,80,16.16,100,12.63,120,9.58,140,7.73,160,7.05,180,6.85,200e,6.8,215e,6.65,230e,6.5
8/31/2021 11:00,1522.5,5,19.71,10,19.68,20,19.62,30,19.55,40,19.52,60,18.23,80,15.92,100,12.43,120,9.6,140,7.53,160,7,180,6.87,200e,6.84,215e,6.67,230e,6.5
8/31/2021 12:00,1522.43,5,19.76,10,19.7,20,19.61,30,19.55,40,19.5,60,18.16,80,16.01,100,11.95,120,9.5,140,7.52,160,6.98,180,6.86,200e,6.83,215e,6.67,230e,6.5
8/31/2021 13:00,1522.37,5,19.82,10,19.85,20,19.67,30,19.56,40,19.5,60,17.84,80,15.85,100,11.67,120,9.57,140,7.51,160,6.98,180,6.85,200e,6.82,215e,6.66,230e,6.5
8/31/2021 14:00,1522.31,5,19.89,10,19.88,20,19.64,30,19.53,40,19.49,60,17.5,80,15.82,100,11.8,120,9.59,140,7.52,160,6.98,180,6.87,200e,6.84,215e,6.67,230e,6.5
8/31/2021 15:00,1522.26,5,19.94,10,19.84,20,19.64,30,19.53,40,19.48,60,17.25,80,15.31,100,11.87,120,9.74,140,7.74,160,7.05,180,6.89,200e,6.85,215e,6.68,230e,6.5
8/31/2021 16:00,1522.19,5,19.91,10,19.79,20,19.65,30,19.57,40,19.47,60,17.09,80,15.17,100,11.88,120,9.85,140,7.96,160,7.15,180,6.91,200e,6.85,215e,6.68,230e,6.5
8/31/2021 17:00,1522.14,5,19.78,10,19.78,20,19.6,30,19.54,40,19.43,60,16.96,80,15.51,100,12.06,120,10.3,140,8.26,160,7.2,180,6.94,200e,6.88,215e,6.69,230e,6.5
8/31/2021 18:00,1522.08,5,19.66,10,19.66,20,19.6,30,19.53,40,19.33,60,16.98,80,15.16,100,12.61,120,10.67,140,8.32,160,7.25,180,6.93,200e,6.85,215e,6.68,230e,6.5
8/31/2021 19:00,1522.02,5,19.6,10,19.59,20,19.6,30,19.54,40,19.27,60,17.04,80,15.35,100,12.82,120,10.8,140,8.56,160,7.21,180,6.92,200e,6.85,215e,6.67,230e,6.5
8/31/2021 20:00,1521.95,5,19.58,10,19.55,20,19.59,30,19.56,40,19.16,60,17.13,80,15.2,100,12.91,120,11,140,9.06,160,7.34,180,6.95,200e,6.85,215e,6.68,230e,6.5
8/31/2021 21:00,1521.91,5,19.56,10,19.53,20,19.57,30,19.54,40,19.4,60,17.1,80,15.57,100,13.04,120,10.93,140,9.35,160,7.52,180,6.97,200e,6.83,215e,6.67,230e,6.5
8/31/2021 22:00,1521.91,5,19.54,10,19.5,20,19.54,30,19.53,40,19.38,60,17.21,80,15.58,100,13.35,120,11.51,140,9.64,160,7.66,180,6.98,200e,6.81,215e,6.66,230e,6.5
8/31/2021 23:00,1521.92,5,19.52,10,19.49,20,19.52,30,19.51,40,19.5,60,17.32,80,15.7,100,13.69,120,11.6,140,9.79,160,7.62,180,6.99,200e,6.83,215e,6.67,230e,6.5
9/1/2021 0:00,1521.93,5,19.5,10,19.46,20,19.49,30,19.48,40,19.48,60,17.28,80,15.68,100,13.75,120,11.57,140,9.95,160,7.61,180,7.05,200e,6.91,215e,6.71,230e,6.5
9/1/2021 1:00,1521.94,5,19.48,10,19.44,20,19.48,30,19.47,40,19.44,60,17.28,80,15.4,100,13.85,120,11.55,140,9.44,160,7.69,180,7.07,200e,6.92,215e,6.71,230e,6.5
9/1/2021 2:00,1521.96,5,19.43,10,19.41,20,19.46,30,19.45,40,19.44,60,17.23,80,15.46,100,13.78,120,11.41,140,9.04,160,7.62,180,7.07,200e,6.93,215e,6.72,230e,6.5
9/1/2021 3:00,1521.97,5,19.43,10,19.39,20,19.41,30,19.4,40,19.41,60,17.16,80,15.57,100,13.76,120,11.1,140,8.86,160,7.38,180,7.03,200e,6.94,215e,6.72,230e,6.5
9/1/2021 4:00,1521.98,5,19.38,10,19.34,20,19.39,30,19.39,40,19.39,60,17.23,80,15.53,100,13.75,120,10.4,140,8.18,160,7.44,180,6.95,200e,6.83,215e,6.66,230e,6.5
9/1/2021 5:00,1522,5,19.36,10,19.35,20,19.4,30,19.38,40,19.38,60,17.28,80,15.59,100,13.69,120,10.19,140,7.88,160,7.19,180,6.94,200e,6.88,215e,6.69,230e,6.5
9/1/2021 6:00,1522.01,5,19.35,10,19.35,20,19.38,30,19.37,40,19.37,60,17.63,80,15.64,100,13.42,120,9.56,140,7.66,160,7.13,180,6.93,200e,6.88,215e,6.69,230e,6.5
9/1/2021 7:00,1522.02,5,19.33,10,19.34,20,19.38,30,19.36,40,19.36,60,17.97,80,15.79,100,13.46,120,9.26,140,7.68,160,7.18,180,6.93,200e,6.87,215e,6.68,230e,6.5
9/1/2021 8:00,1521.98,5,19.36,10,19.34,20,19.37,30,19.35,40,19.35,60,19.27,80,15.84,100,13.45,120,8.97,140,7.55,160,7.12,180,6.9,200e,6.85,215e,6.67,230e,6.5
9/1/2021 9:00,1521.93,5,19.43,10,19.38,20,19.39,30,19.36,40,19.36,60,19.32,80,16.27,100,13.3,120,8.52,140,7.58,160,7.09,180,6.89,200e,6.84,215e,6.67,230e,6.5
9/1/2021 10:00,1521.86,5,19.54,10,19.43,20,19.44,30,19.38,40,19.36,60,19.33,80,16.4,100,12.96,120,8.41,140,7.37,160,7.02,180,6.88,200e,6.85,215e,6.67,230e,6.5
9/1/2021 11:00,1521.79,5,19.58,10,19.42,20,19.41,30,19.38,40,19.36,60,19.31,80,16.62,100,12.73,120,8.45,140,7.39,160,6.96,180,6.84,200e,6.81,215e,6.66,230e,6.5
9/1/2021 12:00,1521.72,5,19.59,10,19.47,20,19.45,30,19.39,40,19.37,60,19.3,80,16.37,100,12.2,120,8.45,140,7.36,160,6.95,180,6.85,200e,6.83,215e,6.66,230e,6.5
9/1/2021 13:00,1521.65,5,19.54,10,19.51,20,19.44,30,19.37,40,19.36,60,19.28,80,15.91,100,11.28,120,8.39,140,7.33,160,6.98,180,6.85,200e,6.82,215e,6.66,230e,6.5
9/1/2021 14:00,1521.59,5,19.56,10,19.53,20,19.44,30,19.37,40,19.34,60,18.71,80,15.39,100,11.5,120,8.19,140,7.28,160,6.96,180,6.83,200e,6.8,215e,6.65,230e,6.5
9/1/2021 15:00,1521.54,5,19.59,10,19.56,20,19.44,30,19.36,40,19.33,60,17.64,80,15.23,100,11.15,120,8.24,140,7.25,160,6.96,180,6.84,200e,6.81,215e,6.66,230e,6.5
9/1/2021 16:00,1521.48,5,19.59,10,19.56,20,19.42,30,19.37,40,19.34,60,17.16,80,15.05,100,11.52,120,8.92,140,7.41,160,7.02,180,6.86,200e,6.82,215e,6.66,230e,6.5
9/1/2021 17:00,1521.42,5,19.54,10,19.54,20,19.41,30,19.37,40,19.34,60,16.65,80,14.97,100,11.6,120,9.24,140,7.63,160,7.12,180,6.88,200e,6.82,215e,6.66,230e,6.5
9/1/2021 18:00,1521.36,5,19.53,10,19.5,20,19.41,30,19.37,40,19.32,60,16.64,80,15.03,100,11.91,120,10.21,140,7.88,160,7.12,180,6.89,200e,6.83,215e,6.67,230e,6.5
9/1/2021 19:00,1521.31,5,19.47,10,19.45,20,19.4,30,19.37,40,19.32,60,16.75,80,15.12,100,13.45,120,10.87,140,8.62,160,7.26,180,6.96,200e,6.89,215e,6.69,230e,6.5
9/1/2021 20:00,1521.25,5,19.44,10,19.41,20,19.39,30,19.36,40,19.31,60,16.85,80,15.42,100,13.68,120,11.37,140,9.08,160,7.38,180,6.97,200e,6.87,215e,6.68,230e,6.5
9/1/2021 21:00,1521.19,5,19.4,10,19.37,20,19.39,30,19.35,40,19.32,60,16.88,80,15.61,100,13.82,120,11.61,140,9.06,160,7.55,180,7.04,200e,6.91,215e,6.71,230e,6.5
9/1/2021 22:00,1521.19,5,19.37,10,19.34,20,19.37,30,19.35,40,19.32,60,16.83,80,15.73,100,14.26,120,11.1,140,9.04,160,7.7,180,7.13,200e,6.99,215e,6.74,230e,6.5
9/1/2021 23:00,1521.2,5,19.35,10,19.31,20,19.35,30,19.34,40,19.32,60,17.14,80,15.93,100,14.54,120,11.31,140,9.23,160,7.73,180,7.07,200e,6.91,215e,6.7,230e,6.5
9/2/2021 0:00,1521.22,5,19.32,10,19.3,20,19.33,30,19.33,40,19.33,60,17.17,80,16.02,100,14.95,120,11.59,140,9.1,160,7.75,180,7.12,200e,6.96,215e,6.73,230e,6.5
9/2/2021 1:00,1521.23,5,19.31,10,19.29,20,19.33,30,19.32,40,19.31,60,17.12,80,16.03,100,14.49,120,11.35,140,9.2,160,7.56,180,7.16,200e,7.06,215e,6.78,230e,6.5
9/2/2021 2:00,1521.24,5,19.29,10,19.27,20,19.31,30,19.29,40,19.27,60,17.02,80,16.18,100,14.18,120,11.12,140,8.87,160,7.75,180,7.15,200e,7,215e,6.75,230e,6.5
9/2/2021 3:00,1521.26,5,19.26,10,19.24,20,19.28,30,19.27,40,19.26,60,16.89,80,16.06,100,13.77,120,10.64,140,8.84,160,7.75,180,7.12,200e,6.96,215e,6.73,230e,6.5
9/2/2021 4:00,1521.27,5,19.25,10,19.23,20,19.26,30,19.24,40,19.24,60,16.96,80,15.98,100,13.37,120,10.57,140,8.9,160,7.8,180,7.14,200e,6.98,215e,6.74,230e,6.5
9/2/2021 5:00,1521.29,5,19.2,10,19.18,20,19.22,30,19.23,40,19.22,60,17.02,80,15.67,100,12.56,120,10.24,140,8.37,160,7.57,180,7.15,200e,7.05,215e,6.77,230e,6.5
9/2/2021 6:00,1521.3,5,19.19,10,19.19,20,19.23,30,19.22,40,19.21,60,17.02,80,15.79,100,12.3,120,10.08,140,8.53,160,7.55,180,7.14,200e,7.04,215e,6.77,230e,6.5
9/2/2021 7:00,1521.31,5,19.19,10,19.17,20,19.21,30,19.2,40,19.19,60,17.13,80,15.76,100,12.37,120,10.18,140,8.59,160,7.51,180,6.99,200e,6.86,215e,6.68,230e,6.5
9/2/2021 8:00,1521.26,5,19.24,10,19.18,20,19.2,30,19.18,40,19.17,60,17.86,80,16.17,100,12.55,120,10.15,140,8.56,160,7.4,180,6.99,200e,6.89,215e,6.69,230e,6.5
9/2/2021 9:00,1521.19,5,19.28,10,19.25,20,19.25,30,19.19,40,19.18,60,19.08,80,16.35,100,12.92,120,9.88,140,8.03,160,7.39,180,6.98,200e,6.88,215e,6.69,230e,6.5
9/2/2021 10:00,1521.13,5,19.31,10,19.27,20,19.32,30,19.23,40,19.18,60,19.15,80,16.63,100,12.6,120,9.45,140,7.83,160,7.2,180,6.9,200e,6.83,215e,6.66,230e,6.5
9/2/2021 11:00,1521.06,5,19.49,10,19.37,20,19.39,30,19.23,40,19.18,60,19.12,80,16.78,100,12.19,120,9.36,140,7.81,160,7.07,180,6.88,200e,6.83,215e,6.67,230e,6.5
9/2/2021 12:00,1520.99,5,19.94,10,19.45,20,19.43,30,19.29,40,19.19,60,19.14,80,16.91,100,11.92,120,9.15,140,7.51,160,7.03,180,6.87,200e,6.83,215e,6.67,230e,6.5
9/2/2021 13:00,1520.92,5,19.88,10,19.39,20,19.34,30,19.28,40,19.2,60,19.13,80,16.87,100,11.86,120,9.08,140,7.38,160,6.98,180,6.86,200e,6.83,215e,6.67,230e,6.5
9/2/2021 14:00,1520.85,5,19.96,10,19.56,20,19.32,30,19.2,40,19.17,60,19.14,80,16.62,100,11.37,120,8.64,140,7.3,160,7.02,180,6.86,200e,6.82,215e,6.66,230e,6.5
9/2/2021 15:00,1520.79,5,19.91,10,19.41,20,19.33,30,19.21,40,19.18,60,19.14,80,16.19,100,11.53,120,8.89,140,7.37,160,6.99,180,6.83,200e,6.79,215e,6.65,230e,6.5
9/2/2021 16:00,1520.73,5,19.82,10,19.66,20,19.38,30,19.27,40,19.21,60,19.14,80,15.95,100,11.31,120,8.94,140,7.34,160,7,180,6.87,200e,6.84,215e,6.67,230e,6.5
9/2/2021 17:00,1520.67,5,19.91,10,19.56,20,19.35,30,19.24,40,19.19,60,17.84,80,15.87,100,11.85,120,9.13,140,7.56,160,7.06,180,6.88,200e,6.84,215e,6.67,230e,6.5
9/2/2021 18:00,1520.61,5,19.8,10,19.49,20,19.33,30,19.26,40,19.23,60,17.37,80,15.74,100,12.08,120,9.71,140,8.01,160,7.09,180,6.88,200e,6.83,215e,6.66,230e,6.5
9/2/2021 19:00,1520.54,5,19.76,10,19.56,20,19.34,30,19.26,40,19.19,60,17.29,80,15.74,100,12.24,120,10.32,140,7.82,160,7.08,180,6.92,200e,6.88,215e,6.69,230e,6.5
9/2/2021 20:00,1520.48,5,19.63,10,19.6,20,19.38,30,19.28,40,19.19,60,17.21,80,15.76,100,12.87,120,10.78,140,8.3,160,7.22,180,6.95,200e,6.88,215e,6.69,230e,6.5
9/2/2021 21:00,1520.43,5,19.62,10,19.6,20,19.42,30,19.3,40,19.22,60,17.29,80,15.8,100,12.89,120,11,140,8.57,160,7.49,180,7.02,200e,6.9,215e,6.7,230e,6.5
9/2/2021 22:00,1520.43,5,19.57,10,19.58,20,19.52,30,19.29,40,19.2,60,17.53,80,15.65,100,13.18,120,11.08,140,8.63,160,7.6,180,7.04,200e,6.9,215e,6.7,230e,6.5
9/2/2021 23:00,1520.44,5,19.56,10,19.56,20,19.59,30,19.3,40,19.23,60,17.52,80,15.74,100,13.45,120,10.84,140,9.18,160,7.87,180,7.15,200e,6.97,215e,6.74,230e,6.5
9/3/2021 0:00,1520.45,5,19.59,10,19.6,20,19.59,30,19.46,40,19.25,60,17.43,80,15.82,100,13.5,120,11.13,140,9.17,160,7.78,180,7.13,200e,6.97,215e,6.73,230e,6.5
9/3/2021 1:00,1520.46,5,19.58,10,19.58,20,19.61,30,19.41,40,19.25,60,17.44,80,15.86,100,13.89,120,11.24,140,8.84,160,7.58,180,7.11,200e,6.99,215e,6.75,230e,6.5
9/3/2021 2:00,1520.47,5,19.57,10,19.57,20,19.6,30,19.44,40,19.32,60,17.17,80,15.8,100,13.78,120,11.06,140,9.14,160,7.53,180,7.14,200e,7.04,215e,6.77,230e,6.5
9/3/2021 3:00,1520.48,5,19.51,10,19.54,20,19.58,30,19.51,40,19.36,60,17.02,80,15.84,100,13.57,120,10.96,140,9.21,160,7.65,180,7.14,200e,7.01,215e,6.76,230e,6.5
9/3/2021 4:00,1520.5,5,19.5,10,19.51,20,19.55,30,19.5,40,19.29,60,16.94,80,15.75,100,13.38,120,11.15,140,8.99,160,7.64,180,7.06,200e,6.92,215e,6.71,230e,6.5
9/3/2021 5:00,1520.51,5,19.49,10,19.48,20,19.51,30,19.48,40,19.37,60,16.83,80,15.81,100,13.27,120,11.2,140,8.63,160,7.54,180,7.06,200e,6.94,215e,6.72,230e,6.5
9/3/2021 6:00,1520.47,5,19.46,10,19.44,20,19.5,30,19.46,40,19.43,60,16.88,80,15.6,100,13.27,120,10.91,140,8.66,160,7.64,180,7.05,200e,6.9,215e,6.7,230e,6.5
9/3/2021 7:00,1520.4,5,19.46,10,19.44,20,19.47,30,19.44,40,19.4,60,16.94,80,15.57,100,13.31,120,10.69,140,8.45,160,7.39,180,7.01,200e,6.92,215e,6.71,230e,6.5
9/3/2021 8:00,1520.33,5,19.45,10,19.43,20,19.47,30,19.45,40,19.44,60,17.03,80,15.68,100,13.24,120,10.41,140,8.2,160,7.38,180,6.95,200e,6.84,215e,6.67,230e,6.5
9/3/2021 9:00,1520.27,5,19.52,10,19.49,20,19.51,30,19.46,40,19.42,60,17.2,80,15.97,100,13.05,120,10.27,140,7.92,160,7.18,180,6.93,200e,6.87,215e,6.68,230e,6.5
9/3/2021 10:00,1520.2,5,19.57,10,19.53,20,19.55,30,19.44,40,19.4,60,17.98,80,16.08,100,13.28,120,10.41,140,7.76,160,7.13,180,6.92,200e,6.87,215e,6.68,230e,6.5
9/3/2021 11:00,1520.13,5,19.66,10,19.56,20,19.55,30,19.47,40,19.41,60,19.13,80,16.08,100,13.42,120,10.28,140,7.76,160,7.13,180,6.93,200e,6.88,215e,6.69,230e,6.5
9/3/2021 12:00,1520.06,5,19.82,10,19.61,20,19.58,30,19.49,40,19.37,60,19.13,80,16.09,100,13.48,120,10.06,140,7.7,160,7.08,180,6.88,200e,6.83,215e,6.67,230e,6.5
9/3/2021 13:00,1519.99,5,19.77,10,19.59,20,19.54,30,19.46,40,19.37,60,19.08,80,16.02,100,12.84,120,9.61,140,7.56,160,7.07,180,6.91,200e,6.87,215e,6.69,230e,6.5
9/3/2021 14:00,1519.92,5,19.73,10,19.69,20,19.55,30,19.44,40,19.39,60,17.28,80,15.73,100,12.47,120,9.49,140,7.6,160,7.08,180,6.9,200e,6.86,215e,6.68,230e,6.5
9/3/2021 15:00,1519.86,5,19.67,10,19.66,20,19.52,30,19.43,40,19.41,60,17.07,80,15.77,100,12.41,120,9.39,140,7.44,160,7.06,180,6.88,200e,6.84,215e,6.67,230e,6.5
9/3/2021 16:00,1519.8,5,19.67,10,19.64,20,19.5,30,19.45,40,19.41,60,16.94,80,15.83,100,12.35,120,9.72,140,7.45,160,7.02,180,6.89,200e,6.86,215e,6.68,230e,6.5
9/3/2021 17:00,1519.75,5,19.65,10,19.64,20,19.5,30,19.46,40,19.36,60,16.83,80,15.75,100,12.53,120,9.84,140,7.56,160,7.01,180,6.9,200e,6.87,215e,6.69,230e,6.5
9/3/2021 18:00,1519.68,5,19.64,10,19.59,20,19.53,30,19.44,40,19.36,60,16.87,80,15.63,100,12.85,120,9.97,140,7.74,160,7.06,180,6.9,200e,6.86,215e,6.68,230e,6.5
9/3/2021 19:00,1519.62,5,19.69,10,19.58,20,19.49,30,19.38,40,19.35,60,16.79,80,15.72,100,13.07,120,10.19,140,7.84,160,7.14,180,6.94,200e,6.89,215e,6.7,230e,6.5
9/3/2021 20:00,1519.56,5,19.62,10,19.54,20,19.47,30,19.43,40,19.36,60,16.89,80,15.95,100,13.51,120,10.46,140,8,160,7.15,180,6.92,200e,6.86,215e,6.68,230e,6.5
9/3/2021 21:00,1519.57,5,19.55,10,19.52,20,19.47,30,19.43,40,19.36,60,16.95,80,16.04,100,14.08,120,10.7,140,8.12,160,7.18,180,6.95,200e,6.89,215e,6.7,230e,6.5
9/3/2021 22:00,1519.58,5,19.51,10,19.48,20,19.49,30,19.41,40,19.36,60,17.05,80,16.12,100,14.17,120,11.06,140,7.9,160,7.12,180,6.95,200e,6.91,215e,6.7,230e,6.5
9/3/2021 23:00,1519.6,5,19.49,10,19.45,20,19.49,30,19.41,40,19.37,60,17.14,80,16.09,100,14.46,120,11,140,8.02,160,7.11,180,6.89,200e,6.84,215e,6.67,230e,6.5
9/4/2021 0:00,1519.6,5,19.46,10,19.43,20,19.47,30,19.42,40,19.32,60,17.32,80,16.1,100,14.88,120,11.03,140,8.13,160,7.2,180,6.94,200e,6.88,215e,6.69,230e,6.5
9/4/2021 1:00,1519.62,5,19.44,10,19.41,20,19.45,30,19.42,40,19.3,60,17.2,80,16.22,100,14.64,120,11.18,140,8.08,160,7.15,180,6.93,200e,6.88,215e,6.69,230e,6.5
9/4/2021 2:00,1519.64,5,19.41,10,19.39,20,19.43,30,19.4,40,19.26,60,17.19,80,16.17,100,14.6,120,10.98,140,8.09,160,7.24,180,6.97,200e,6.9,215e,6.7,230e,6.5
9/4/2021 3:00,1519.65,5,19.39,10,19.37,20,19.4,30,19.38,40,19.29,60,17.04,80,16.12,100,14.36,120,10.84,140,8.25,160,7.33,180,6.99,200e,6.91,215e,6.7,230e,6.5
9/4/2021 4:00,1519.66,5,19.37,10,19.34,20,19.38,30,19.36,40,19.24,60,17.1,80,16.15,100,13.95,120,10.95,140,8.35,160,7.28,180,6.97,200e,6.89,215e,6.7,230e,6.5
9/4/2021 5:00,1519.67,5,19.36,10,19.32,20,19.35,30,19.34,40,19.3,60,17.13,80,16.16,100,13.28,120,10.58,140,7.97,160,7.14,180,6.95,200e,6.9,215e,6.7,230e,6.5
9/4/2021 6:00,1519.63,5,19.31,10,19.28,20,19.32,30,19.32,40,19.32,60,17.18,80,15.97,100,12.96,120,10.3,140,7.9,160,7.18,180,6.97,200e,6.92,215e,6.71,230e,6.5
9/4/2021 7:00,1519.56,5,19.29,10,19.29,20,19.32,30,19.3,40,19.3,60,17.19,80,16.14,100,13.14,120,10,140,7.91,160,7.25,180,7,200e,6.94,215e,6.72,230e,6.5
9/4/2021 8:00,1519.5,5,19.31,10,19.29,20,19.32,30,19.3,40,19.28,60,17.27,80,16.19,100,13.26,120,9.94,140,8.1,160,7.31,180,6.99,200e,6.91,215e,6.71,230e,6.5
9/4/2021 9:00,1519.44,5,19.41,10,19.33,20,19.35,30,19.31,40,19.28,60,17.46,80,16.2,100,13.14,120,10.12,140,7.98,160,7.26,180,6.95,200e,6.87,215e,6.69,230e,6.5
9/4/2021 10:00,1519.38,5,19.47,10,19.39,20,19.38,30,19.33,40,19.29,60,17.65,80,16.34,100,13.18,120,9.95,140,7.94,160,7.12,180,6.93,200e,6.88,215e,6.69,230e,6.5
9/4/2021 11:00,1519.3,5,19.64,10,19.5,20,19.41,30,19.36,40,19.3,60,18.62,80,16.47,100,13.21,120,10.02,140,7.87,160,7.12,180,6.92,200e,6.87,215e,6.69,230e,6.5
9/4/2021 12:00,1519.23,5,19.71,10,19.42,20,19.36,30,19.31,40,19.3,60,18.74,80,16.45,100,12.93,120,10.09,140,7.67,160,7.21,180,6.93,200e,6.86,215e,6.68,230e,6.5
9/4/2021 13:00,1519.17,5,19.68,10,19.62,20,19.38,30,19.32,40,19.3,60,18.62,80,16.34,100,12.47,120,9.7,140,7.62,160,7.17,180,6.95,200e,6.9,215e,6.7,230e,6.5
9/4/2021 14:00,1519.11,5,19.75,10,19.64,20,19.35,30,19.31,40,19.29,60,17.82,80,16.08,100,12.24,120,9.47,140,7.75,160,7.09,180,6.92,200e,6.88,215e,6.69,230e,6.5
9/4/2021 15:00,1519.04,5,19.66,10,19.62,20,19.35,30,19.31,40,19.28,60,17.41,80,15.86,100,12.3,120,9.04,140,7.84,160,7.14,180,6.92,200e,6.87,215e,6.68,230e,6.5
9/4/2021 16:00,1518.99,5,19.61,10,19.57,20,19.36,30,19.32,40,19.29,60,17.25,80,15.81,100,12.02,120,9.16,140,7.77,160,7.13,180,6.93,200e,6.88,215e,6.69,230e,6.5
9/4/2021 17:00,1518.93,5,19.73,10,19.53,20,19.35,30,19.3,40,19.27,60,17.15,80,15.84,100,12.59,120,9.47,140,7.78,160,7.08,180,6.91,200e,6.87,215e,6.68,230e,6.5
9/4/2021 18:00,1518.87,5,19.81,10,19.48,20,19.33,30,19.3,40,19.28,60,17.09,80,15.83,100,12.62,120,9.54,140,7.86,160,7.17,180,6.94,200e,6.88,215e,6.69,230e,6.5
9/4/2021 19:00,1518.81,5,19.67,10,19.4,20,19.33,30,19.31,40,19.29,60,17.11,80,15.9,100,13.28,120,10.24,140,8.55,160,7.26,180,6.98,200e,6.91,215e,6.71,230e,6.5
9/4/2021 20:00,1518.76,5,19.55,10,19.37,20,19.33,30,19.3,40,19.29,60,17.22,80,15.97,100,13.6,120,10.37,140,8.77,160,7.37,180,7.01,200e,6.92,215e,6.71,230e,6.5
9/4/2021 21:00,1518.75,5,19.47,10,19.35,20,19.32,30,19.29,40,19.24,60,17.09,80,15.98,100,13.72,120,10.75,140,8.71,160,7.49,180,7.06,200e,6.95,215e,6.73,230e,6.5
9/4/2021 22:00,1518.77,5,19.41,10,19.35,20,19.34,30,19.31,40,19.27,60,17.19,80,16.16,100,13.65,120,10.86,140,8.86,160,7.55,180,7.06,200e,6.94,215e,6.72,230e,6.5
9/4/2021 23:00,1518.78,5,19.38,10,19.34,20,19.36,30,19.3,40,19.28,60,17.29,80,16.26,100,13.67,120,10.86,140,8.61,160,7.36,180,6.98,200e,6.89,215e,6.69,230e,6.5
9/5/2021 0:00,1518.8,5,19.34,10,19.32,20,19.34,30,19.3,40,19.29,60,17.37,80,16.29,100,13.63,120,11.11,140,8.52,160,7.37,180,7.06,200e,6.98,215e,6.74,230e,6.5
9/5/2021 1:00,1518.81,5,19.31,10,19.29,20,19.33,30,19.31,40,19.29,60,17.44,80,16.21,100,13.59,120,11.17,140,8.6,160,7.43,180,7.01,200e,6.91,215e,6.7,230e,6.5
9/5/2021 2:00,1518.82,5,19.3,10,19.26,20,19.29,30,19.28,40,19.28,60,17.44,80,16.24,100,13.63,120,11.1,140,9,160,7.72,180,7.08,200e,6.92,215e,6.71,230e,6.5
9/5/2021 3:00,1518.84,5,19.29,10,19.26,20,19.29,30,19.28,40,19.27,60,17.41,80,16.22,100,13.21,120,11.15,140,9.16,160,7.85,180,7.17,200e,7,215e,6.75,230e,6.5
9/5/2021 4:00,1518.85,5,19.26,10,19.23,20,19.28,30,19.26,40,19.26,60,17.22,80,16.13,100,13.14,120,11.33,140,9.14,160,7.73,180,7.06,200e,6.89,215e,6.7,230e,6.5
9/5/2021 5:00,1518.86,5,19.26,10,19.23,20,19.26,30,19.25,40,19.24,60,17.22,80,15.89,100,12.87,120,11.22,140,9.12,160,7.56,180,7.01,200e,6.87,215e,6.69,230e,6.5
9/5/2021 6:00,1518.82,5,19.23,10,19.2,20,19.24,30,19.23,40,19.22,60,17.38,80,15.98,100,12.94,120,10.39,140,9.1,160,7.72,180,7.12,200e,6.97,215e,6.74,230e,6.5
9/5/2021 7:00,1518.75,5,19.22,10,19.2,20,19.23,30,19.21,40,19.21,60,17.38,80,16.01,100,13.07,120,10.48,140,8.78,160,7.54,180,7.05,200e,6.93,215e,6.71,230e,6.5
9/5/2021 8:00,1518.7,5,19.26,10,19.21,20,19.23,30,19.21,40,19.21,60,17.56,80,16.06,100,13.12,120,10.79,140,8.53,160,7.33,180,6.96,200e,6.87,215e,6.68,230e,6.5
9/5/2021 9:00,1518.64,5,19.31,10,19.27,20,19.27,30,19.23,40,19.21,60,17.75,80,16.12,100,13.26,120,10.47,140,8.19,160,7.17,180,6.95,200e,6.9,215e,6.7,230e,6.5
9/5/2021 10:00,1518.57,5,19.39,10,19.33,20,19.35,30,19.25,40,19.21,60,18.02,80,16.35,100,13.35,120,10.15,140,7.96,160,7.23,180,6.96,200e,6.89,215e,6.7,230e,6.5
9/5/2021 11:00,1518.5,5,19.65,10,19.29,20,19.26,30,19.22,40,19.21,60,18.43,80,16.53,100,13.32,120,10.08,140,7.83,160,7.22,180,6.92,200e,6.85,215e,6.67,230e,6.5
9/5/2021 12:00,1518.43,5,19.6,10,19.35,20,19.27,30,19.23,40,19.21,60,18.56,80,16.46,100,13.21,120,9.64,140,7.79,160,7.1,180,6.89,200e,6.84,215e,6.67,230e,6.5
9/5/2021 13:00,1518.37,5,19.67,10,19.46,20,19.3,30,19.23,40,19.21,60,18.37,80,16.16,100,12.79,120,9.11,140,7.65,160,7.03,180,6.91,200e,6.88,215e,6.69,230e,6.5
9/5/2021 14:00,1518.31,5,19.72,10,19.51,20,19.28,30,19.23,40,19.21,60,18.18,80,16.01,100,12.74,120,9.06,140,7.47,160,7,180,6.89,200e,6.86,215e,6.68,230e,6.5
9/5/2021 15:00,1518.26,5,19.59,10,19.56,20,19.31,30,19.24,40,19.21,60,17.53,80,15.93,100,12.52,120,9.15,140,7.46,160,6.97,180,6.89,200e,6.87,215e,6.69,230e,6.5
9/5/2021 16:00,1518.18,5,19.57,10,19.51,20,19.31,30,19.23,40,19.2,60,17.49,80,16.04,100,12.47,120,9.37,140,7.58,160,6.98,180,6.86,200e,6.83,215e,6.67,230e,6.5
9/5/2021 17:00,1518.13,5,19.52,10,19.49,20,19.27,30,19.22,40,19.2,60,17.32,80,15.99,100,12.81,120,9.38,140,7.59,160,7,180,6.84,200e,6.8,215e,6.65,230e,6.5
9/5/2021 18:00,1518.07,5,19.5,10,19.41,20,19.26,30,19.21,40,19.16,60,17.05,80,15.98,100,13.06,120,9.68,140,7.57,160,7.02,180,6.86,200e,6.82,215e,6.66,230e,6.5
9/5/2021 19:00,1518.01,5,19.39,10,19.33,20,19.3,30,19.23,40,19.18,60,17.21,80,15.78,100,13.82,120,10.06,140,7.87,160,7,180,6.88,200e,6.85,215e,6.68,230e,6.5
9/5/2021 20:00,1517.96,5,19.29,10,19.26,20,19.29,30,19.23,40,19.15,60,17.17,80,15.89,100,14.23,120,10.67,140,7.88,160,7.03,180,6.89,200e,6.86,215e,6.68,230e,6.5
9/5/2021 21:00,1517.95,5,19.25,10,19.24,20,19.27,30,19.22,40,18.97,60,17.04,80,16.06,100,14.53,120,10.44,140,8.1,160,7.05,180,6.88,200e,6.84,215e,6.67,230e,6.5
9/5/2021 22:00,1517.97,5,19.24,10,19.21,20,19.25,30,19.23,40,19.16,60,17.18,80,16.03,100,14.15,120,10.89,140,8.29,160,7.15,180,6.9,200e,6.84,215e,6.67,230e,6.5
9/5/2021 23:00,1517.98,5,19.21,10,19.21,20,19.25,30,19.23,40,19.18,60,17.3,80,16.31,100,14.3,120,11.05,140,8.28,160,7.15,180,6.9,200e,6.84,215e,6.67,230e,6.5
9/6/2021 0:00,1517.99,5,19.23,10,19.2,20,19.24,30,19.22,40,19.2,60,17.22,80,16.33,100,14.28,120,11.02,140,8.26,160,7.16,180,6.91,200e,6.85,215e,6.67,230e,6.5
9/6/2021 1:00,1518.01,5,19.22,10,19.19,20,19.23,30,19.21,40,18.66,60,17.22,80,16.15,100,14.05,120,11.19,140,8.39,160,7.15,180,6.91,200e,6.85,215e,6.68,230e,6.5
9/6/2021 2:00,1518.02,5,19.2,10,19.17,20,19.21,30,19.19,40,18.54,60,17.28,80,16.2,100,13.85,120,11.14,140,8.62,160,7.25,180,6.94,200e,6.86,215e,6.68,230e,6.5
9/6/2021 3:00,1518.04,5,19.18,10,19.14,20,19.18,30,19.17,40,18.4,60,17.23,80,16.15,100,14.05,120,11.23,140,8.67,160,7.34,180,6.95,200e,6.85,215e,6.68,230e,6.5
9/6/2021 4:00,1518.06,5,19.16,10,19.13,20,19.17,30,19.16,40,18.42,60,17.04,80,15.87,100,14.11,120,11.29,140,8.55,160,7.32,180,6.99,200e,6.91,215e,6.7,230e,6.5
9/6/2021 5:00,1518.06,5,19.17,10,19.14,20,19.17,30,19.16,40,18.37,60,17.14,80,15.57,100,13.95,120,11.21,140,8.73,160,7.35,180,6.99,200e,6.9,215e,6.7,230e,6.5
9/6/2021 6:00,1518.01,5,19.15,10,19.12,20,19.16,30,19.14,40,18.43,60,17.3,80,15.49,100,13.85,120,11.08,140,9.05,160,7.34,180,7.03,200e,6.95,215e,6.73,230e,6.5
9/6/2021 7:00,1517.96,5,19.14,10,19.12,20,19.15,30,19.13,40,18.6,60,17.39,80,15.67,100,13.92,120,11.19,140,8.58,160,7.56,180,7.11,200e,7,215e,6.75,230e,6.5
9/6/2021 8:00,1517.9,5,19.2,10,19.14,20,19.16,30,19.12,40,19.11,60,17.53,80,15.75,100,14.27,120,10.76,140,8.57,160,7.4,180,6.98,200e,6.88,215e,6.69,230e,6.5
9/6/2021 9:00,1517.84,5,19.41,10,19.19,20,19.18,30,19.14,40,19.11,60,17.66,80,15.93,100,14.3,120,10.63,140,8.21,160,7.35,180,7.02,200e,6.94,215e,6.72,230e,6.5
9/6/2021 10:00,1517.78,5,19.61,10,19.19,20,19.17,30,19.13,40,19.12,60,17.91,80,16.27,100,14.36,120,10.8,140,8.24,160,7.35,180,6.93,200e,6.83,215e,6.66,230e,6.5
9/6/2021 11:00,1517.71,5,19.47,10,19.23,20,19.2,30,19.14,40,19.13,60,18,80,16.24,100,14.32,120,10.19,140,7.87,160,7.26,180,6.95,200e,6.87,215e,6.69,230e,6.5
9/6/2021 12:00,1517.65,5,19.5,10,19.39,20,19.23,30,19.17,40,19.14,60,17.83,80,16.02,100,13.86,120,9.5,140,7.73,160,7.21,180,6.92,200e,6.85,215e,6.67,230e,6.5
9/6/2021 13:00,1517.58,5,19.52,10,19.47,20,19.25,30,19.18,40,19.14,60,17.83,80,15.91,100,13.36,120,9.32,140,7.6,160,7.17,180,6.92,200e,6.86,215e,6.68,230e,6.5
9/6/2021 14:00,1517.52,5,19.51,10,19.45,20,19.24,30,19.17,40,19.15,60,17.75,80,15.98,100,13.27,120,9.24,140,7.66,160,7.04,180,6.94,200e,6.92,215e,6.71,230e,6.5
9/6/2021 15:00,1517.45,5,19.51,10,19.44,20,19.27,30,19.19,40,19.15,60,17.71,80,15.75,100,12.89,120,8.87,140,7.45,160,7.02,180,6.89,200e,6.86,215e,6.68,230e,6.5
9/6/2021 16:00,1517.39,5,19.49,10,19.43,20,19.24,30,19.16,40,19.09,60,17.56,80,15.79,100,12.55,120,8.68,140,7.46,160,6.99,180,6.88,200e,6.85,215e,6.68,230e,6.5
9/6/2021 17:00,1517.33,5,19.67,10,19.34,20,19.21,30,19.16,40,19.08,60,17.61,80,15.84,100,12.76,120,8.54,140,7.45,160,7,180,6.89,200e,6.86,215e,6.68,230e,6.5
9/6/2021 18:00,1517.27,5,19.36,10,19.35,20,19.22,30,19.16,40,19.13,60,17.58,80,16.15,100,12.92,120,9.02,140,7.47,160,7,180,6.88,200e,6.85,215e,6.68,230e,6.5
9/6/2021 19:00,1517.22,5,19.31,10,19.28,20,19.29,30,19.15,40,19.11,60,17.61,80,16.34,100,13.81,120,9,140,7.48,160,7.04,180,6.89,200e,6.85,215e,6.68,230e,6.5
9/6/2021 20:00,1517.16,5,19.31,10,19.28,20,19.26,30,19.15,40,19.11,60,17.6,80,16.35,100,14.15,120,9.59,140,7.65,160,7.06,180,6.88,200e,6.84,215e,6.67,230e,6.5
9/6/2021 21:00,1517.16,5,19.29,10,19.25,20,19.23,30,19.16,40,19.12,60,17.58,80,16.41,100,14.09,120,10.42,140,7.84,160,7.14,180,6.9,200e,6.84,215e,6.67,230e,6.5
9/6/2021 22:00,1517.18,5,19.39,10,19.22,20,19.23,30,19.16,40,19.14,60,17.66,80,16.27,100,14.52,120,10.69,140,8.02,160,7.22,180,6.96,200e,6.9,215e,6.7,230e,6.5
9/6/2021 23:00,1517.19,5,19.31,10,19.24,20,19.22,30,19.16,40,19.14,60,17.77,80,16.42,100,15,120,10.71,140,8.72,160,7.54,180,7.01,200e,6.88,215e,6.69,230e,6.5
9/7/2021 0:00,1517.21,5,19.28,10,19.23,20,19.23,30,19.19,40,19.14,60,17.9,80,16.37,100,14.72,120,10.79,140,9.03,160,7.5,180,7.07,200e,6.96,215e,6.73,230e,6.5
9/7/2021 1:00,1517.22,5,19.23,10,19.21,20,19.24,30,19.18,40,19.12,60,17.71,80,16.09,100,14.56,120,11.44,140,9.31,160,7.58,180,7.11,200e,6.99,215e,6.75,230e,6.5
9/7/2021 2:00,1517.23,5,19.2,10,19.18,20,19.22,30,19.19,40,19.13,60,17.31,80,16.15,100,14.59,120,11.7,140,9.45,160,7.79,180,7.08,200e,6.9,215e,6.7,230e,6.5
9/7/2021 3:00,1517.25,5,19.19,10,19.17,20,19.21,30,19.19,40,19.1,60,17.22,80,16.15,100,14.23,120,11.26,140,9.6,160,7.86,180,7.23,200e,7.07,215e,6.79,230e,6.5
9/7/2021 4:00,1517.26,5,19.19,10,19.16,20,19.2,30,19.19,40,19.14,60,17.51,80,16.01,100,13.63,120,11.18,140,9.67,160,7.95,180,7.29,200e,7.13,215e,6.81,230e,6.5
9/7/2021 5:00,1517.28,5,19.17,10,19.14,20,19.18,30,19.17,40,19.16,60,17.45,80,15.91,100,13.57,120,11,140,9.2,160,7.67,180,7.14,200e,7.01,215e,6.75,230e,6.5
9/7/2021 6:00,1517.23,5,19.16,10,19.14,20,19.17,30,19.16,40,19.16,60,17.82,80,16.06,100,13.48,120,10.53,140,8.94,160,7.61,180,7.11,200e,6.99,215e,6.74,230e,6.5
9/7/2021 7:00,1517.17,5,19.16,10,19.14,20,19.18,30,19.17,40,19.16,60,18.2,80,16.15,100,13.36,120,10.39,140,8.5,160,7.45,180,6.95,200e,6.83,215e,6.66,230e,6.5
9/7/2021 8:00,1517.11,5,19.17,10,19.15,20,19.19,30,19.17,40,19.17,60,18.47,80,16.33,100,13.49,120,10.12,140,8.23,160,7.34,180,6.99,200e,6.9,215e,6.7,230e,6.5
9/7/2021 9:00,1517.05,5,19.2,10,19.17,20,19.2,30,19.19,40,19.18,60,19.13,80,16.45,100,13.19,120,10.13,140,7.91,160,7.21,180,6.93,200e,6.86,215e,6.68,230e,6.5
9/7/2021 10:00,1516.98,5,19.36,10,19.28,20,19.25,30,19.2,40,19.18,60,19.13,80,16.52,100,12.87,120,9.75,140,7.75,160,7.15,180,6.92,200e,6.86,215e,6.68,230e,6.5
9/7/2021 11:00,1516.92,5,19.55,10,19.35,20,19.31,30,19.2,40,19.18,60,19.14,80,16.77,100,12.67,120,9.64,140,7.77,160,7.13,180,6.92,200e,6.87,215e,6.68,230e,6.5
9/7/2021 12:00,1516.85,5,19.66,10,19.37,20,19.35,30,19.25,40,19.19,60,19.11,80,16.85,100,12.61,120,9.5,140,7.58,160,6.98,180,6.87,200e,6.84,215e,6.67,230e,6.5
9/7/2021 13:00,1516.78,5,20.18,10,19.45,20,19.37,30,19.25,40,19.17,60,19.11,80,16.6,100,13.12,120,9.3,140,7.55,160,7.09,180,6.92,200e,6.88,215e,6.69,230e,6.5
9/7/2021 14:00,1516.7,5,19.77,10,19.46,20,19.37,30,19.3,40,19.15,60,19.1,80,16.4,100,12.28,120,9.29,140,7.49,160,7.07,180,6.9,200e,6.86,215e,6.68,230e,6.5
9/7/2021 15:00,1516.65,5,19.74,10,19.65,20,19.41,30,19.23,40,19.19,60,19.12,80,16.14,100,12.12,120,9.24,140,7.54,160,7.01,180,6.88,200e,6.85,215e,6.67,230e,6.5
9/7/2021 16:00,1516.57,5,19.69,10,19.66,20,19.55,30,19.35,40,19.28,60,19.13,80,15.79,100,12.34,120,9.21,140,7.37,160,7,180,6.86,200e,6.83,215e,6.66,230e,6.5
9/7/2021 17:00,1516.52,5,19.64,10,19.6,20,19.48,30,19.33,40,19.25,60,17.57,80,15.84,100,12.72,120,9.3,140,7.61,160,7.11,180,6.89,200e,6.84,215e,6.67,230e,6.5
9/7/2021 18:00,1516.46,5,19.64,10,19.58,20,19.38,30,19.31,40,19.2,60,16.96,80,15.52,100,12.58,120,9.77,140,7.69,160,7.06,180,6.88,200e,6.84,215e,6.67,230e,6.5
9/7/2021 19:00,1516.4,5,19.6,10,19.56,20,19.53,30,19.28,40,19.18,60,17,80,15.65,100,12.89,120,10.92,140,8.19,160,7.1,180,6.9,200e,6.85,215e,6.68,230e,6.5
9/7/2021 20:00,1516.33,5,19.61,10,19.56,20,19.41,30,19.3,40,19.15,60,16.85,80,15.63,100,13.82,120,11.03,140,8.17,160,7.27,180,6.92,200e,6.83,215e,6.67,230e,6.5
9/7/2021 21:00,1516.34,5,19.55,10,19.48,20,19.4,30,19.26,40,19.17,60,16.88,80,15.91,100,14.16,120,11.11,140,8.86,160,7.31,180,6.98,200e,6.9,215e,6.7,230e,6.5
9/7/2021 22:00,1516.35,5,19.52,10,19.48,20,19.41,30,19.29,40,19.19,60,17.03,80,15.73,100,14.04,120,11.48,140,8.84,160,7.43,180,7,200e,6.89,215e,6.7,230e,6.5
9/7/2021 23:00,1516.37,5,19.51,10,19.48,20,19.45,30,19.3,40,19.2,60,17.07,80,15.66,100,14.37,120,11.81,140,8.79,160,7.55,180,7.16,200e,7.06,215e,6.78,230e,6.5
9/8/2021 0:00,1516.4,5,19.51,10,19.48,20,19.49,30,19.3,40,19.2,60,17.14,80,16.1,100,14.43,120,11.98,140,9.29,160,7.56,180,7.15,200e,7.05,215e,6.77,230e,6.5
9/8/2021 1:00,1516.41,5,19.51,10,19.48,20,19.43,30,19.31,40,19.18,60,17.07,80,16.16,100,14.76,120,11.85,140,9.54,160,7.7,180,7.15,200e,7.01,215e,6.76,230e,6.5
9/8/2021 2:00,1516.4,5,19.5,10,19.46,20,19.47,30,19.31,40,19.19,60,17.06,80,16.15,100,14.87,120,12.11,140,9.45,160,7.73,180,7.14,200e,6.99,215e,6.75,230e,6.5
9/8/2021 3:00,1516.43,5,19.47,10,19.45,20,19.47,30,19.32,40,19.19,60,17.04,80,16.02,100,15.02,120,11.55,140,9.26,160,7.69,180,7.05,200e,6.89,215e,6.7,230e,6.5
9/8/2021 4:00,1516.45,5,19.46,10,19.43,20,19.46,30,19.32,40,19.2,60,17.15,80,15.99,100,14.75,120,11.19,140,8.95,160,7.49,180,7.03,200e,6.92,215e,6.71,230e,6.5
9/8/2021 5:00,1516.45,5,19.42,10,19.41,20,19.44,30,19.32,40,19.19,60,17.01,80,15.98,100,14.48,120,11.23,140,8.35,160,7.43,180,7.03,200e,6.93,215e,6.72,230e,6.5
9/8/2021 6:00,1516.4,5,19.42,10,19.39,20,19.43,30,19.39,40,19.2,60,16.94,80,15.86,100,14.35,120,10.61,140,8.13,160,7.23,180,6.94,200e,6.87,215e,6.68,230e,6.5
9/8/2021 7:00,1516.34,5,19.41,10,19.38,20,19.41,30,19.4,40,19.23,60,17.03,80,15.93,100,14.15,120,10.39,140,7.99,160,7.34,180,6.98,200e,6.89,215e,6.7,230e,6.5
9/8/2021 8:00,1516.28,5,19.43,10,19.38,20,19.42,30,19.4,40,19.27,60,17.1,80,16.01,100,14.27,120,9.87,140,8.09,160,7.44,180,6.92,200e,6.79,215e,6.65,230e,6.5
9/8/2021 9:00,1516.22,5,19.67,10,19.44,20,19.45,30,19.41,40,19.38,60,17.33,80,16.07,100,13.81,120,9.88,140,7.99,160,7.18,180,6.92,200e,6.86,215e,6.68,230e,6.5
9/8/2021 10:00,1516.16,5,19.82,10,19.5,20,19.47,30,19.42,40,19.38,60,17.82,80,16.08,100,14.11,120,9.93,140,7.81,160,7.16,180,6.96,200e,6.91,215e,6.71,230e,6.5
9/8/2021 11:00,1516.09,5,20.11,10,19.53,20,19.45,30,19.42,40,19.38,60,18.37,80,16.27,100,14.19,120,9.87,140,7.71,160,7.08,180,6.9,200e,6.86,215e,6.68,230e,6.5
9/8/2021 12:00,1516.01,5,20.07,10,19.64,20,19.55,30,19.45,40,19.38,60,18.53,80,16.52,100,13.91,120,9.83,140,7.65,160,7.07,180,6.89,200e,6.85,215e,6.67,230e,6.5
9/8/2021 13:00,1515.95,5,20.14,10,19.65,20,19.54,30,19.42,40,19.37,60,18.09,80,16.35,100,13.84,120,9.51,140,7.77,160,7.14,180,6.91,200e,6.85,215e,6.68,230e,6.5
9/8/2021 14:00,1515.89,5,20.2,10,19.68,20,19.56,30,19.43,40,19.4,60,18.14,80,16.28,100,14.3,120,9.47,140,7.53,160,7.09,180,6.91,200e,6.87,215e,6.68,230e,6.5
9/8/2021 15:00,1515.83,5,20.22,10,19.68,20,19.58,30,19.45,40,19.39,60,17.81,80,16.07,100,14.25,120,9.38,140,7.49,160,6.99,180,6.89,200e,6.87,215e,6.68,230e,6.5
9/8/2021 16:00,1515.76,5,20.25,10,19.64,20,19.55,30,19.44,40,19.38,60,17.49,80,15.96,100,13.83,120,9.31,140,7.45,160,7.01,180,6.88,200e,6.85,215e,6.67,230e,6.5
9/8/2021 17:00,1515.71,5,20.12,10,19.62,20,19.53,30,19.45,40,19.36,60,17.28,80,16.17,100,13.24,120,9.45,140,7.44,160,6.99,180,6.87,200e,6.84,215e,6.67,230e,6.5
9/8/2021 18:00,1515.65,5,19.95,10,19.59,20,19.48,30,19.42,40,19.36,60,17.19,80,16.14,100,13.6,120,10.02,140,7.47,160,6.97,180,6.87,200e,6.85,215e,6.67,230e,6.5
9/8/2021 19:00,1515.58,5,19.85,10,19.56,20,19.49,30,19.42,40,19.39,60,17.12,80,16.25,100,13.71,120,10.49,140,7.41,160,7.02,180,6.87,200e,6.83,215e,6.67,230e,6.5
9/8/2021 20:00,1515.52,5,19.97,10,19.54,20,19.49,30,19.42,40,19.39,60,17.28,80,16.33,100,14.59,120,10.12,140,7.55,160,7.03,180,6.87,200e,6.83,215e,6.67,230e,6.5
9/8/2021 21:00,1515.51,5,19.94,10,19.59,20,19.54,30,19.47,40,19.38,60,17.37,80,16.36,100,14.67,120,10.57,140,7.8,160,7.07,180,6.9,200e,6.86,215e,6.68,230e,6.5
9/8/2021 22:00,1515.49,5,19.81,10,19.63,20,19.55,30,19.45,40,19.39,60,17.48,80,16.39,100,14.36,120,10.88,140,8.01,160,7.14,180,6.88,200e,6.82,215e,6.66,230e,6.5
9/8/2021 23:00,1515.48,5,19.71,10,19.69,20,19.6,30,19.47,40,19.4,60,17.51,80,16.35,100,14.59,120,11.26,140,8.15,160,7.21,180,6.94,200e,6.87,215e,6.69,230e,6.5
9/9/2021 0:00,1515.46,5,19.67,10,19.66,20,19.57,30,19.48,40,19.4,60,17.53,80,16.38,100,14.65,120,11.17,140,8.44,160,7.34,180,6.97,200e,6.88,215e,6.69,230e,6.5
9/9/2021 1:00,1515.45,5,19.64,10,19.63,20,19.6,30,19.45,40,19.38,60,17.58,80,16.42,100,14.82,120,11.24,140,8.29,160,7.3,180,6.94,200e,6.85,215e,6.68,230e,6.5
9/9/2021 2:00,1515.43,5,19.62,10,19.61,20,19.61,30,19.46,40,19.39,60,17.42,80,16.37,100,14.93,120,11.48,140,8.76,160,7.22,180,6.93,200e,6.86,215e,6.68,230e,6.5
9/9/2021 3:00,1515.41,5,19.6,10,19.59,20,19.61,30,19.49,40,19.38,60,17.29,80,16.28,100,14.99,120,11.4,140,8.6,160,7.19,180,6.95,200e,6.89,215e,6.7,230e,6.5
9/9/2021 4:00,1515.42,5,19.58,10,19.56,20,19.6,30,19.52,40,19.39,60,17.35,80,16.2,100,14.07,120,11.31,140,8.43,160,7.36,180,6.96,200e,6.86,215e,6.68,230e,6.5
9/9/2021 5:00,1515.42,5,19.55,10,19.53,20,19.57,30,19.53,40,19.4,60,17.27,80,16,100,13.95,120,11.02,140,8.44,160,7.45,180,7.04,200e,6.94,215e,6.72,230e,6.5
9/9/2021 6:00,1515.44,5,19.55,10,19.52,20,19.55,30,19.53,40,19.4,60,17.38,80,16.04,100,13.88,120,10.77,140,8.5,160,7.36,180,7.05,200e,6.97,215e,6.74,230e,6.5
9/9/2021 7:00,1515.45,5,19.53,10,19.5,20,19.54,30,19.49,40,19.47,60,17.36,80,16.05,100,13.74,120,10.52,140,8.56,160,7.38,180,7.03,200e,6.94,215e,6.72,230e,6.5
9/9/2021 8:00,1515.46,5,19.54,10,19.51,20,19.54,30,19.51,40,19.49,60,17.65,80,16.14,100,13.3,120,10.62,140,8.1,160,7.34,180,7.02,200e,6.94,215e,6.72,230e,6.5
9/9/2021 9:00,1515.47,5,19.59,10,19.55,20,19.57,30,19.52,40,19.5,60,17.88,80,16.25,100,13.39,120,10.54,140,8.13,160,7.39,180,7.08,200e,7,215e,6.75,230e,6.5
9/9/2021 10:00,1515.48,5,19.66,10,19.57,20,19.55,30,19.51,40,19.49,60,17.99,80,16.32,100,13.45,120,10.49,140,8.24,160,7.36,180,7.11,200e,7.05,215e,6.77,230e,6.5
9/9/2021 11:00,1515.41,5,19.73,10,19.68,20,19.57,30,19.52,40,19.5,60,18.09,80,16.4,100,13.21,120,10.49,140,8.15,160,7.41,180,7.03,200e,6.94,215e,6.72,230e,6.5
9/9/2021 12:00,1515.35,5,19.76,10,19.7,20,19.61,30,19.54,40,19.5,60,17.91,80,16.26,100,13.31,120,9.79,140,7.83,160,7.33,180,6.98,200e,6.89,215e,6.7,230e,6.5
9/9/2021 13:00,1515.28,5,19.81,10,19.76,20,19.64,30,19.51,40,19.47,60,17.83,80,16.09,100,13.11,120,9.78,140,7.8,160,7.27,180,6.96,200e,6.88,215e,6.69,230e,6.5
9/9/2021 14:00,1515.21,5,19.82,10,19.77,20,19.61,30,19.5,40,19.49,60,17.61,80,16.06,100,13.04,120,9.37,140,7.81,160,7.19,180,6.96,200e,6.9,215e,6.7,230e,6.5
9/9/2021 15:00,1515.16,5,19.87,10,19.84,20,19.65,30,19.53,40,19.49,60,17.39,80,16.14,100,12.89,120,9.75,140,7.87,160,7.16,180,6.97,200e,6.92,215e,6.71,230e,6.5
9/9/2021 16:00,1515.1,5,19.88,10,19.86,20,19.64,30,19.53,40,19.48,60,17.33,80,16.17,100,13.12,120,9.99,140,7.85,160,7.17,180,6.96,200e,6.91,215e,6.7,230e,6.5
9/9/2021 17:00,1515.02,5,19.87,10,19.79,20,19.62,30,19.52,40,19.45,60,17.11,80,16.19,100,14.02,120,10.15,140,8.03,160,7.24,180,6.99,200e,6.93,215e,6.71,230e,6.5
9/9/2021 18:00,1514.95,5,19.81,10,19.79,20,19.6,30,19.53,40,19.48,60,17.04,80,16.15,100,14.07,120,10.86,140,8.07,160,7.22,180,7.01,200e,6.96,215e,6.73,230e,6.5
9/9/2021 19:00,1514.85,5,19.79,10,19.72,20,19.59,30,19.51,40,19.09,60,17.13,80,16.15,100,14.15,120,10.97,140,8.23,160,7.45,180,7.03,200e,6.93,215e,6.71,230e,6.5
9/9/2021 20:00,1514.76,5,19.75,10,19.71,20,19.56,30,19.49,40,18.94,60,17.2,80,16.2,100,14.48,120,10.91,140,8.44,160,7.44,180,6.99,200e,6.88,215e,6.69,230e,6.5
9/9/2021 21:00,1514.74,5,19.72,10,19.68,20,19.55,30,19.49,40,19.11,60,17.31,80,16.36,100,14.66,120,10.94,140,8.66,160,7.46,180,7,200e,6.89,215e,6.69,230e,6.5
9/9/2021 22:00,1514.7,5,19.66,10,19.62,20,19.55,30,19.5,40,19.17,60,17.14,80,16.4,100,14.82,120,10.98,140,8.7,160,7.41,180,7.02,200e,6.92,215e,6.71,230e,6.5
9/9/2021 23:00,1514.69,5,19.57,10,19.55,20,19.57,30,19.43,40,19.12,60,17.03,80,16.43,100,14.74,120,11.45,140,8.89,160,7.47,180,7.02,200e,6.91,215e,6.7,230e,6.5
9/10/2021 0:00,1514.68,5,19.52,10,19.5,20,19.53,30,19.43,40,18.96,60,17.08,80,16.45,100,13.83,120,11.45,140,8.95,160,7.22,180,6.95,200e,6.88,215e,6.69,230e,6.5
9/10/2021 1:00,1514.66,5,19.49,10,19.47,20,19.5,30,19.35,40,18.57,60,17.1,80,16.34,100,13.83,120,11.7,140,8.67,160,7.4,180,7,200e,6.9,215e,6.7,230e,6.5
9/10/2021 2:00,1514.64,5,19.45,10,19.44,20,19.48,30,19.28,40,18.27,60,17.13,80,16.25,100,13.69,120,11.65,140,9,160,7.5,180,6.98,200e,6.85,215e,6.68,230e,6.5
9/10/2021 3:00,1514.65,5,19.47,10,19.43,20,19.47,30,19.17,40,18.26,60,17.13,80,16.09,100,13.67,120,11.51,140,8.83,160,7.4,180,6.98,200e,6.88,215e,6.69,230e,6.5
9/10/2021 4:00,1514.66,5,19.43,10,19.41,20,19.43,30,18.97,40,18.38,60,17.04,80,16.1,100,13.88,120,11.28,140,8.5,160,7.44,180,7.05,200e,6.95,215e,6.73,230e,6.5
9/10/2021 5:00,1514.67,5,19.42,10,19.39,20,19.41,30,18.83,40,18.39,60,17.07,80,16.18,100,13.96,120,11.08,140,8.11,160,7.42,180,6.97,200e,6.86,215e,6.68,230e,6.5
9/10/2021 6:00,1514.69,5,19.39,10,19.37,20,19.39,30,18.88,40,18.59,60,17.21,80,16.25,100,14.13,120,10.95,140,8.17,160,7.28,180,6.96,200e,6.88,215e,6.69,230e,6.5
9/10/2021 7:00,1514.69,5,19.36,10,19.35,20,19.39,30,19.08,40,18.55,60,17.32,80,16.43,100,14.48,120,11.41,140,8.15,160,7.25,180,6.93,200e,6.85,215e,6.68,230e,6.5
9/10/2021 8:00,1514.69,5,19.34,10,19.33,20,19.36,30,19.06,40,18.68,60,17.45,80,16.54,100,14.73,120,11.39,140,7.88,160,7.13,180,6.93,200e,6.88,215e,6.69,230e,6.5
9/10/2021 9:00,1514.69,5,19.36,10,19.32,20,19.35,30,19.12,40,18.94,60,17.44,80,16.64,100,14.79,120,11.23,140,7.89,160,7.07,180,6.93,200e,6.9,215e,6.7,230e,6.5
9/10/2021 10:00,1514.72,5,19.32,10,19.31,20,19.31,30,19.1,40,18.82,60,17.75,80,16.68,100,14.84,120,10.44,140,7.74,160,7.16,180,6.92,200e,6.86,215e,6.68,230e,6.5
9/10/2021 11:00,1514.72,5,19.32,10,19.29,20,19.32,30,19.12,40,18.73,60,17.82,80,16.67,100,14.44,120,9.9,140,7.75,160,7.19,180,6.92,200e,6.85,215e,6.68,230e,6.5
9/10/2021 12:00,1514.67,5,19.3,10,19.28,20,19.3,30,19.07,40,18.79,60,17.83,80,16.55,100,14.32,120,9.18,140,7.57,160,7.09,180,6.91,200e,6.87,215e,6.68,230e,6.5
9/10/2021 13:00,1514.62,5,19.31,10,19.28,20,19.28,30,19.16,40,18.69,60,17.77,80,16.52,100,13.88,120,8.76,140,7.33,160,7.05,180,6.9,200e,6.86,215e,6.68,230e,6.5
9/10/2021 14:00,1514.55,5,19.31,10,19.27,20,19.28,30,19.01,40,18.63,60,17.53,80,16.54,100,13.84,120,9.04,140,7.34,160,6.97,180,6.88,200e,6.86,215e,6.68,230e,6.5
9/10/2021 15:00,1514.49,5,19.32,10,19.28,20,19.24,30,18.97,40,18.62,60,17.61,80,16.54,100,14.32,120,9.03,140,7.33,160,7.02,180,6.87,200e,6.83,215e,6.67,230e,6.5
9/10/2021 16:00,1514.43,5,19.3,10,19.27,20,19.24,30,18.95,40,18.59,60,17.56,80,16.6,100,13.93,120,9.04,140,7.42,160,7,180,6.86,200e,6.83,215e,6.66,230e,6.5
9/10/2021 17:00,1514.37,5,19.26,10,19.24,20,19.23,30,18.89,40,18.52,60,17.45,80,16.52,100,14.03,120,9.56,140,7.47,160,7.02,180,6.89,200e,6.86,215e,6.68,230e,6.5
9/10/2021 18:00,1514.31,5,19.23,10,19.21,20,19.24,30,18.85,40,18.63,60,17.51,80,16.59,100,14.37,120,9.57,140,7.55,160,7.02,180,6.9,200e,6.87,215e,6.69,230e,6.5
9/10/2021 19:00,1514.21,5,19.2,10,19.19,20,19.22,30,18.86,40,18.65,60,17.64,80,16.68,100,14.56,120,10.61,140,7.97,160,7.13,180,6.91,200e,6.86,215e,6.68,230e,6.5
9/10/2021 20:00,1514.11,5,19.21,10,19.18,20,19.21,30,18.8,40,18.68,60,17.65,80,16.74,100,14.67,120,10.78,140,8.04,160,7.14,180,6.92,200e,6.87,215e,6.68,230e,6.5
9/10/2021 21:00,1514.02,5,19.18,10,19.17,20,19.2,30,18.83,40,18.66,60,17.62,80,16.74,100,14.73,120,10.57,140,8.22,160,7.21,180,6.9,200e,6.82,215e,6.66,230e,6.5
9/10/2021 22:00,1513.99,5,19.18,10,19.15,20,19.18,30,18.95,40,18.69,60,17.61,80,16.59,100,14.63,120,11.32,140,8.44,160,7.26,180,6.93,200e,6.85,215e,6.67,230e,6.5
9/10/2021 23:00,1513.97,5,19.14,10,19.13,20,19.16,30,18.85,40,18.68,60,17.61,80,16.54,100,14.96,120,11.4,140,8.65,160,7.39,180,7,200e,6.9,215e,6.7,230e,6.5
9/11/2021 0:00,1513.95,5,19.14,10,19.11,20,19.15,30,18.89,40,18.63,60,17.69,80,16.58,100,14.49,120,11.26,140,8.96,160,7.38,180,6.93,200e,6.82,215e,6.66,230e,6.5
9/11/2021 1:00,1513.93,5,19.14,10,19.11,20,19.13,30,18.9,40,18.62,60,17.63,80,16.6,100,14.29,120,11.37,140,8.8,160,7.42,180,6.96,200e,6.85,215e,6.67,230e,6.5
9/11/2021 2:00,1513.92,5,19.11,10,19.1,20,19.13,30,18.96,40,18.58,60,17.58,80,16.33,100,14.24,120,11.13,140,8.92,160,7.47,180,6.99,200e,6.87,215e,6.69,230e,6.5
9/11/2021 3:00,1513.9,5,19.11,10,19.08,20,19.11,30,19,40,18.62,60,17.51,80,16.15,100,14.21,120,11.18,140,8.8,160,7.51,180,7,200e,6.87,215e,6.69,230e,6.5
9/11/2021 4:00,1513.91,5,19.1,10,19.06,20,19.09,30,19,40,18.66,60,17.5,80,16.04,100,14.11,120,11.19,140,8.59,160,7.4,180,7.01,200e,6.91,215e,6.71,230e,6.5
9/11/2021 5:00,1513.92,5,19.05,10,19.04,20,19.07,30,19.03,40,18.73,60,17.67,80,16.15,100,14.27,120,11.14,140,8.56,160,7.54,180,7.1,200e,6.99,215e,6.75,230e,6.5
9/11/2021 6:00,1513.93,5,19.04,10,19.03,20,19.06,30,19.05,40,18.76,60,17.99,80,16.37,100,14.28,120,11.03,140,8.58,160,7.54,180,7.12,200e,7.02,215e,6.76,230e,6.5
9/11/2021 7:00,1513.95,5,19.05,10,19.03,20,19.06,30,19.05,40,18.93,60,18.1,80,16.48,100,14.29,120,10.91,140,8.69,160,7.47,180,7.06,200e,6.96,215e,6.73,230e,6.5
9/11/2021 8:00,1513.97,5,19.04,10,19.02,20,19.05,30,19.04,40,19.02,60,18.34,80,16.61,100,14.2,120,10.99,140,8.66,160,7.44,180,7.05,200e,6.95,215e,6.73,230e,6.5
9/11/2021 9:00,1513.98,5,19.15,10,19.06,20,19.07,30,19.04,40,19.03,60,18.48,80,16.81,100,14.57,120,10.96,140,8.41,160,7.43,180,7.07,200e,6.98,215e,6.74,230e,6.5
9/11/2021 10:00,1513.98,5,19.17,10,19.08,20,19.06,30,19.04,40,19.03,60,18.51,80,17.03,100,14.63,120,10.66,140,8.28,160,7.43,180,7.02,200e,6.92,215e,6.71,230e,6.5
9/11/2021 11:00,1513.94,5,19.37,10,19.21,20,19.17,30,19.07,40,19.04,60,18.86,80,17.18,100,14.43,120,10.22,140,7.95,160,7.3,180,7.02,200e,6.95,215e,6.73,230e,6.5
9/11/2021 12:00,1513.87,5,19.52,10,19.18,20,19.14,30,19.09,40,19.06,60,18.88,80,17.16,100,14.34,120,9.78,140,7.85,160,7.18,180,6.99,200e,6.94,215e,6.72,230e,6.5
9/11/2021 13:00,1513.81,5,19.58,10,19.35,20,19.23,30,19.12,40,19.06,60,18.77,80,16.84,100,13.62,120,9.57,140,7.69,160,7.13,180,6.93,200e,6.88,215e,6.69,230e,6.5
9/11/2021 14:00,1513.74,5,19.62,10,19.28,20,19.18,30,19.09,40,19.04,60,18.79,80,16.62,100,13.24,120,9.37,140,7.64,160,7.14,180,6.93,200e,6.88,215e,6.69,230e,6.5
9/11/2021 15:00,1513.67,5,19.62,10,19.28,20,19.16,30,19.09,40,19.06,60,18.8,80,16.37,100,13.34,120,9.43,140,7.69,160,7.18,180,6.95,200e,6.89,215e,6.7,230e,6.5
9/11/2021 16:00,1513.59,5,19.56,10,19.37,20,19.15,30,19.07,40,19.04,60,18.72,80,16.03,100,13.34,120,9.63,140,7.87,160,7.14,180,6.95,200e,6.9,215e,6.7,230e,6.5
9/11/2021 17:00,1513.53,5,19.49,10,19.47,20,19.14,30,19.07,40,19.04,60,18.29,80,15.83,100,13.45,120,10.1,140,7.85,160,7.15,180,6.93,200e,6.88,215e,6.69,230e,6.5
9/11/2021 18:00,1513.46,5,19.44,10,19.4,20,19.13,30,19.07,40,19.04,60,18.08,80,15.93,100,13.56,120,9.96,140,8.03,160,7.19,180,6.95,200e,6.89,215e,6.7,230e,6.5
9/11/2021 19:00,1513.37,5,19.48,10,19.31,20,19.13,30,19.08,40,19.03,60,17.98,80,16.23,100,13.83,120,10.65,140,8.46,160,7.18,180,6.95,200e,6.89,215e,6.7,230e,6.5
9/11/2021 20:00,1513.28,5,19.44,10,19.26,20,19.14,30,19.09,40,19.05,60,17.64,80,16.06,100,14.09,120,11.01,140,8.76,160,7.29,180,7,200e,6.93,215e,6.71,230e,6.5
9/11/2021 21:00,1513.19,5,19.33,10,19.23,20,19.16,30,19.09,40,19.04,60,17.62,80,16.27,100,14.49,120,11.35,140,8.9,160,7.4,180,7.03,200e,6.94,215e,6.72,230e,6.5
9/11/2021 22:00,1513.17,5,19.28,10,19.24,20,19.19,30,19.1,40,19.04,60,17.34,80,16.28,100,14.52,120,12.12,140,9.15,160,7.54,180,7.04,200e,6.92,215e,6.71,230e,6.5
9/11/2021 23:00,1513.15,5,19.23,10,19.22,20,19.22,30,19.11,40,19.05,60,17.58,80,16.36,100,14.65,120,12.57,140,9.94,160,7.63,180,7.04,200e,6.89,215e,6.7,230e,6.5
9/12/2021 0:00,1513.14,5,19.25,10,19.23,20,19.26,30,19.11,40,19.04,60,17.36,80,16.22,100,14.84,120,12.41,140,9.43,160,7.67,180,7.08,200e,6.93,215e,6.72,230e,6.5
9/12/2021 1:00,1513.12,5,19.23,10,19.23,20,19.26,30,19.14,40,19.04,60,17.37,80,16.15,100,14.74,120,12.32,140,9.42,160,7.65,180,7.12,200e,6.99,215e,6.74,230e,6.5
9/12/2021 2:00,1513.1,5,19.23,10,19.21,20,19.25,30,19.16,40,19.04,60,17.23,80,16.09,100,14.74,120,11.72,140,9.37,160,7.45,180,6.97,200e,6.85,215e,6.68,230e,6.5
9/12/2021 3:00,1513.08,5,19.19,10,19.19,20,19.23,30,19.18,40,19.06,60,17.28,80,16.19,100,14.91,120,11.63,140,8.93,160,7.34,180,7.01,200e,6.93,215e,6.71,230e,6.5
9/12/2021 4:00,1513.1,5,19.19,10,19.18,20,19.22,30,19.2,40,19.04,60,17.12,80,16.08,100,14.76,120,10.78,140,8.65,160,7.19,180,6.92,200e,6.85,215e,6.68,230e,6.5
9/12/2021 5:00,1513.11,5,19.17,10,19.16,20,19.19,30,19.18,40,19.06,60,17.12,80,16.11,100,14.78,120,10.74,140,8.22,160,7.15,180,6.95,200e,6.9,215e,6.7,230e,6.5
9/12/2021 6:00,1513.12,5,19.17,10,19.15,20,19.18,30,19.17,40,19.07,60,17.12,80,16.08,100,14.76,120,10.65,140,8.38,160,7.19,180,6.93,200e,6.87,215e,6.68,230e,6.5
9/12/2021 7:00,1513.13,5,19.17,10,19.16,20,19.19,30,19.14,40,19.11,60,17.26,80,16.11,100,14.62,120,10.72,140,8.16,160,7.23,180,6.97,200e,6.91,215e,6.7,230e,6.5
9/12/2021 8:00,1513.15,5,19.18,10,19.16,20,19.19,30,19.17,40,19.12,60,17.38,80,16.11,100,14.88,120,10.7,140,7.88,160,7.17,180,6.98,200e,6.93,215e,6.72,230e,6.5
9/12/2021 9:00,1513.17,5,19.29,10,19.2,20,19.21,30,19.19,40,19.17,60,18.8,80,16.22,100,15.1,120,10.36,140,7.99,160,7.17,180,6.93,200e,6.87,215e,6.69,230e,6.5
9/12/2021 10:00,1513.17,5,19.4,10,19.26,20,19.24,30,19.23,40,19.12,60,18.61,80,16.33,100,15.01,120,10.3,140,8.04,160,7.12,180,6.91,200e,6.86,215e,6.68,230e,6.5
9/12/2021 11:00,1513.11,5,19.5,10,19.28,20,19.24,30,19.19,40,19.17,60,19.04,80,16.34,100,15.17,120,10.26,140,7.99,160,7.1,180,6.92,200e,6.88,215e,6.69,230e,6.5
9/12/2021 12:00,1513.03,5,19.48,10,19.3,20,19.27,30,19.23,40,19.18,60,19.04,80,16.44,100,14.93,120,10.24,140,7.57,160,7.12,180,6.93,200e,6.88,215e,6.69,230e,6.5
9/12/2021 13:00,1512.97,5,19.59,10,19.47,20,19.26,30,19.2,40,19.1,60,18.9,80,16.41,100,14.63,120,9.87,140,7.54,160,7.04,180,6.91,200e,6.88,215e,6.69,230e,6.5
9/12/2021 14:00,1512.91,5,19.67,10,19.61,20,19.27,30,19.22,40,19.12,60,18.78,80,16.26,100,14.66,120,10,140,7.47,160,7.02,180,6.87,200e,6.83,215e,6.67,230e,6.5
9/12/2021 15:00,1512.84,5,19.61,10,19.58,20,19.29,30,19.22,40,19.15,60,17.24,80,16.11,100,14.49,120,9.49,140,7.59,160,7.06,180,6.88,200e,6.84,215e,6.67,230e,6.5
9/12/2021 16:00,1512.78,5,19.62,10,19.56,20,19.3,30,19.19,40,19.14,60,16.97,80,16.04,100,14.3,120,9.84,140,7.72,160,7.1,180,6.89,200e,6.84,215e,6.67,230e,6.5
9/12/2021 17:00,1512.71,5,19.55,10,19.5,20,19.23,30,19.2,40,19.11,60,16.89,80,15.98,100,14.53,120,10.49,140,7.88,160,7.13,180,6.89,200e,6.83,215e,6.67,230e,6.5
9/12/2021 18:00,1512.65,5,19.5,10,19.44,20,19.22,30,19.17,40,19.11,60,16.95,80,16.1,100,15.03,120,10.57,140,7.95,160,7.1,180,6.9,200e,6.85,215e,6.68,230e,6.5
9/12/2021 19:00,1512.55,5,19.37,10,19.31,20,19.21,30,19.13,40,19.03,60,16.94,80,16.14,100,15.05,120,11.23,140,8.05,160,7.08,180,6.93,200e,6.89,215e,6.7,230e,6.5
9/12/2021 20:00,1512.45,5,19.31,10,19.26,20,19.21,30,19.13,40,19.07,60,16.92,80,16.1,100,15.26,120,11.43,140,8.24,160,7.11,180,6.95,200e,6.91,215e,6.71,230e,6.5
9/12/2021 21:00,1512.35,5,19.24,10,19.23,20,19.22,30,19.16,40,19.08,60,17.09,80,16.24,100,15.44,120,11.55,140,8.19,160,7.1,180,6.89,200e,6.84,215e,6.67,230e,6.5
9/12/2021 22:00,1512.3,5,19.21,10,19.19,20,19.22,30,19.15,40,19.09,60,17.17,80,16.44,100,15.63,120,11.52,140,8.25,160,7.33,180,6.94,200e,6.84,215e,6.67,230e,6.5
9/12/2021 23:00,1512.29,5,19.2,10,19.18,20,19.21,30,19.14,40,19.08,60,17.33,80,16.52,100,15.54,120,11.71,140,8.49,160,7.33,180,6.93,200e,6.83,215e,6.67,230e,6.5
9/13/2021 0:00,1512.28,5,19.17,10,19.15,20,19.18,30,19.16,40,19.09,60,17.42,80,16.45,100,15.52,120,11.28,140,8.49,160,7.22,180,6.94,200e,6.87,215e,6.69,230e,6.5
9/13/2021 1:00,1512.26,5,19.16,10,19.13,20,19.16,30,19.14,40,19.03,60,17.28,80,16.45,100,15.36,120,11.05,140,8.45,160,7.24,180,6.93,200e,6.85,215e,6.68,230e,6.5
9/13/2021 2:00,1512.25,5,19.12,10,19.11,20,19.14,30,19.12,40,19.02,60,17.15,80,16.4,100,15.41,120,11.03,140,8.42,160,7.21,180,6.95,200e,6.89,215e,6.69,230e,6.5
9/13/2021 3:00,1512.24,5,19.09,10,19.08,20,19.12,30,19.11,40,19.02,60,17.15,80,16.36,100,15,120,11.23,140,8.31,160,7.36,180,7.01,200e,6.92,215e,6.71,230e,6.5
9/13/2021 4:00,1512.25,5,19.09,10,19.06,20,19.1,30,19.09,40,18.77,60,17.11,80,16.2,100,14.76,120,11.31,140,8.12,160,7.3,180,6.98,200e,6.9,215e,6.7,230e,6.5
9/13/2021 5:00,1512.26,5,19.08,10,19.04,20,19.08,30,19.07,40,18.67,60,16.98,80,16.21,100,14.71,120,11.14,140,8.27,160,7.37,180,7.04,200e,6.96,215e,6.73,230e,6.5
9/13/2021 6:00,1512.27,5,19.04,10,19.02,20,19.05,30,19.04,40,18.97,60,16.97,80,16.23,100,14.48,120,11.03,140,8.7,160,7.46,180,7.03,200e,6.92,215e,6.71,230e,6.5
9/13/2021 7:00,1512.28,5,19.04,10,19.03,20,19.05,30,19.04,40,19.03,60,17.11,80,16.31,100,14.78,120,10.92,140,8.81,160,7.43,180,7.07,200e,6.98,215e,6.74,230e,6.5
9/13/2021 8:00,1512.3,5,19.04,10,19.02,20,19.05,30,19.03,40,19.01,60,17.28,80,16.38,100,14.88,120,11.1,140,8.72,160,7.41,180,7.06,200e,6.97,215e,6.74,230e,6.5
9/13/2021 9:00,1512.31,5,19.21,10,19.06,20,19.09,30,19.06,40,19.01,60,17.51,80,16.53,100,14.83,120,11.27,140,8.57,160,7.37,180,6.98,200e,6.88,215e,6.69,230e,6.5
9/13/2021 10:00,1512.32,5,19.2,10,19.12,20,19.1,30,19.04,40,19.02,60,17.96,80,16.54,100,14.77,120,11.08,140,8.44,160,7.41,180,7.01,200e,6.91,215e,6.71,230e,6.5
9/13/2021 11:00,1512.27,5,19.25,10,19.17,20,19.14,30,19.04,40,19.01,60,18.37,80,16.64,100,14.9,120,10.7,140,8.33,160,7.32,180,7,200e,6.92,215e,6.71,230e,6.5
9/13/2021 12:00,1512.19,5,19.31,10,19.26,20,19.14,30,19.07,40,19.03,60,18.34,80,16.72,100,14.98,120,10.46,140,8.03,160,7.25,180,6.96,200e,6.89,215e,6.69,230e,6.5
9/13/2021 13:00,1512.12,5,19.34,10,19.37,20,19.21,30,19.1,40,19.05,60,18.22,80,16.66,100,14.89,120,10.31,140,7.89,160,7.19,180,6.92,200e,6.85,215e,6.68,230e,6.5
9/13/2021 14:00,1512.05,5,19.38,10,19.38,20,19.15,30,19.07,40,19.05,60,17.99,80,16.58,100,14.66,120,9.86,140,7.84,160,7.14,180,6.91,200e,6.85,215e,6.68,230e,6.5
9/13/2021 15:00,1511.99,5,19.37,10,19.42,20,19.2,30,19.09,40,19.05,60,17.89,80,16.5,100,14.42,120,9.57,140,7.69,160,7.13,180,6.93,200e,6.88,215e,6.69,230e,6.5
9/13/2021 16:00,1511.92,5,19.31,10,19.33,20,19.16,30,19.09,40,19.04,60,17.8,80,16.47,100,14.38,120,9.51,140,7.6,160,7.08,180,6.91,200e,6.87,215e,6.68,230e,6.5
9/13/2021 17:00,1511.84,5,19.28,10,19.24,20,19.1,30,19.05,40,19.03,60,17.53,80,16.44,100,13.32,120,9.66,140,7.8,160,7.12,180,6.92,200e,6.87,215e,6.69,230e,6.5
9/13/2021 18:00,1511.78,5,19.15,10,19.13,20,19.11,30,19.05,40,18.99,60,17.51,80,16.35,100,13.29,120,9.8,140,7.93,160,7.17,180,6.94,200e,6.88,215e,6.69,230e,6.5
9/13/2021 19:00,1511.69,5,19.1,10,19.08,20,19.11,30,19.08,40,19.02,60,17.5,80,16.4,100,14.32,120,10.38,140,8.31,160,7.24,180,6.96,200e,6.89,215e,6.7,230e,6.5
9/13/2021 20:00,1511.6,5,19.07,10,19.05,20,19.09,30,19.04,40,19.01,60,17.58,80,16.37,100,14.46,120,10.8,140,8.54,160,7.47,180,7.06,200e,6.96,215e,6.73,230e,6.5
9/13/2021 21:00,1511.51,5,19.06,10,19.03,20,19.06,30,19.05,40,19.01,60,17.58,80,16.39,100,14.57,120,10.96,140,8.72,160,7.56,180,7.05,200e,6.92,215e,6.71,230e,6.5
9/13/2021 22:00,1511.49,5,19.04,10,19.01,20,19.04,30,19.03,40,19.01,60,17.52,80,16.39,100,14.96,120,11.32,140,9.29,160,7.82,180,7.1,200e,6.92,215e,6.71,230e,6.5
9/13/2021 23:00,1511.48,5,19.02,10,18.99,20,19.02,30,19.01,40,19,60,17.51,80,16.53,100,15.35,120,11.41,140,9.82,160,7.87,180,7.12,200e,6.93,215e,6.72,230e,6.5
9/14/2021 0:00,1511.46,5,19.01,10,18.98,20,19.01,30,19,40,19,60,17.57,80,16.4,100,15.46,120,12.11,140,10,160,7.98,180,7.16,200e,6.96,215e,6.73,230e,6.5
9/14/2021 1:00,1511.45,5,18.97,10,18.94,20,18.98,30,18.97,40,18.97,60,17.47,80,16.42,100,15.4,120,12.27,140,10.07,160,7.82,180,7.09,200e,6.91,215e,6.7,230e,6.5
9/14/2021 2:00,1511.43,5,18.95,10,18.92,20,18.96,30,18.96,40,18.96,60,17.4,80,16.46,100,15.37,120,12.17,140,9.96,160,7.71,180,7.08,200e,6.92,215e,6.71,230e,6.5
9/14/2021 3:00,1511.42,5,18.95,10,18.91,20,18.96,30,18.94,40,18.94,60,17.5,80,16.54,100,15.42,120,11.94,140,9.48,160,7.66,180,7.06,200e,6.91,215e,6.71,230e,6.5
9/14/2021 4:00,1511.4,5,18.9,10,18.88,20,18.91,30,18.9,40,18.91,60,17.58,80,16.55,100,15.3,120,11.76,140,9.21,160,7.41,180,6.97,200e,6.86,215e,6.68,230e,6.5
9/14/2021 5:00,1511.39,5,18.88,10,18.86,20,18.9,30,18.9,40,18.9,60,17.56,80,16.53,100,14.86,120,11.61,140,8.7,160,7.22,180,6.92,200e,6.85,215e,6.67,230e,6.5
9/14/2021 6:00,1511.37,5,18.88,10,18.86,20,18.9,30,18.89,40,18.88,60,17.64,80,16.43,100,14.48,120,11.32,140,8.15,160,7.17,180,6.89,200e,6.82,215e,6.66,230e,6.5
9/14/2021 7:00,1511.35,5,18.87,10,18.84,20,18.89,30,18.88,40,18.87,60,17.82,80,16.39,100,14.48,120,11.28,140,8.03,160,7.09,180,6.94,200e,6.9,215e,6.7,230e,6.5
9/14/2021 8:00,1511.34,5,18.86,10,18.85,20,18.89,30,18.87,40,18.87,60,18.05,80,16.62,100,14.63,120,11.07,140,8.19,160,7.13,180,6.88,200e,6.82,215e,6.66,230e,6.5
9/14/2021 9:00,1511.31,5,18.96,10,18.89,20,18.91,30,18.88,40,18.87,60,18.82,80,16.79,100,14.57,120,10.9,140,8.11,160,7.13,180,6.9,200e,6.84,215e,6.67,230e,6.5
9/14/2021 10:00,1511.31,5,18.98,10,18.94,20,18.96,30,18.91,40,18.86,60,18.83,80,16.85,100,14.57,120,10.75,140,7.75,160,7.03,180,6.91,200e,6.88,215e,6.69,230e,6.5
9/14/2021 11:00,1511.32,5,19.13,10,19.04,20,19,30,18.97,40,18.89,60,18.84,80,17.1,100,14.65,120,10.49,140,7.48,160,7.04,180,6.86,200e,6.82,215e,6.66,230e,6.5
9/14/2021 12:00,1511.32,5,19.3,10,19.07,20,18.98,30,18.91,40,18.9,60,18.87,80,17.16,100,14.84,120,10.53,140,7.55,160,6.98,180,6.84,200e,6.81,215e,6.65,230e,6.5
9/14/2021 13:00,1511.32,5,19.39,10,19.1,20,19.02,30,18.93,40,18.9,60,18.86,80,17.05,100,13.98,120,10.13,140,7.57,160,7.01,180,6.88,200e,6.85,215e,6.67,230e,6.5
9/14/2021 14:00,1511.27,5,19.42,10,19.1,20,18.99,30,18.9,40,18.89,60,18.82,80,16.82,100,13.8,120,9.73,140,7.43,160,6.99,180,6.89,200e,6.87,215e,6.68,230e,6.5
9/14/2021 15:00,1511.2,5,19.41,10,19.1,20,19,30,18.91,40,18.89,60,18.84,80,16.67,100,13.61,120,9.5,140,7.52,160,7.01,180,6.89,200e,6.86,215e,6.68,230e,6.5
9/14/2021 16:00,1511.13,5,19.35,10,19.24,20,19.01,30,18.94,40,18.89,60,18.84,80,16.51,100,13.88,120,9.49,140,7.5,160,6.99,180,6.88,200e,6.85,215e,6.68,230e,6.5
9/14/2021 17:00,1511.03,5,19.29,10,19.13,20,18.98,30,18.93,40,18.88,60,18.8,80,16.31,100,13.51,120,10.03,140,7.57,160,7.02,180,6.86,200e,6.82,215e,6.66,230e,6.5
9/14/2021 18:00,1510.93,5,19.28,10,19.2,20,18.96,30,18.92,40,18.9,60,17.8,80,16.27,100,14.03,120,10.85,140,7.95,160,7.05,180,6.87,200e,6.83,215e,6.66,230e,6.5
9/14/2021 19:00,1510.83,5,19.18,10,19.14,20,18.95,30,18.91,40,18.89,60,17.64,80,16.25,100,14.11,120,11.47,140,8.19,160,7.18,180,6.89,200e,6.82,215e,6.66,230e,6.5
9/14/2021 20:00,1510.73,5,19.04,10,19.02,20,18.96,30,18.92,40,18.88,60,17.31,80,16.37,100,14.61,120,11.94,140,8.88,160,7.22,180,6.97,200e,6.91,215e,6.7,230e,6.5
9/14/2021 21:00,1510.63,5,18.97,10,18.95,20,18.98,30,18.91,40,18.87,60,17.32,80,16.2,100,14.96,120,12.46,140,8.7,160,7.36,180,7,200e,6.91,215e,6.71,230e,6.5
9/14/2021 22:00,1510.61,5,18.95,10,18.93,20,18.97,30,18.92,40,18.87,60,17.1,80,16.35,100,15.04,120,12.43,140,9.49,160,7.38,180,6.97,200e,6.87,215e,6.68,230e,6.5
9/14/2021 23:00,1510.59,5,18.96,10,18.94,20,18.97,30,18.95,40,18.88,60,17.22,80,16.36,100,14.94,120,12.39,140,9.77,160,7.35,180,6.95,200e,6.85,215e,6.68,230e,6.5
9/15/2021 0:00,1510.58,5,18.96,10,18.93,20,18.97,30,18.95,40,18.87,60,17.26,80,16.44,100,15.07,120,12.54,140,9.49,160,7.57,180,6.99,200e,6.85,215e,6.67,230e,6.5
9/15/2021 1:00,1510.56,5,18.92,10,18.9,20,18.95,30,18.91,40,18.89,60,17.33,80,16.47,100,15.15,120,12.38,140,8.89,160,7.38,180,6.99,200e,6.89,215e,6.7,230e,6.5
9/15/2021 2:00,1510.54,5,18.91,10,18.89,20,18.93,30,18.91,40,18.9,60,17.38,80,16.44,100,15.16,120,12.38,140,9.06,160,7.36,180,7.01,200e,6.92,215e,6.71,230e,6.5
9/15/2021 3:00,1510.52,5,18.9,10,18.88,20,18.91,30,18.9,40,18.9,60,17.37,80,16.5,100,15.02,120,12.1,140,8.72,160,7.45,180,7.07,200e,6.98,215e,6.74,230e,6.5
9/15/2021 4:00,1510.5,5,18.9,10,18.87,20,18.91,30,18.9,40,18.9,60,17.25,80,16.36,100,14.92,120,11.77,140,8.62,160,7.4,180,7.01,200e,6.91,215e,6.71,230e,6.5
9/15/2021 5:00,1510.49,5,18.88,10,18.86,20,18.9,30,18.89,40,18.89,60,17.01,80,16.26,100,14.7,120,12.33,140,8.76,160,7.4,180,6.97,200e,6.86,215e,6.68,230e,6.5
9/15/2021 6:00,1510.47,5,18.87,10,18.85,20,18.89,30,18.88,40,18.88,60,16.97,80,16.17,100,14.73,120,12.27,140,8.47,160,7.4,180,7.05,200e,6.96,215e,6.73,230e,6.5
9/15/2021 7:00,1510.46,5,18.85,10,18.83,20,18.88,30,18.87,40,18.88,60,16.96,80,16.31,100,14.87,120,12.03,140,8.57,160,7.36,180,7.02,200e,6.94,215e,6.72,230e,6.5
9/15/2021 8:00,1510.44,5,18.89,10,18.86,20,18.9,30,18.88,40,18.86,60,17.1,80,16.35,100,14.92,120,11.89,140,8.47,160,7.25,180,6.97,200e,6.9,215e,6.7,230e,6.5
9/15/2021 9:00,1510.42,5,18.92,10,18.91,20,18.92,30,18.89,40,18.88,60,17.4,80,16.33,100,14.98,120,11.65,140,8.31,160,7.41,180,7.01,200e,6.91,215e,6.71,230e,6.5
9/15/2021 10:00,1510.42,5,18.98,10,18.97,20,18.97,30,18.94,40,18.91,60,17.6,80,16.36,100,14.82,120,11.15,140,8.08,160,7.34,180,6.98,200e,6.89,215e,6.7,230e,6.5
9/15/2021 11:00,1510.43,5,19.02,10,19.01,20,18.98,30,18.93,40,18.9,60,17.66,80,16.37,100,14.85,120,10.9,140,7.93,160,7.12,180,6.95,200e,6.91,215e,6.7,230e,6.5
9/15/2021 12:00,1510.44,5,19.08,10,19.05,20,18.98,30,18.93,40,18.9,60,17.98,80,16.3,100,14.62,120,10.19,140,7.85,160,7.16,180,6.92,200e,6.86,215e,6.68,230e,6.5
9/15/2021 13:00,1510.45,5,19.15,10,19.12,20,18.99,30,18.92,40,18.87,60,17.49,80,16.29,100,14.41,120,9.57,140,7.81,160,7.11,180,6.95,200e,6.91,215e,6.71,230e,6.5
9/15/2021 14:00,1510.39,5,19.18,10,19.18,20,18.98,30,18.94,40,18.89,60,17.59,80,16.39,100,14.65,120,9.83,140,7.81,160,7.18,180,6.94,200e,6.88,215e,6.69,230e,6.5
9/15/2021 15:00,1510.33,5,19.17,10,19.17,20,19.01,30,18.95,40,18.9,60,17.39,80,16.37,100,14.79,120,9.84,140,7.75,160,7.12,180,6.94,200e,6.9,215e,6.7,230e,6.5
9/15/2021 16:00,1510.25,5,19.18,10,19.17,20,18.99,30,18.94,40,18.9,60,17.22,80,16.49,100,14.97,120,10.14,140,7.81,160,7.14,180,6.95,200e,6.9,215e,6.7,230e,6.5
9/15/2021 17:00,1510.15,5,19.08,10,19.08,20,18.97,30,18.92,40,18.9,60,17.14,80,16.5,100,15.23,120,10.25,140,7.72,160,7.15,180,6.96,200e,6.91,215e,6.71,230e,6.5
9/15/2021 18:00,1510.05,5,18.99,10,18.98,20,18.99,30,18.91,40,18.87,60,17.11,80,16.36,100,15.32,120,11.19,140,8.09,160,7.19,180,6.99,200e,6.94,215e,6.72,230e,6.5
9/15/2021 19:00,1509.95,5,18.96,10,18.94,20,18.96,30,18.91,40,18.86,60,17.21,80,16.44,100,15.36,120,12.07,140,8.39,160,7.2,180,6.95,200e,6.89,215e,6.69,230e,6.5
9/15/2021 20:00,1509.84,5,18.92,10,18.91,20,18.94,30,18.92,40,18.85,60,17.25,80,16.48,100,15.62,120,11.32,140,8.25,160,7.27,180,6.96,200e,6.88,215e,6.69,230e,6.5
9/15/2021 21:00,1509.74,5,18.9,10,18.88,20,18.92,30,18.9,40,18.86,60,17.22,80,16.6,100,15.64,120,11.4,140,8.08,160,7.21,180,6.93,200e,6.86,215e,6.68,230e,6.5
9/15/2021 22:00,1509.72,5,18.88,10,18.85,20,18.89,30,18.88,40,18.86,60,17.21,80,16.6,100,15.57,120,11.6,140,8.6,160,7.35,180,6.93,200e,6.83,215e,6.66,230e,6.5
9/15/2021 23:00,1509.7,5,18.81,10,18.82,20,18.88,30,18.86,40,18.85,60,17.22,80,16.61,100,15.67,120,11.82,140,8.6,160,7.67,180,7.01,200e,6.85,215e,6.67,230e,6.5
9/16/2021 0:00,1509.69,5,18.84,10,18.81,20,18.85,30,18.84,40,18.83,60,17.18,80,16.68,100,15.55,120,11.53,140,8.93,160,7.52,180,7.02,200e,6.9,215e,6.7,230e,6.5
9/16/2021 1:00,1509.67,5,18.82,10,18.79,20,18.82,30,18.81,40,18.8,60,17.28,80,16.66,100,15.25,120,11.85,140,8.85,160,7.47,180,6.97,200e,6.85,215e,6.67,230e,6.5
9/16/2021 2:00,1509.66,5,18.79,10,18.76,20,18.8,30,18.8,40,18.79,60,17.32,80,16.67,100,15.34,120,11.8,140,8.91,160,7.54,180,7.03,200e,6.9,215e,6.7,230e,6.5
9/16/2021 3:00,1509.65,5,18.78,10,18.74,20,18.79,30,18.78,40,18.76,60,17.33,80,16.59,100,15.35,120,11.85,140,9.12,160,7.7,180,7.1,200e,6.95,215e,6.73,230e,6.5
9/16/2021 4:00,1509.63,5,18.75,10,18.72,20,18.76,30,18.75,40,18.75,60,17.34,80,16.41,100,15.4,120,11.73,140,8.92,160,7.67,180,7.02,200e,6.86,215e,6.68,230e,6.5
9/16/2021 5:00,1509.61,5,18.68,10,18.69,20,18.73,30,18.73,40,18.72,60,17.41,80,16.4,100,15.43,120,11.78,140,8.84,160,7.56,180,7.05,200e,6.92,215e,6.71,230e,6.5
9/16/2021 6:00,1509.6,5,18.72,10,18.68,20,18.71,30,18.7,40,18.7,60,17.46,80,16.67,100,15.25,120,11.85,140,8.61,160,7.38,180,7.1,200e,7.03,215e,6.77,230e,6.5
9/16/2021 7:00,1509.58,5,18.66,10,18.66,20,18.69,30,18.68,40,18.68,60,17.74,80,16.75,100,15.45,120,11.49,140,8.59,160,7.34,180,7.01,200e,6.93,215e,6.71,230e,6.5
9/16/2021 8:00,1509.55,5,18.64,10,18.64,20,18.68,30,18.67,40,18.67,60,18.54,80,16.91,100,15.64,120,11.52,140,8.75,160,7.39,180,7.02,200e,6.93,215e,6.71,230e,6.5
9/16/2021 9:00,1509.55,5,18.67,10,18.65,20,18.68,30,18.66,40,18.66,60,18.63,80,17.07,100,15.61,120,11.35,140,8.51,160,7.28,180,6.96,200e,6.88,215e,6.69,230e,6.5
9/16/2021 10:00,1509.56,5,18.71,10,18.69,20,18.7,30,18.68,40,18.67,60,18.63,80,17.17,100,15.45,120,10.86,140,8.34,160,7.2,180,6.92,200e,6.85,215e,6.68,230e,6.5
9/16/2021 11:00,1509.56,5,18.85,10,18.82,20,18.76,30,18.71,40,18.69,60,18.63,80,17.3,100,15.5,120,10.73,140,8.02,160,7.17,180,6.92,200e,6.86,215e,6.68,230e,6.5
9/16/2021 12:00,1509.58,5,19,10,18.94,20,18.82,30,18.74,40,18.69,60,18.65,80,17.42,100,15.56,120,10.14,140,8.01,160,7.18,180,6.96,200e,6.91,215e,6.7,230e,6.5
9/16/2021 13:00,1509.59,5,19,10,19.01,20,18.91,30,18.74,40,18.7,60,18.63,80,17.53,100,15.54,120,9.93,140,7.84,160,7.15,180,6.96,200e,6.91,215e,6.71,230e,6.5
9/16/2021 14:00,1509.53,5,19.06,10,19.06,20,18.98,30,18.78,40,18.69,60,18.62,80,17.46,100,15.33,120,9.59,140,7.82,160,7.13,180,6.93,200e,6.88,215e,6.69,230e,6.5
9/16/2021 15:00,1509.46,5,19.32,10,19.11,20,19.04,30,18.81,40,18.68,60,18.63,80,17.3,100,14.81,120,9.34,140,7.62,160,7.07,180,6.9,200e,6.86,215e,6.68,230e,6.5
9/16/2021 16:00,1509.38,5,19.47,10,19.11,20,19.02,30,18.84,40,18.75,60,18.63,80,17.22,100,14.77,120,9.76,140,7.76,160,7.11,180,6.92,200e,6.87,215e,6.69,230e,6.5
9/16/2021 17:00,1509.28,5,19.36,10,19.17,20,19.07,30,18.91,40,18.82,60,18.62,80,17,100,15.04,120,10.2,140,8.16,160,7.2,180,6.93,200e,6.86,215e,6.68,230e,6.5
9/16/2021 18:00,1509.18,5,19.29,10,19.13,20,19,30,18.92,40,18.86,60,18.62,80,16.64,100,14.94,120,10.24,140,8.21,160,7.3,180,6.94,200e,6.85,215e,6.68,230e,6.5
9/16/2021 19:00,1509.09,5,19.24,10,19.13,20,19.12,30,18.94,40,18.86,60,18.67,80,16.38,100,14.94,120,10.72,140,8.77,160,7.35,180,6.93,200e,6.83,215e,6.66,230e,6.5
9/16/2021 20:00,1509,5,19.15,10,19.12,20,19.12,30,19,40,18.87,60,18.7,80,16.34,100,14.9,120,10.91,140,9.31,160,7.63,180,7.02,200e,6.87,215e,6.68,230e,6.5
9/16/2021 21:00,1508.9,5,19.13,10,19.13,20,19.15,30,19.08,40,18.81,60,18.63,80,16.46,100,14.94,120,11.36,140,9.46,160,7.81,180,7.15,200e,6.99,215e,6.74,230e,6.5
9/16/2021 22:00,1508.87,5,19.12,10,19.13,20,19.17,30,19.12,40,18.88,60,18.64,80,16.44,100,15.37,120,11.44,140,9.76,160,8.18,180,7.13,200e,6.87,215e,6.68,230e,6.5
9/16/2021 23:00,1508.85,5,19.11,10,19.1,20,19.13,30,19.13,40,18.92,60,18.62,80,16.33,100,15.24,120,11.87,140,10.14,160,8,180,7.13,200e,6.91,215e,6.71,230e,6.5
9/17/2021 0:00,1508.83,5,19.12,10,19.09,20,19.14,30,19.13,40,18.87,60,18.6,80,16.3,100,15.34,120,12.16,140,10.2,160,7.97,180,7.11,200e,6.9,215e,6.7,230e,6.5
9/17/2021 1:00,1508.82,5,19.12,10,19.11,20,19.13,30,19.07,40,18.98,60,18.67,80,16.31,100,14.87,120,12.08,140,9.86,160,7.75,180,7.08,200e,6.91,215e,6.71,230e,6.5
9/17/2021 2:00,1508.79,5,19.08,10,19.06,20,19.08,30,19.05,40,18.99,60,18.68,80,16.28,100,14.82,120,11.74,140,9.45,160,7.83,180,7.06,200e,6.87,215e,6.68,230e,6.5
9/17/2021 3:00,1508.78,5,19.03,10,19.02,20,19.05,30,19.04,40,19,60,18.68,80,16.2,100,14.65,120,11.8,140,9.35,160,7.76,180,7.04,200e,6.86,215e,6.68,230e,6.5
9/17/2021 4:00,1508.75,5,19.02,10,18.99,20,19.03,30,19.01,40,18.98,60,18.57,80,16.15,100,14.92,120,11.87,140,9.65,160,7.69,180,7.02,200e,6.85,215e,6.68,230e,6.5
9/17/2021 5:00,1508.73,5,19,10,18.97,20,19,30,18.98,40,18.96,60,18.22,80,16.13,100,14.97,120,12.08,140,9.61,160,7.5,180,6.96,200e,6.83,215e,6.66,230e,6.5
9/17/2021 6:00,1508.71,5,18.98,10,18.94,20,18.98,30,18.96,40,18.95,60,17.84,80,16.07,100,14.84,120,11.97,140,9.22,160,7.18,180,6.93,200e,6.87,215e,6.68,230e,6.5
9/17/2021 7:00,1508.69,5,18.92,10,18.91,20,18.95,30,18.94,40,18.93,60,17.18,80,16.07,100,14.81,120,12.26,140,9.03,160,7.43,180,6.99,200e,6.88,215e,6.69,230e,6.5
9/17/2021 8:00,1508.67,5,18.92,10,18.89,20,18.93,30,18.92,40,18.9,60,17.17,80,16.17,100,15.02,120,12.24,140,9.19,160,7.44,180,7.07,200e,6.98,215e,6.74,230e,6.5
9/17/2021 9:00,1508.64,5,18.94,10,18.9,20,18.94,30,18.91,40,18.9,60,18.38,80,16.26,100,15.12,120,12.61,140,9.23,160,7.45,180,6.98,200e,6.86,215e,6.68,230e,6.5
9/17/2021 10:00,1508.65,5,18.95,10,18.94,20,18.95,30,18.9,40,18.88,60,18.68,80,16.23,100,15.18,120,12.18,140,8.8,160,7.37,180,6.92,200e,6.81,215e,6.65,230e,6.5
9/17/2021 11:00,1508.65,5,19,10,19.01,20,19,30,18.9,40,18.89,60,18.75,80,16.2,100,15.37,120,11.81,140,8.69,160,7.17,180,6.9,200e,6.83,215e,6.67,230e,6.5
9/17/2021 12:00,1508.63,5,19.22,10,19.09,20,19.01,30,18.93,40,18.89,60,18.83,80,16.34,100,15.39,120,11.72,140,8.35,160,7.12,180,6.92,200e,6.87,215e,6.69,230e,6.5
9/17/2021 13:00,1508.63,5,19.33,10,19.13,20,19.01,30,18.91,40,18.9,60,18.77,80,16.31,100,15.44,120,11.64,140,7.95,160,7.19,180,6.93,200e,6.87,215e,6.68,230e,6.5
9/17/2021 14:00,1508.64,5,19.3,10,19.09,20,19,30,18.91,40,18.89,60,18.76,80,16.31,100,15.17,120,11.48,140,7.72,160,7.15,180,6.94,200e,6.89,215e,6.69,230e,6.5
9/17/2021 15:00,1508.65,5,19.21,10,19.02,20,18.97,30,18.91,40,18.9,60,18.75,80,16.27,100,14.95,120,11.25,140,7.72,160,7.1,180,6.9,200e,6.85,215e,6.68,230e,6.5
9/17/2021 16:00,1508.59,5,19.09,10,19.06,20,18.94,30,18.91,40,18.9,60,18.41,80,16.2,100,14.84,120,10.67,140,7.75,160,7.07,180,6.87,200e,6.82,215e,6.66,230e,6.5
9/17/2021 17:00,1508.5,5,19,10,18.99,20,18.98,30,18.91,40,18.9,60,17.26,80,16.2,100,14.75,120,10.81,140,7.66,160,7.05,180,6.86,200e,6.81,215e,6.66,230e,6.5
9/17/2021 18:00,1508.39,5,18.96,10,18.95,20,18.97,30,18.9,40,18.89,60,16.91,80,16.2,100,14.99,120,11.18,140,7.97,160,7.14,180,6.92,200e,6.87,215e,6.68,230e,6.5
9/17/2021 19:00,1508.29,5,18.92,10,18.9,20,18.94,30,18.89,40,18.87,60,16.77,80,16.12,100,15.26,120,11.53,140,8.17,160,7.13,180,6.92,200e,6.87,215e,6.68,230e,6.5
9/17/2021 20:00,1508.18,5,18.92,10,18.89,20,18.92,30,18.9,40,18.85,60,16.79,80,16.17,100,15.45,120,12.16,140,8.12,160,7.07,180,6.91,200e,6.87,215e,6.69,230e,6.5
9/17/2021 21:00,1508.07,5,18.93,10,18.88,20,18.91,30,18.9,40,18.84,60,16.86,80,16.26,100,15.68,120,12.75,140,8.14,160,7.11,180,6.92,200e,6.87,215e,6.69,230e,6.5
9/17/2021 22:00,1508.03,5,18.94,10,18.88,20,18.91,30,18.88,40,18.82,60,16.79,80,16.39,100,15.82,120,12.77,140,8.42,160,7.11,180,6.92,200e,6.87,215e,6.69,230e,6.5
9/17/2021 23:00,1507.99,5,18.91,10,18.89,20,18.91,30,18.88,40,18.83,60,16.89,80,16.41,100,16.01,120,12.92,140,8.58,160,7.13,180,6.9,200e,6.84,215e,6.67,230e,6.5
9/18/2021 0:00,1507.98,5,18.87,10,18.86,20,18.89,30,18.88,40,18.81,60,16.94,80,16.5,100,15.97,120,13.06,140,8.08,160,7.1,180,6.9,200e,6.85,215e,6.68,230e,6.5
9/18/2021 1:00,1507.98,5,18.84,10,18.84,20,18.87,30,18.86,40,18.68,60,16.89,80,16.44,100,15.85,120,11.86,140,7.9,160,7.09,180,6.91,200e,6.87,215e,6.68,230e,6.5
9/18/2021 2:00,1507.95,5,18.81,10,18.8,20,18.85,30,18.83,40,18.56,60,16.85,80,16.35,100,15.54,120,11.13,140,8.04,160,7.1,180,6.91,200e,6.86,215e,6.68,230e,6.5
9/18/2021 3:00,1507.95,5,18.78,10,18.79,20,18.82,30,18.8,40,18.42,60,16.88,80,16.39,100,15.67,120,11.2,140,7.94,160,7.12,180,6.89,200e,6.83,215e,6.67,230e,6.5
9/18/2021 4:00,1507.96,5,18.8,10,18.78,20,18.82,30,18.79,40,17.59,60,16.9,80,16.47,100,15.81,120,11.35,140,7.83,160,7.14,180,6.91,200e,6.85,215e,6.68,230e,6.5
9/18/2021 5:00,1507.94,5,18.81,10,18.78,20,18.81,30,18.78,40,17.71,60,16.84,80,16.47,100,15.63,120,11.27,140,7.95,160,7.15,180,6.89,200e,6.83,215e,6.66,230e,6.5
9/18/2021 6:00,1507.95,5,18.78,10,18.77,20,18.8,30,18.77,40,17.73,60,16.89,80,16.48,100,15.51,120,11.18,140,7.88,160,7.16,180,6.92,200e,6.86,215e,6.68,230e,6.5
9/18/2021 7:00,1507.92,5,18.75,10,18.74,20,18.78,30,18.76,40,18.1,60,17,80,16.56,100,15.83,120,11.62,140,8.43,160,7.26,180,6.96,200e,6.89,215e,6.69,230e,6.5
9/18/2021 8:00,1507.88,5,18.76,10,18.73,20,18.76,30,18.74,40,18.46,60,17.1,80,16.65,100,16.08,120,12.3,140,9.54,160,7.46,180,7.05,200e,6.95,215e,6.72,230e,6.5
9/18/2021 9:00,1507.87,5,18.75,10,18.71,20,18.75,30,18.72,40,18.61,60,17.3,80,16.71,100,16.06,120,12.8,140,9.75,160,7.6,180,7.01,200e,6.86,215e,6.68,230e,6.5
9/18/2021 10:00,1507.87,5,18.75,10,18.73,20,18.75,30,18.7,40,18.63,60,17.41,80,16.77,100,16.13,120,12.85,140,9.79,160,7.57,180,7.05,200e,6.92,215e,6.71,230e,6.5
9/18/2021 11:00,1507.86,5,18.77,10,18.75,20,18.77,30,18.72,40,18.64,60,17.54,80,16.81,100,16.13,120,12.6,140,9.61,160,7.45,180,7.02,200e,6.91,215e,6.71,230e,6.5
9/18/2021 12:00,1507.88,5,18.75,10,18.74,20,18.75,30,18.71,40,18.67,60,17.53,80,16.81,100,16.08,120,12.23,140,9.74,160,7.46,180,7,200e,6.89,215e,6.69,230e,6.5
9/18/2021 13:00,1507.9,5,18.83,10,18.79,20,18.76,30,18.69,40,18.66,60,17.48,80,16.83,100,15.77,120,11.69,140,9.01,160,7.42,180,7.01,200e,6.91,215e,6.7,230e,6.5
9/18/2021 14:00,1507.95,5,18.78,10,18.77,20,18.75,30,18.7,40,18.67,60,17.34,80,16.7,100,15.29,120,11.61,140,8.67,160,7.42,180,6.99,200e,6.88,215e,6.69,230e,6.5
9/18/2021 15:00,1507.97,5,18.77,10,18.75,20,18.73,30,18.69,40,18.57,60,17.33,80,16.66,100,14.84,120,11.15,140,8.53,160,7.38,180,6.97,200e,6.87,215e,6.68,230e,6.5
9/18/2021 16:00,1507.92,5,18.74,10,18.72,20,18.73,30,18.69,40,18.6,60,17.36,80,16.67,100,14.52,120,10.44,140,8.3,160,7.32,180,7.03,200e,6.96,215e,6.73,230e,6.5
9/18/2021 17:00,1507.82,5,18.74,10,18.71,20,18.73,30,18.69,40,18.62,60,17.46,80,16.71,100,14.82,120,10.44,140,8.19,160,7.23,180,7,200e,6.94,215e,6.72,230e,6.5
9/18/2021 18:00,1507.74,5,18.71,10,18.68,20,18.72,30,18.7,40,18.63,60,17.74,80,16.91,100,15.2,120,10.72,140,8.31,160,7.25,180,7.03,200e,6.98,215e,6.74,230e,6.5
9/18/2021 19:00,1507.63,5,18.69,10,18.65,20,18.69,30,18.68,40,18.63,60,17.95,80,17.01,100,15.53,120,11.15,140,8.22,160,7.23,180,7,200e,6.94,215e,6.72,230e,6.5
9/18/2021 20:00,1507.56,5,18.68,10,18.64,20,18.68,30,18.67,40,18.66,60,18.09,80,17.08,100,15.74,120,11.1,140,8.24,160,7.19,180,7.02,200e,6.98,215e,6.74,230e,6.5
9/18/2021 21:00,1507.49,5,18.66,10,18.63,20,18.67,30,18.66,40,18.65,60,18.17,80,17.24,100,15.86,120,11.14,140,8.38,160,7.27,180,7.03,200e,6.97,215e,6.74,230e,6.5
9/18/2021 22:00,1507.48,5,18.66,10,18.63,20,18.66,30,18.65,40,18.64,60,18.27,80,17.23,100,16.04,120,11.61,140,8.36,160,7.34,180,7.02,200e,6.94,215e,6.72,230e,6.5
9/18/2021 23:00,1507.48,5,18.65,10,18.62,20,18.66,30,18.65,40,18.64,60,18.11,80,17.13,100,15.81,120,11.96,140,8.8,160,7.54,180,7.02,200e,6.89,215e,6.7,230e,6.5
9/19/2021 0:00,1507.49,5,18.64,10,18.61,20,18.65,30,18.64,40,18.62,60,18.03,80,16.84,100,15.49,120,11.67,140,9.05,160,7.53,180,7.04,200e,6.92,215e,6.71,230e,6.5
9/19/2021 1:00,1507.47,5,18.62,10,18.6,20,18.64,30,18.63,40,18.62,60,17.88,80,16.69,100,15.41,120,11.36,140,9.23,160,7.6,180,7.05,200e,6.91,215e,6.71,230e,6.5
9/19/2021 2:00,1507.46,5,18.63,10,18.59,20,18.63,30,18.62,40,18.6,60,17.74,80,16.58,100,15.24,120,11.43,140,9.53,160,7.76,180,7.13,200e,6.97,215e,6.74,230e,6.5
9/19/2021 3:00,1507.45,5,18.6,10,18.56,20,18.61,30,18.6,40,18.6,60,17.67,80,16.39,100,15.04,120,11.75,140,9.67,160,7.93,180,7.12,200e,6.92,215e,6.71,230e,6.5
9/19/2021 4:00,1507.45,5,18.58,10,18.55,20,18.6,30,18.59,40,18.59,60,17.72,80,16.32,100,14.93,120,11.74,140,9.65,160,7.89,180,7.09,200e,6.89,215e,6.7,230e,6.5
9/19/2021 5:00,1507.45,5,18.58,10,18.53,20,18.58,30,18.58,40,18.57,60,17.56,80,16.27,100,14.76,120,11.82,140,9.67,160,7.71,180,7.16,200e,7.02,215e,6.76,230e,6.5
9/19/2021 6:00,1507.45,5,18.54,10,18.53,20,18.57,30,18.56,40,18.56,60,17.84,80,16.3,100,14.82,120,11.88,140,9.7,160,7.8,180,7.04,200e,6.85,215e,6.68,230e,6.5
9/19/2021 7:00,1507.45,5,18.53,10,18.52,20,18.56,30,18.54,40,18.55,60,17.95,80,16.45,100,15.1,120,11.9,140,9.94,160,8.09,180,7.18,200e,6.95,215e,6.73,230e,6.5
9/19/2021 8:00,1507.46,5,18.56,10,18.53,20,18.56,30,18.54,40,18.55,60,18.14,80,16.56,100,15.22,120,12.11,140,9.98,160,8.06,180,7.13,200e,6.9,215e,6.7,230e,6.5
9/19/2021 9:00,1507.46,5,18.54,10,18.53,20,18.56,30,18.54,40,18.54,60,18.28,80,16.47,100,15.21,120,12.45,140,9.77,160,7.66,180,7,200e,6.84,215e,6.67,230e,6.5
9/19/2021 10:00,1507.44,5,18.54,10,18.53,20,18.56,30,18.54,40,18.53,60,18.32,80,16.49,100,15.24,120,12.55,140,9.72,160,7.54,180,7.01,200e,6.88,215e,6.69,230e,6.5
9/19/2021 11:00,1507.44,5,18.6,10,18.6,20,18.58,30,18.54,40,18.51,60,18.01,80,16.46,100,15.33,120,12.39,140,9.71,160,7.64,180,7.02,200e,6.87,215e,6.68,230e,6.5
9/19/2021 12:00,1507.47,5,18.57,10,18.56,20,18.58,30,18.54,40,18.51,60,17.92,80,16.38,100,15.17,120,12.37,140,9.66,160,7.54,180,6.95,200e,6.8,215e,6.65,230e,6.5
9/19/2021 13:00,1507.5,5,18.69,10,18.73,20,18.69,30,18.56,40,18.52,60,17.69,80,16.25,100,15.17,120,12.34,140,8.91,160,7.49,180,6.97,200e,6.84,215e,6.67,230e,6.5
9/19/2021 14:00,1507.52,5,18.68,10,18.6,20,18.59,30,18.54,40,18.52,60,17.3,80,16.2,100,15.18,120,12.26,140,9.11,160,7.27,180,6.94,200e,6.86,215e,6.68,230e,6.5
9/19/2021 15:00,1507.56,5,18.61,10,18.61,20,18.58,30,18.53,40,18.52,60,17.24,80,16.15,100,15.16,120,12.3,140,8.93,160,7.26,180,6.98,200e,6.91,215e,6.71,230e,6.5
9/19/2021 16:00,1507.52,5,18.59,10,18.6,20,18.58,30,18.52,40,18.51,60,17.26,80,16.18,100,15.21,120,12.24,140,8.61,160,7.22,180,6.92,200e,6.85,215e,6.67,230e,6.5
9/19/2021 17:00,1507.44,5,18.57,10,18.56,20,18.57,30,18.53,40,18.51,60,17.32,80,16.22,100,15.27,120,12.27,140,8.57,160,7.26,180,6.95,200e,6.87,215e,6.69,230e,6.5
9/19/2021 18:00,1507.36,5,18.54,10,18.52,20,18.55,30,18.53,40,18.51,60,17.37,80,16.23,100,15.37,120,12.62,140,8.49,160,7.25,180,6.98,200e,6.91,215e,6.71,230e,6.5
9/19/2021 19:00,1507.26,5,18.52,10,18.49,20,18.53,30,18.52,40,18.51,60,17.48,80,16.28,100,15.41,120,12.6,140,8.63,160,7.26,180,6.98,200e,6.91,215e,6.71,230e,6.5
9/19/2021 20:00,1507.17,5,18.51,10,18.48,20,18.52,30,18.51,40,18.51,60,17.53,80,16.36,100,15.5,120,12.83,140,8.58,160,7.22,180,6.98,200e,6.92,215e,6.71,230e,6.5
9/19/2021 21:00,1507.09,5,18.5,10,18.48,20,18.52,30,18.5,40,18.51,60,17.7,80,16.41,100,15.58,120,13.03,140,8.92,160,7.2,180,6.97,200e,6.91,215e,6.71,230e,6.5
9/19/2021 22:00,1507.07,5,18.51,10,18.47,20,18.51,30,18.49,40,18.5,60,17.5,80,16.43,100,15.56,120,13.4,140,8.9,160,7.23,180,6.96,200e,6.89,215e,6.7,230e,6.5
9/19/2021 23:00,1507.07,5,18.51,10,18.46,20,18.5,30,18.49,40,18.49,60,17.47,80,16.33,100,15.56,120,13.13,140,8.89,160,7.19,180,6.94,200e,6.88,215e,6.69,230e,6.5
9/20/2021 0:00,1507.07,5,18.49,10,18.45,20,18.49,30,18.48,40,18.48,60,17.42,80,16.31,100,15.54,120,12.84,140,8.76,160,7.24,180,6.91,200e,6.83,215e,6.66,230e,6.5
9/20/2021 1:00,1507.06,5,18.48,10,18.45,20,18.49,30,18.48,40,18.48,60,17.32,80,16.32,100,15.48,120,12.81,140,8.61,160,7.23,180,6.93,200e,6.86,215e,6.68,230e,6.5
9/20/2021 2:00,1507.05,5,18.46,10,18.44,20,18.47,30,18.46,40,18.46,60,17.38,80,16.31,100,15.49,120,12.61,140,8.41,160,7.21,180,6.92,200e,6.85,215e,6.67,230e,6.5
9/20/2021 3:00,1507.04,5,18.47,10,18.43,20,18.47,30,18.46,40,18.46,60,17.41,80,16.27,100,15.46,120,12.48,140,8.33,160,7.19,180,6.91,200e,6.84,215e,6.67,230e,6.5
9/20/2021 4:00,1507.03,5,18.46,10,18.42,20,18.46,30,18.45,40,18.46,60,17.42,80,16.29,100,15.44,120,12.04,140,8.23,160,7.13,180,6.9,200e,6.84,215e,6.67,230e,6.5
9/20/2021 5:00,1507.02,5,18.46,10,18.43,20,18.46,30,18.45,40,18.45,60,17.56,80,16.34,100,15.48,120,11.99,140,8.12,160,7.17,180,6.92,200e,6.86,215e,6.68,230e,6.5
9/20/2021 6:00,1507.01,5,18.42,10,18.41,20,18.45,30,18.44,40,18.44,60,17.68,80,16.31,100,15.58,120,12.08,140,8.13,160,7.16,180,6.92,200e,6.86,215e,6.68,230e,6.5
9/20/2021 7:00,1507,5,18.41,10,18.4,20,18.45,30,18.43,40,18.43,60,18.04,80,16.41,100,15.68,120,12.16,140,8.22,160,7.18,180,6.93,200e,6.87,215e,6.68,230e,6.5
9/20/2021 8:00,1506.99,5,18.44,10,18.4,20,18.44,30,18.42,40,18.42,60,18.13,80,16.47,100,15.71,120,12.45,140,8.22,160,7.21,180,6.92,200e,6.85,215e,6.67,230e,6.5
9/20/2021 9:00,1506.97,5,18.52,10,18.42,20,18.45,30,18.43,40,18.42,60,18.15,80,16.48,100,15.74,120,12.43,140,8.28,160,7.2,180,6.93,200e,6.86,215e,6.68,230e,6.5
9/20/2021 10:00,1506.97,5,18.55,10,18.5,20,18.5,30,18.45,40,18.42,60,18.33,80,16.49,100,15.75,120,12.7,140,8.31,160,7.24,180,6.93,200e,6.85,215e,6.68,230e,6.5
9/20/2021 11:00,1506.95,5,18.62,10,18.58,20,18.5,30,18.45,40,18.43,60,18.4,80,16.55,100,15.76,120,12.8,140,8.21,160,7.28,180,6.95,200e,6.87,215e,6.68,230e,6.5
9/20/2021 12:00,1506.97,5,18.76,10,18.75,20,18.59,30,18.48,40,18.43,60,18.19,80,16.5,100,15.74,120,12.54,140,8.08,160,7.21,180,6.97,200e,6.91,215e,6.71,230e,6.5
9/20/2021 13:00,1506.99,5,18.97,10,18.86,20,18.7,30,18.5,40,18.44,60,18.29,80,16.44,100,15.73,120,12.08,140,8.15,160,7.19,180,6.97,200e,6.92,215e,6.71,230e,6.5
9/20/2021 14:00,1507.01,5,19.14,10,18.87,20,18.7,30,18.52,40,18.44,60,18.23,80,16.45,100,15.73,120,11.86,140,8.18,160,7.22,180,6.97,200e,6.91,215e,6.7,230e,6.5
9/20/2021 15:00,1507.02,5,19.51,10,18.83,20,18.64,30,18.46,40,18.43,60,18.22,80,16.43,100,15.69,120,11.63,140,8.32,160,7.29,180,6.99,200e,6.92,215e,6.71,230e,6.5
9/20/2021 16:00,1506.98,5,19.29,10,18.67,20,18.57,30,18.46,40,18.43,60,18.34,80,16.43,100,15.52,120,11.64,140,8.4,160,7.32,180,6.99,200e,6.91,215e,6.7,230e,6.5
9/20/2021 17:00,1506.88,5,19.11,10,18.62,20,18.58,30,18.47,40,18.43,60,18.36,80,16.33,100,15.57,120,11.35,140,8.47,160,7.53,180,7.09,200e,6.98,215e,6.74,230e,6.5
9/20/2021 18:00,1506.78,5,19.24,10,18.83,20,18.6,30,18.47,40,18.43,60,18.18,80,16.28,100,15.55,120,11.47,140,8.65,160,7.55,180,7.12,200e,7.01,215e,6.76,230e,6.5
9/20/2021 19:00,1506.7,5,19.14,10,18.84,20,18.66,30,18.47,40,18.43,60,17.77,80,16.15,100,15.6,120,11.59,140,9.31,160,7.69,180,7.19,200e,7.07,215e,6.78,230e,6.5
9/20/2021 20:00,1506.59,5,18.94,10,18.88,20,18.72,30,18.5,40,18.46,60,17.6,80,16.19,100,15.53,120,11.71,140,9.5,160,7.87,180,7.12,200e,6.93,215e,6.72,230e,6.5
9/20/2021 21:00,1506.52,5,18.9,10,18.88,20,18.61,30,18.49,40,18.43,60,17.74,80,16.25,100,15.5,120,12.05,140,9.83,160,7.72,180,7.13,200e,6.98,215e,6.74,230e,6.5
9/20/2021 22:00,1506.49,5,18.75,10,18.77,20,18.77,30,18.53,40,18.43,60,17.59,80,16.24,100,15.47,120,12.53,140,10.27,160,7.88,180,7.27,200e,7.12,215e,6.81,230e,6.5
9/20/2021 23:00,1506.48,5,18.75,10,18.77,20,18.8,30,18.66,40,18.47,60,17.33,80,16.34,100,15.67,120,12.95,140,10.34,160,8.05,180,7.26,200e,7.06,215e,6.78,230e,6.5
9/21/2021 0:00,1506.47,5,18.76,10,18.76,20,18.77,30,18.74,40,18.48,60,17.79,80,16.33,100,15.68,120,13.07,140,10.52,160,8.36,180,7.28,200e,7.01,215e,6.76,230e,6.5
9/21/2021 1:00,1506.45,5,18.7,10,18.68,20,18.7,30,18.69,40,18.62,60,18.27,80,16.4,100,15.73,120,12.99,140,10.06,160,7.98,180,7.21,200e,7.02,215e,6.76,230e,6.5
9/21/2021 2:00,1506.44,5,18.59,10,18.59,20,18.64,30,18.63,40,18.63,60,18.39,80,16.51,100,15.78,120,12.71,140,9.93,160,7.7,180,7.17,200e,7.04,215e,6.77,230e,6.5
9/21/2021 3:00,1506.43,5,18.58,10,18.57,20,18.62,30,18.6,40,18.59,60,18.42,80,16.45,100,15.63,120,12.33,140,9.68,160,7.56,180,7.14,200e,7.04,215e,6.77,230e,6.5
9/21/2021 4:00,1506.41,5,18.53,10,18.54,20,18.59,30,18.58,40,18.57,60,18.41,80,16.47,100,15.82,120,12.1,140,9.63,160,7.53,180,7.02,200e,6.89,215e,6.7,230e,6.5
9/21/2021 5:00,1506.4,5,18.53,10,18.53,20,18.57,30,18.54,40,18.52,60,18.42,80,16.45,100,15.59,120,12.02,140,9.47,160,7.45,180,7.08,200e,6.99,215e,6.74,230e,6.5
9/21/2021 6:00,1506.38,5,18.5,10,18.5,20,18.54,30,18.51,40,18.5,60,18.41,80,16.49,100,15.66,120,12.19,140,9.36,160,7.43,180,7.02,200e,6.92,215e,6.71,230e,6.5
9/21/2021 7:00,1506.36,5,18.49,10,18.47,20,18.51,30,18.49,40,18.48,60,18.41,80,16.47,100,15.48,120,12.32,140,9.26,160,7.48,180,6.99,200e,6.87,215e,6.68,230e,6.5
9/21/2021 8:00,1506.34,5,18.5,10,18.46,20,18.49,30,18.48,40,18.47,60,18.39,80,16.54,100,15.54,120,12.34,140,9.08,160,7.52,180,7.01,200e,6.88,215e,6.69,230e,6.5
9/21/2021 9:00,1506.33,5,18.53,10,18.49,20,18.51,30,18.47,40,18.46,60,18.36,80,16.51,100,15.52,120,12.2,140,9.13,160,7.35,180,7.02,200e,6.94,215e,6.72,230e,6.5
9/21/2021 10:00,1506.31,5,18.57,10,18.52,20,18.53,30,18.48,40,18.45,60,18.35,80,16.49,100,15.37,120,12.43,140,9.17,160,7.31,180,6.99,200e,6.91,215e,6.71,230e,6.5
9/21/2021 11:00,1506.29,5,18.68,10,18.63,20,18.6,30,18.52,40,18.45,60,18.34,80,16.59,100,15.51,120,12.69,140,9.48,160,7.32,180,6.99,200e,6.91,215e,6.7,230e,6.5
9/21/2021 12:00,1506.3,5,18.87,10,18.84,20,18.71,30,18.56,40,18.44,60,18.35,80,16.55,100,15.45,120,12.53,140,9.17,160,7.28,180,7.02,200e,6.96,215e,6.73,230e,6.5
9/21/2021 13:00,1506.32,5,19.12,10,18.98,20,18.72,30,18.55,40,18.42,60,18.34,80,16.52,100,15.38,120,12.28,140,8.91,160,7.28,180,7.03,200e,6.97,215e,6.73,230e,6.5
9/21/2021 14:00,1506.33,5,19.47,10,19.13,20,18.79,30,18.59,40,18.4,60,18.34,80,16.54,100,15.34,120,11.48,140,8.8,160,7.23,180,6.98,200e,6.92,215e,6.71,230e,6.5
9/21/2021 15:00,1506.34,5,19.29,10,18.86,20,18.64,30,18.51,40,18.43,60,18.35,80,16.44,100,15.3,120,11.63,140,8.82,160,7.31,180,6.96,200e,6.87,215e,6.69,230e,6.5
9/21/2021 16:00,1506.28,5,19.41,10,18.83,20,18.61,30,18.49,40,18.45,60,18.35,80,16.35,100,15.25,120,11.88,140,8.65,160,7.26,180,7.01,200e,6.95,215e,6.72,230e,6.5
9/21/2021 17:00,1506.18,5,19.23,10,18.74,20,18.57,30,18.48,40,18.44,60,18.34,80,16.32,100,15.36,120,11.74,140,8.67,160,7.37,180,7.01,200e,6.92,215e,6.71,230e,6.5
9/21/2021 18:00,1506.08,5,19.07,10,18.73,20,18.51,30,18.44,40,18.39,60,18.31,80,16.24,100,15.4,120,11.97,140,8.96,160,7.36,180,7.01,200e,6.92,215e,6.71,230e,6.5
9/21/2021 19:00,1505.99,5,19.01,10,18.65,20,18.5,30,18.46,40,18.37,60,18.1,80,16.12,100,15.28,120,12.45,140,9,160,7.41,180,7.04,200e,6.95,215e,6.72,230e,6.5
9/21/2021 20:00,1505.89,5,18.96,10,18.59,20,18.46,30,18.43,40,18.37,60,18.09,80,16.13,100,15.46,120,12.63,140,9.32,160,7.4,180,7.04,200e,6.95,215e,6.73,230e,6.5
9/21/2021 21:00,1505.8,5,18.85,10,18.61,20,18.53,30,18.41,40,18.36,60,17.55,80,16.13,100,15.49,120,13.23,140,9.58,160,7.51,180,7.02,200e,6.9,215e,6.7,230e,6.5
9/21/2021 22:00,1505.78,5,18.8,10,18.58,20,18.47,30,18.4,40,18.36,60,16.82,80,16.06,100,15.63,120,13.74,140,9.95,160,7.8,180,7.05,200e,6.86,215e,6.68,230e,6.5
9/21/2021 23:00,1505.76,5,18.69,10,18.52,20,18.52,30,18.42,40,18.36,60,16.88,80,16.02,100,15.61,120,13.88,140,10.13,160,7.71,180,7.02,200e,6.85,215e,6.67,230e,6.5
9/22/2021 0:00,1505.75,5,18.57,10,18.53,20,18.47,30,18.44,40,18.37,60,16.76,80,16.09,100,15.8,120,13.92,140,10.19,160,7.83,180,7.1,200e,6.92,215e,6.71,230e,6.5
9/22/2021 1:00,1505.73,5,18.53,10,18.5,20,18.53,30,18.44,40,18.39,60,16.91,80,16.11,100,15.71,120,14.07,140,9.99,160,7.79,180,7.1,200e,6.93,215e,6.71,230e,6.5
9/22/2021 2:00,1505.72,5,18.53,10,18.48,20,18.5,30,18.43,40,18.4,60,16.95,80,16.17,100,15.74,120,13.94,140,9.85,160,7.56,180,7.01,200e,6.87,215e,6.69,230e,6.5
9/22/2021 3:00,1505.7,5,18.5,10,18.46,20,18.47,30,18.42,40,18.39,60,16.89,80,16.18,100,15.69,120,13.44,140,9.71,160,7.63,180,7,200e,6.84,215e,6.67,230e,6.5
9/22/2021 4:00,1505.69,5,18.48,10,18.44,20,18.47,30,18.43,40,18.41,60,16.76,80,16.18,100,15.74,120,12.96,140,9.54,160,7.58,180,7,200e,6.86,215e,6.68,230e,6.5
9/22/2021 5:00,1505.66,5,18.48,10,18.43,20,18.45,30,18.43,40,18.38,60,16.77,80,16.2,100,15.67,120,13.07,140,9.35,160,7.52,180,6.98,200e,6.85,215e,6.67,230e,6.5
9/22/2021 6:00,1505.65,5,18.45,10,18.41,20,18.44,30,18.42,40,18.39,60,16.8,80,16.22,100,15.66,120,12.78,140,9.25,160,7.44,180,6.96,200e,6.84,215e,6.67,230e,6.5
9/22/2021 7:00,1505.64,5,18.43,10,18.41,20,18.44,30,18.41,40,18.4,60,16.77,80,16.23,100,15.67,120,12.5,140,9.41,160,7.39,180,7,200e,6.9,215e,6.7,230e,6.5
9/22/2021 8:00,1505.61,5,18.44,10,18.4,20,18.42,30,18.4,40,18.39,60,16.81,80,16.26,100,15.7,120,12.86,140,9.45,160,7.47,180,7.07,200e,6.97,215e,6.74,230e,6.5
9/22/2021 9:00,1505.58,5,18.41,10,18.4,20,18.41,30,18.38,40,18.36,60,17.02,80,16.29,100,15.73,120,12.63,140,9.24,160,7.4,180,7.05,200e,6.96,215e,6.73,230e,6.5
9/22/2021 10:00,1505.57,5,18.48,10,18.47,20,18.47,30,18.39,40,18.37,60,17.02,80,16.38,100,15.68,120,12.86,140,9.25,160,7.41,180,7,200e,6.9,215e,6.7,230e,6.5
9/22/2021 11:00,1505.52,5,18.48,10,18.47,20,18.43,30,18.38,40,18.37,60,17.56,80,16.4,100,15.73,120,12.76,140,9.3,160,7.38,180,6.97,200e,6.87,215e,6.68,230e,6.5
9/22/2021 12:00,1505.51,5,18.7,10,18.67,20,18.53,30,18.4,40,18.38,60,18.04,80,16.41,100,15.74,120,12.51,140,9.22,160,7.27,180,6.94,200e,6.86,215e,6.68,230e,6.5
9/22/2021 13:00,1505.53,5,18.75,10,18.51,20,18.45,30,18.4,40,18.38,60,18.27,80,16.43,100,15.71,120,12.54,140,8.81,160,7.31,180,6.94,200e,6.85,215e,6.67,230e,6.5
9/22/2021 14:00,1505.58,5,18.59,10,18.57,20,18.44,30,18.4,40,18.38,60,17.88,80,16.43,100,15.64,120,12.12,140,8.47,160,7.22,180,6.91,200e,6.83,215e,6.67,230e,6.5
9/22/2021 15:00,1505.6,5,18.57,10,18.54,20,18.47,30,18.4,40,18.38,60,17.03,80,16.37,100,15.6,120,12.13,140,8.46,160,7.17,180,6.93,200e,6.87,215e,6.69,230e,6.5
9/22/2021 16:00,1505.56,5,18.5,10,18.5,20,18.49,30,18.39,40,18.37,60,16.8,80,16.33,100,15.52,120,11.93,140,8.27,160,7.12,180,6.92,200e,6.87,215e,6.69,230e,6.5
9/22/2021 17:00,1505.45,5,18.46,10,18.46,20,18.49,30,18.39,40,18.37,60,16.9,80,16.36,100,15.55,120,12.06,140,8.2,160,7.2,180,6.93,200e,6.86,215e,6.68,230e,6.5
9/22/2021 18:00,1505.33,5,18.5,10,18.44,20,18.46,30,18.37,40,18.36,60,16.88,80,16.3,100,15.76,120,12.54,140,8.37,160,7.22,180,6.92,200e,6.85,215e,6.67,230e,6.5
9/22/2021 19:00,1505.22,5,18.57,10,18.4,20,18.42,30,18.37,40,18.37,60,16.86,80,16.34,100,15.74,120,13,140,8.71,160,7.24,180,6.95,200e,6.88,215e,6.69,230e,6.5
9/22/2021 20:00,1505.1,5,18.52,10,18.38,20,18.39,30,18.37,40,18.36,60,16.88,80,16.41,100,15.76,120,13.08,140,8.89,160,7.25,180,6.95,200e,6.88,215e,6.69,230e,6.5
9/22/2021 21:00,1505,5,18.47,10,18.4,20,18.39,30,18.37,40,18.36,60,16.87,80,16.4,100,15.78,120,13.1,140,9.27,160,7.3,180,6.96,200e,6.88,215e,6.69,230e,6.5
9/22/2021 22:00,1504.98,5,18.44,10,18.4,20,18.4,30,18.37,40,18.35,60,16.95,80,16.44,100,15.79,120,13.53,140,10.13,160,7.29,180,6.97,200e,6.89,215e,6.7,230e,6.5
9/22/2021 23:00,1504.96,5,18.38,10,18.37,20,18.39,30,18.37,40,18.34,60,16.95,80,16.48,100,15.86,120,13.52,140,10.18,160,7.5,180,6.97,200e,6.84,215e,6.67,230e,6.5
9/23/2021 0:00,1504.91,5,18.37,10,18.35,20,18.38,30,18.37,40,18.34,60,16.99,80,16.51,100,15.85,120,13.85,140,10.2,160,7.64,180,7.08,200e,6.94,215e,6.72,230e,6.5
9/23/2021 1:00,1504.86,5,18.36,10,18.33,20,18.37,30,18.35,40,18.35,60,17.05,80,16.52,100,15.72,120,13.83,140,9.85,160,7.51,180,7.06,200e,6.95,215e,6.72,230e,6.5
9/23/2021 2:00,1504.81,5,18.34,10,18.32,20,18.36,30,18.34,40,18.34,60,17.03,80,16.48,100,15.65,120,13.51,140,10,160,7.61,180,7.06,200e,6.92,215e,6.71,230e,6.5
9/23/2021 3:00,1504.77,5,18.32,10,18.3,20,18.34,30,18.33,40,18.33,60,17.03,80,16.51,100,15.74,120,13.04,140,9.93,160,7.56,180,6.95,200e,6.8,215e,6.65,230e,6.5
9/23/2021 4:00,1504.78,5,18.31,10,18.28,20,18.32,30,18.31,40,18.3,60,16.99,80,16.48,100,15.68,120,12.81,140,9.48,160,7.47,180,6.97,200e,6.85,215e,6.67,230e,6.5
9/23/2021 5:00,1504.79,5,18.32,10,18.27,20,18.32,30,18.31,40,18.31,60,17.04,80,16.31,100,15.42,120,12.56,140,10.04,160,7.49,180,7.03,200e,6.92,215e,6.71,230e,6.5
9/23/2021 6:00,1504.81,5,18.3,10,18.27,20,18.3,30,18.28,40,18.28,60,17.11,80,16.39,100,15.46,120,12.95,140,9.99,160,7.81,180,7.18,200e,7.02,215e,6.76,230e,6.5
9/23/2021 7:00,1504.83,5,18.28,10,18.23,20,18.29,30,18.28,40,18.27,60,17.24,80,16.56,100,15.62,120,12.94,140,10.18,160,8.03,180,7.21,200e,7.01,215e,6.75,230e,6.5
9/23/2021 8:00,1504.84,5,18.22,10,18.22,20,18.27,30,18.26,40,18.26,60,17.37,80,16.58,100,15.57,120,13.06,140,10.3,160,7.77,180,7.18,200e,7.03,215e,6.77,230e,6.5
9/23/2021 9:00,1504.85,5,18.34,10,18.3,20,18.32,30,18.28,40,18.25,60,17.87,80,16.58,100,15.62,120,13.03,140,9.94,160,7.71,180,7.14,200e,7,215e,6.75,230e,6.5
9/23/2021 10:00,1504.81,5,18.43,10,18.37,20,18.33,30,18.28,40,18.26,60,18.18,80,16.69,100,15.77,120,13.05,140,9.96,160,7.65,180,7.1,200e,6.96,215e,6.73,230e,6.5
9/23/2021 11:00,1504.75,5,18.59,10,18.56,20,18.41,30,18.35,40,18.28,60,18.25,80,16.77,100,15.82,120,12.86,140,9.96,160,7.74,180,7.07,200e,6.9,215e,6.7,230e,6.5
9/23/2021 12:00,1504.7,5,18.99,10,18.63,20,18.46,30,18.33,40,18.28,60,18.26,80,16.79,100,15.76,120,13.09,140,9.67,160,7.64,180,7.07,200e,6.93,215e,6.71,230e,6.5
9/23/2021 13:00,1504.65,5,18.94,10,18.57,20,18.48,30,18.33,40,18.28,60,18.25,80,16.78,100,15.77,120,12.72,140,9.09,160,7.42,180,7.03,200e,6.93,215e,6.72,230e,6.5
9/23/2021 14:00,1504.6,5,18.89,10,18.38,20,18.34,30,18.29,40,18.28,60,18.21,80,16.67,100,15.63,120,12.08,140,8.79,160,7.35,180,6.99,200e,6.9,215e,6.7,230e,6.5
9/23/2021 15:00,1504.55,5,18.69,10,18.64,20,18.33,30,18.29,40,18.27,60,18.19,80,16.63,100,15.57,120,11.69,140,8.47,160,7.23,180,6.99,200e,6.93,215e,6.72,230e,6.5
9/23/2021 16:00,1504.43,5,18.55,10,18.52,20,18.35,30,18.29,40,18.27,60,17.93,80,16.5,100,15.49,120,11.45,140,8.38,160,7.27,180,6.97,200e,6.9,215e,6.7,230e,6.5
9/23/2021 17:00,1504.32,5,18.47,10,18.46,20,18.31,30,18.28,40,18.27,60,17.51,80,16.51,100,15.57,120,11.22,140,8.23,160,7.26,180,6.95,200e,6.87,215e,6.69,230e,6.5
9/23/2021 18:00,1504.25,5,18.45,10,18.39,20,18.39,30,18.28,40,18.27,60,17.22,80,16.3,100,15.54,120,11.14,140,8.13,160,7.25,180,6.94,200e,6.86,215e,6.68,230e,6.5
9/23/2021 19:00,1504.2,5,18.53,10,18.35,20,18.29,30,18.27,40,18.26,60,17.23,80,16.31,100,15.52,120,11.48,140,8.63,160,7.34,180,6.96,200e,6.87,215e,6.68,230e,6.5
9/23/2021 20:00,1504.14,5,18.52,10,18.33,20,18.29,30,18.27,40,18.27,60,17.24,80,16.31,100,15.51,120,12.33,140,9.38,160,7.72,180,7.02,200e,6.85,215e,6.67,230e,6.5
9/23/2021 21:00,1504.07,5,18.43,10,18.34,20,18.32,30,18.28,40,18.27,60,17.22,80,16.34,100,15.68,120,13.08,140,10.21,160,8.03,180,7.12,200e,6.89,215e,6.7,230e,6.5
9/23/2021 22:00,1504.07,5,18.37,10,18.3,20,18.3,30,18.28,40,18.27,60,16.95,80,16.28,100,15.76,120,13.76,140,10.91,160,8.81,180,7.38,200e,7.02,215e,6.76,230e,6.5
9/23/2021 23:00,1504.08,5,18.3,10,18.26,20,18.3,30,18.27,40,18.26,60,16.86,80,16.2,100,15.56,120,13.83,140,11.31,160,9.51,180,7.43,200e,6.91,215e,6.71,230e,6.5
9/24/2021 0:00,1504.07,5,18.28,10,18.25,20,18.29,30,18.27,40,18.25,60,16.98,80,16.3,100,15.61,120,14.14,140,11.67,160,9.4,180,7.35,200e,6.84,215e,6.67,230e,6.5
9/24/2021 1:00,1504.03,5,18.24,10,18.22,20,18.26,30,18.25,40,18.25,60,16.97,80,16.29,100,15.71,120,14.48,140,11.82,160,8.23,180,7.24,200e,6.99,215e,6.75,230e,6.5
9/24/2021 2:00,1503.99,5,18.23,10,18.22,20,18.25,30,18.23,40,18.23,60,16.99,80,16.34,100,15.81,120,14.29,140,11.31,160,8.41,180,7.07,200e,6.74,215e,6.62,230e,6.5
9/24/2021 3:00,1503.94,5,18.23,10,18.18,20,18.23,30,18.21,40,18.22,60,16.99,80,16.35,100,15.78,120,14.14,140,10.49,160,8.23,180,7.18,200e,6.92,215e,6.71,230e,6.5
9/24/2021 4:00,1503.95,5,18.2,10,18.17,20,18.21,30,18.2,40,18.21,60,17.09,80,16.39,100,15.81,120,13.35,140,9.77,160,7.59,180,7.11,200e,6.99,215e,6.75,230e,6.5
9/24/2021 5:00,1503.96,5,18.19,10,18.17,20,18.21,30,18.2,40,18.2,60,17.2,80,16.42,100,15.65,120,13.11,140,9.24,160,7.43,180,6.98,200e,6.87,215e,6.68,230e,6.5
9/24/2021 6:00,1503.99,5,18.16,10,18.14,20,18.2,30,18.18,40,18.18,60,17.57,80,16.58,100,15.73,120,13.19,140,9.26,160,7.45,180,7.02,200e,6.91,215e,6.71,230e,6.5
9/24/2021 7:00,1504,5,18.16,10,18.14,20,18.18,30,18.17,40,18.17,60,18.07,80,16.58,100,15.8,120,13.03,140,9.14,160,7.35,180,6.89,200e,6.78,215e,6.64,230e,6.5
9/24/2021 8:00,1504.02,5,18.13,10,18.11,20,18.15,30,18.14,40,18.13,60,18.12,80,16.62,100,15.81,120,12.47,140,8.72,160,7.34,180,7,200e,6.92,215e,6.71,230e,6.5
9/24/2021 9:00,1504.03,5,18.15,10,18.11,20,18.15,30,18.14,40,18.14,60,18.11,80,16.83,100,15.86,120,12.82,140,8.65,160,7.34,180,7.04,200e,6.97,215e,6.73,230e,6.5
9/24/2021 10:00,1504.04,5,18.19,10,18.16,20,18.18,30,18.15,40,18.14,60,18.11,80,16.98,100,15.93,120,13.33,140,9.24,160,7.26,180,6.97,200e,6.9,215e,6.7,230e,6.5
9/24/2021 11:00,1504.05,5,18.26,10,18.24,20,18.22,30,18.18,40,18.15,60,18.12,80,17.19,100,15.93,120,13.51,140,8.94,160,7.26,180,6.93,200e,6.85,215e,6.67,230e,6.5
9/24/2021 12:00,1504.02,5,18.47,10,18.36,20,18.34,30,18.24,40,18.16,60,18.1,80,17.76,100,15.82,120,13.46,140,8.78,160,7.19,180,6.93,200e,6.87,215e,6.68,230e,6.5
9/24/2021 13:00,1503.97,5,18.72,10,18.48,20,18.35,30,18.23,40,18.19,60,18.11,80,17.65,100,15.84,120,13.07,140,8.34,160,7.25,180,6.93,200e,6.85,215e,6.68,230e,6.5
9/24/2021 14:00,1503.92,5,19.26,10,18.52,20,18.31,30,18.22,40,18.15,60,18.11,80,17.5,100,15.82,120,13.1,140,8.28,160,7.24,180,6.94,200e,6.87,215e,6.68,230e,6.5
9/24/2021 15:00,1503.77,5,19.44,10,18.34,20,18.27,30,18.22,40,18.16,60,18.13,80,17.86,100,15.65,120,12.59,140,8.34,160,7.24,180,6.95,200e,6.88,215e,6.69,230e,6.5
9/24/2021 16:00,1503.63,5,19.24,10,18.4,20,18.3,30,18.23,40,18.21,60,18.12,80,16.98,100,15.47,120,12.14,140,8.16,160,7.18,180,6.91,200e,6.84,215e,6.67,230e,6.5
9/24/2021 17:00,1503.49,5,19.18,10,18.36,20,18.3,30,18.22,40,18.21,60,18.12,80,16.65,100,15.33,120,12.69,140,8.25,160,7.12,180,6.87,200e,6.81,215e,6.65,230e,6.5
9/24/2021 18:00,1503.36,5,19.15,10,18.4,20,18.27,30,18.23,40,18.21,60,18.11,80,16.46,100,15.47,120,12.88,140,8.81,160,7.11,180,6.87,200e,6.81,215e,6.66,230e,6.5
9/24/2021 19:00,1503.24,5,19.03,10,18.39,20,18.3,30,18.24,40,18.17,60,18.1,80,16.07,100,15.44,120,13.13,140,9.07,160,7.2,180,6.9,200e,6.83,215e,6.66,230e,6.5
9/24/2021 20:00,1503.11,5,18.91,10,18.39,20,18.32,30,18.23,40,18.17,60,18.1,80,16.09,100,15.38,120,12.92,140,9.63,160,7.82,180,6.94,200e,6.72,215e,6.61,230e,6.5
9/24/2021 21:00,1503.05,5,18.75,10,18.63,20,18.34,30,18.22,40,18.2,60,17.88,80,16.08,100,15.24,120,13.58,140,9.42,160,7.62,180,6.93,200e,6.76,215e,6.63,230e,6.5
9/24/2021 22:00,1503.04,5,18.68,10,18.67,20,18.34,30,18.23,40,18.14,60,16.79,80,15.95,100,15.42,120,13.85,140,10.25,160,7.99,180,7.03,200e,6.79,215e,6.65,230e,6.5
9/24/2021 23:00,1503.06,5,18.64,10,18.63,20,18.36,30,18.24,40,18.17,60,17.02,80,15.96,100,15.48,120,14.45,140,10.68,160,8.35,180,7.21,200e,6.93,215e,6.71,230e,6.5
9/25/2021 0:00,1503.02,5,18.66,10,18.65,20,18.32,30,18.25,40,18.18,60,16.93,80,15.99,100,15.6,120,14.68,140,11.33,160,8.28,180,7.24,200e,6.98,215e,6.74,230e,6.5
9/25/2021 1:00,1502.98,5,18.6,10,18.58,20,18.48,30,18.25,40,18.19,60,16.9,80,16.02,100,15.65,120,14.64,140,10.75,160,8.23,180,7.12,200e,6.84,215e,6.67,230e,6.5
9/25/2021 2:00,1502.95,5,18.54,10,18.52,20,18.53,30,18.35,40,18.2,60,16.89,80,16.01,100,15.69,120,14.65,140,10.73,160,8.16,180,7.23,200e,7,215e,6.75,230e,6.5
9/25/2021 3:00,1502.9,5,18.48,10,18.47,20,18.5,30,18.35,40,18.23,60,17.02,80,16.07,100,15.59,120,14.71,140,10.22,160,7.69,180,7.07,200e,6.92,215e,6.71,230e,6.5
9/25/2021 4:00,1502.85,5,18.44,10,18.42,20,18.45,30,18.43,40,18.26,60,16.96,80,16.08,100,15.6,120,14.39,140,10.46,160,7.79,180,7.14,200e,6.98,215e,6.74,230e,6.5
9/25/2021 5:00,1502.81,5,18.43,10,18.4,20,18.43,30,18.41,40,18.39,60,16.97,80,16.21,100,15.59,120,13.92,140,10.23,160,7.81,180,7.09,200e,6.91,215e,6.71,230e,6.5
9/25/2021 6:00,1502.76,5,18.44,10,18.4,20,18.43,30,18.39,40,18.26,60,16.94,80,16.16,100,15.61,120,13.9,140,9.84,160,7.85,180,7.14,200e,6.96,215e,6.73,230e,6.5
9/25/2021 7:00,1502.71,5,18.41,10,18.39,20,18.41,30,18.31,40,18.25,60,16.81,80,16.06,100,15.62,120,13.82,140,9.92,160,7.67,180,7.17,200e,7.05,215e,6.77,230e,6.5
9/25/2021 8:00,1502.66,5,18.4,10,18.38,20,18.39,30,18.34,40,18.27,60,16.97,80,16.02,100,15.57,120,13.95,140,10.01,160,7.85,180,7.09,200e,6.9,215e,6.7,230e,6.5
9/25/2021 9:00,1502.65,5,18.43,10,18.42,20,18.42,30,18.33,40,18.28,60,16.97,80,16.02,100,15.59,120,13.83,140,10,160,7.83,180,7.09,200e,6.91,215e,6.7,230e,6.5
9/25/2021 10:00,1502.67,5,18.51,10,18.49,20,18.42,30,18.32,40,18.28,60,17.17,80,16.07,100,15.62,120,13.29,140,10.23,160,8,180,7.08,200e,6.85,215e,6.68,230e,6.5
9/25/2021 11:00,1502.68,5,18.61,10,18.6,20,18.45,30,18.33,40,18.3,60,18.01,80,16.12,100,15.64,120,13.57,140,10.29,160,8.07,180,7.13,200e,6.9,215e,6.7,230e,6.5
9/25/2021 12:00,1502.69,5,19,10,18.62,20,18.46,30,18.35,40,18.33,60,18.12,80,16.2,100,15.71,120,13.71,140,9.85,160,7.9,180,7.11,200e,6.91,215e,6.71,230e,6.5
9/25/2021 13:00,1502.69,5,18.83,10,18.56,20,18.43,30,18.38,40,18.31,60,18.12,80,16.22,100,15.65,120,13.41,140,9.99,160,7.86,180,7.12,200e,6.94,215e,6.72,230e,6.5
9/25/2021 14:00,1502.64,5,18.94,10,18.75,20,18.5,30,18.39,40,18.3,60,18.19,80,16.13,100,15.63,120,12.75,140,9.4,160,7.59,180,7.01,200e,6.87,215e,6.68,230e,6.5
9/25/2021 15:00,1502.56,5,18.88,10,18.78,20,18.56,30,18.38,40,18.35,60,18.2,80,16.25,100,15.59,120,12.56,140,9.46,160,7.59,180,6.98,200e,6.83,215e,6.66,230e,6.5
9/25/2021 16:00,1502.49,5,18.95,10,18.66,20,18.5,30,18.39,40,18.37,60,18.18,80,16.37,100,15.72,120,12.96,140,9.37,160,7.43,180,7.01,200e,6.91,215e,6.7,230e,6.5
9/25/2021 17:00,1502.42,5,18.87,10,18.53,20,18.41,30,18.37,40,18.33,60,18.09,80,16.28,100,15.62,120,13.22,140,9.49,160,7.41,180,7.05,200e,6.96,215e,6.73,230e,6.5
9/25/2021 18:00,1502.35,5,18.81,10,18.53,20,18.42,30,18.34,40,18.31,60,17.84,80,16.13,100,15.59,120,13.11,140,9.47,160,7.45,180,7,200e,6.89,215e,6.69,230e,6.5
9/25/2021 19:00,1502.29,5,18.69,10,18.48,20,18.4,30,18.34,40,18.31,60,17.24,80,16.08,100,15.63,120,13.38,140,9.25,160,7.4,180,6.97,200e,6.86,215e,6.68,230e,6.5
9/25/2021 20:00,1502.21,5,18.62,10,18.47,20,18.4,30,18.34,40,18.28,60,16.94,80,16.06,100,15.7,120,13.91,140,9.54,160,7.42,180,7,200e,6.9,215e,6.7,230e,6.5
9/25/2021 21:00,1502.1,5,18.57,10,18.45,20,18.41,30,18.34,40,18.29,60,16.99,80,16.12,100,15.7,120,14.61,140,9.77,160,7.45,180,6.99,200e,6.88,215e,6.69,230e,6.5
9/25/2021 22:00,1502.04,5,18.53,10,18.41,20,18.4,30,18.34,40,18.27,60,16.86,80,16.09,100,15.71,120,15.11,140,9.92,160,7.53,180,7,200e,6.87,215e,6.68,230e,6.5
9/25/2021 23:00,1501.99,5,18.46,10,18.38,20,18.4,30,18.34,40,18.28,60,16.88,80,16.2,100,15.74,120,14.83,140,9.71,160,7.45,180,7.01,200e,6.9,215e,6.7,230e,6.5
9/26/2021 0:00,1501.96,5,18.41,10,18.37,20,18.39,30,18.34,40,18.28,60,16.8,80,16.22,100,15.77,120,14.66,140,9.37,160,7.47,180,6.98,200e,6.86,215e,6.68,230e,6.5
9/26/2021 1:00,1501.92,5,18.36,10,18.34,20,18.38,30,18.33,40,18.28,60,16.81,80,16.13,100,15.79,120,14.81,140,9.21,160,7.4,180,7.04,200e,6.95,215e,6.73,230e,6.5
9/26/2021 2:00,1501.9,5,18.31,10,18.31,20,18.34,30,18.31,40,18.27,60,16.83,80,16.15,100,15.76,120,14.46,140,9.79,160,7.54,180,7.01,200e,6.88,215e,6.69,230e,6.5
9/26/2021 3:00,1501.84,5,18.28,10,18.28,20,18.32,30,18.31,40,18.2,60,16.75,80,16.12,100,15.81,120,14.38,140,9.18,160,7.59,180,7.08,200e,6.95,215e,6.73,230e,6.5
9/26/2021 4:00,1501.81,5,18.26,10,18.25,20,18.3,30,18.28,40,18.07,60,16.63,80,16.12,100,15.75,120,14.03,140,9.21,160,7.52,180,7.01,200e,6.88,215e,6.69,230e,6.5
9/26/2021 5:00,1501.77,5,18.25,10,18.25,20,18.28,30,18.26,40,18.04,60,16.6,80,16.08,100,15.69,120,13.7,140,9.36,160,7.4,180,7,200e,6.9,215e,6.7,230e,6.5
9/26/2021 6:00,1501.71,5,18.26,10,18.23,20,18.26,30,18.23,40,17.86,60,16.56,80,16.16,100,15.74,120,13.55,140,9.69,160,7.77,180,7.09,200e,6.92,215e,6.71,230e,6.5
9/26/2021 7:00,1501.64,5,18.24,10,18.21,20,18.24,30,18.19,40,17.71,60,16.63,80,16.3,100,15.77,120,13.77,140,10.3,160,7.82,180,7.11,200e,6.93,215e,6.72,230e,6.5
9/26/2021 8:00,1501.58,5,18.25,10,18.21,20,18.24,30,18.21,40,17.93,60,16.74,80,16.38,100,15.8,120,14.13,140,10.47,160,7.84,180,7.25,200e,7.1,215e,6.8,230e,6.5
9/26/2021 9:00,1501.57,5,18.23,10,18.23,20,18.23,30,18.2,40,18.13,60,16.81,80,16.38,100,15.76,120,14.13,140,10.17,160,7.81,180,7.12,200e,6.95,215e,6.72,230e,6.5
9/26/2021 10:00,1501.6,5,18.35,10,18.41,20,18.36,30,18.25,40,18.13,60,16.84,80,16.44,100,15.86,120,13.77,140,10.29,160,7.68,180,7.06,200e,6.91,215e,6.7,230e,6.5
9/26/2021 11:00,1501.62,5,18.45,10,18.38,20,18.31,30,18.22,40,18.17,60,17.02,80,16.53,100,15.96,120,13.79,140,10.65,160,7.97,180,7.05,200e,6.82,215e,6.66,230e,6.5
9/26/2021 12:00,1501.63,5,18.58,10,18.41,20,18.29,30,18.22,40,18.18,60,17.17,80,16.59,100,16.1,120,13.98,140,10.84,160,8.04,180,7.08,200e,6.84,215e,6.67,230e,6.5
9/26/2021 13:00,1501.63,5,18.6,10,18.35,20,18.31,30,18.21,40,18.16,60,17.26,80,16.63,100,16.03,120,13.84,140,10.48,160,7.91,180,7.11,200e,6.91,215e,6.71,230e,6.5
9/26/2021 14:00,1501.57,5,18.75,10,18.42,20,18.35,30,18.22,40,18.18,60,17.3,80,16.69,100,15.95,120,12.93,140,9.74,160,7.71,180,7.06,200e,6.9,215e,6.7,230e,6.5
9/26/2021 15:00,1501.5,5,18.77,10,18.62,20,18.37,30,18.26,40,18.19,60,17.26,80,16.67,100,15.92,120,12.32,140,9.8,160,7.65,180,7.18,200e,7.06,215e,6.78,230e,6.5
9/26/2021 16:00,1501.42,5,18.8,10,18.64,20,18.54,30,18.3,40,18.2,60,17.24,80,16.72,100,15.9,120,12.01,140,9.71,160,7.53,180,7.02,200e,6.89,215e,6.7,230e,6.5
9/26/2021 17:00,1501.36,5,18.74,10,18.59,20,18.33,30,18.24,40,18.18,60,17.26,80,16.71,100,15.84,120,12.04,140,9.45,160,7.6,180,7.04,200e,6.9,215e,6.7,230e,6.5
9/26/2021 18:00,1501.29,5,18.71,10,18.59,20,18.27,30,18.22,40,18.18,60,17.37,80,16.56,100,15.84,120,11.92,140,9.33,160,7.55,180,7.02,200e,6.89,215e,6.69,230e,6.5
9/26/2021 19:00,1501.2,5,18.67,10,18.56,20,18.27,30,18.22,40,18.18,60,17.29,80,16.58,100,15.8,120,12.22,140,9.38,160,7.54,180,7.03,200e,6.9,215e,6.7,230e,6.5
9/26/2021 20:00,1501.14,5,18.66,10,18.52,20,18.3,30,18.22,40,18.16,60,17.42,80,16.69,100,15.99,120,13.72,140,10.47,160,8.17,180,7.24,200e,7.01,215e,6.75,230e,6.5
9/26/2021 21:00,1501,5,18.62,10,18.58,20,18.29,30,18.22,40,18.13,60,17.29,80,16.63,100,15.92,120,12.69,140,10.34,160,7.99,180,7.13,200e,6.92,215e,6.71,230e,6.5
9/26/2021 22:00,1500.96,5,18.58,10,18.41,20,18.24,30,18.22,40,18.13,60,17.33,80,16.49,100,15.92,120,13.57,140,10.71,160,7.99,180,7.08,200e,6.85,215e,6.68,230e,6.5
9/26/2021 23:00,1500.94,5,18.54,10,18.39,20,18.26,30,18.22,40,18.1,60,17.07,80,16.46,100,15.83,120,13.69,140,10.52,160,7.84,180,7.11,200e,6.93,215e,6.71,230e,6.5
9/27/2021 0:00,1500.89,5,18.52,10,18.47,20,18.26,30,18.21,40,18.12,60,17.18,80,16.34,100,15.82,120,14.22,140,10.72,160,7.78,180,7.01,200e,6.82,215e,6.66,230e,6.5
9/27/2021 1:00,1500.87,5,18.51,10,18.47,20,18.26,30,18.18,40,18.14,60,17.25,80,16.22,100,15.78,120,14.22,140,10.65,160,7.63,180,7.09,200e,6.96,215e,6.73,230e,6.5
9/27/2021 2:00,1500.82,5,18.5,10,18.42,20,18.25,30,18.19,40,18.16,60,17.31,80,16.24,100,15.84,120,14.26,140,10.5,160,7.57,180,7,200e,6.86,215e,6.68,230e,6.5
9/27/2021 3:00,1500.77,5,18.45,10,18.37,20,18.24,30,18.19,40,18.15,60,17.19,80,16.25,100,15.83,120,14.25,140,10.71,160,7.44,180,6.98,200e,6.87,215e,6.68,230e,6.5
9/27/2021 4:00,1500.71,5,18.39,10,18.37,20,18.24,30,18.19,40,18.15,60,17.15,80,16.25,100,15.76,120,14.02,140,10.5,160,7.37,180,6.94,200e,6.83,215e,6.67,230e,6.5
9/27/2021 5:00,1500.68,5,18.36,10,18.34,20,18.23,30,18.18,40,18.09,60,16.97,80,16.19,100,15.72,120,14.06,140,10.18,160,7.29,180,6.96,200e,6.88,215e,6.69,230e,6.5
9/27/2021 6:00,1500.64,5,18.34,10,18.3,20,18.22,30,18.18,40,18.07,60,16.89,80,16.2,100,15.7,120,13.86,140,9.9,160,7.37,180,6.97,200e,6.87,215e,6.69,230e,6.5
9/27/2021 7:00,1500.59,5,18.27,10,18.24,20,18.26,30,18.19,40,18.03,60,16.91,80,16.1,100,15.73,120,13.72,140,10.07,160,7.51,180,7,200e,6.87,215e,6.69,230e,6.5
9/27/2021 8:00,1500.57,5,18.18,10,18.19,20,18.22,30,18.19,40,17.73,60,16.75,80,16.1,100,15.64,120,13.44,140,9.72,160,7.58,180,7.01,200e,6.87,215e,6.68,230e,6.5
9/27/2021 9:00,1500.58,5,18.2,10,18.19,20,18.21,30,18.13,40,17.75,60,16.8,80,16.04,100,15.62,120,13.3,140,9.75,160,7.43,180,7,200e,6.89,215e,6.7,230e,6.5
9/27/2021 10:00,1500.58,5,18.2,10,18.19,20,18.21,30,18.02,40,17.71,60,16.78,80,16.16,100,15.77,120,13.63,140,10.7,160,7.46,180,7.03,200e,6.92,215e,6.71,230e,6.5
9/27/2021 11:00,1500.6,5,18.2,10,18.17,20,18.2,30,18.08,40,17.7,60,16.94,80,16.17,100,15.75,120,13.99,140,10.9,160,7.67,180,6.99,200e,6.82,215e,6.66,230e,6.5
9/27/2021 12:00,1500.55,5,18.24,10,18.19,20,18.2,30,18.12,40,17.78,60,17.08,80,16.42,100,15.88,120,14.02,140,10.77,160,7.48,180,7.01,200e,6.89,215e,6.7,230e,6.5
9/27/2021 13:00,1500.48,5,18.22,10,18.19,20,18.2,30,18.13,40,17.8,60,17.2,80,16.48,100,15.96,120,13.92,140,10.01,160,7.59,180,7.14,200e,7.03,215e,6.76,230e,6.5
9/27/2021 14:00,1500.43,5,18.2,10,18.17,20,18.19,30,18.12,40,17.76,60,17.33,80,16.59,100,15.94,120,14,140,10.06,160,7.61,180,7.09,200e,6.96,215e,6.73,230e,6.5
9/27/2021 15:00,1500.37,5,18.15,10,18.14,20,18.18,30,18.13,40,17.81,60,17.38,80,16.7,100,16.03,120,14.05,140,10.07,160,7.83,180,7.12,200e,6.94,215e,6.72,230e,6.5
9/27/2021 16:00,1500.32,5,18.15,10,18.12,20,18.15,30,18.11,40,17.85,60,17.31,80,16.66,100,16.07,120,14.07,140,10.19,160,7.96,180,7.16,200e,6.96,215e,6.73,230e,6.5
9/27/2021 17:00,1500.27,5,18.13,10,18.1,20,18.14,30,18.1,40,17.79,60,17.28,80,16.76,100,15.86,120,13.91,140,10.1,160,7.84,180,7.15,200e,6.98,215e,6.74,230e,6.5
9/27/2021 18:00,1500.21,5,18.12,10,18.09,20,18.12,30,18.09,40,17.81,60,17.26,80,16.61,100,15.91,120,13.92,140,9.98,160,8.25,180,7.14,200e,6.86,215e,6.68,230e,6.5
9/27/2021 19:00,1500.13,5,18.1,10,18.07,20,18.11,30,18.06,40,17.74,60,17.3,80,16.47,100,15.76,120,13.29,140,10.37,160,8.02,180,7.09,200e,6.86,215e,6.68,230e,6.5
9/27/2021 20:00,1500.09,5,18.09,10,18.05,20,18.08,30,18.06,40,17.75,60,17.3,80,16.47,100,15.72,120,13.27,140,10.35,160,7.94,180,7.12,200e,6.92,215e,6.71,230e,6.5
9/27/2021 21:00,1499.99,5,18.06,10,18.03,20,18.07,30,18.02,40,17.71,60,17.27,80,16.53,100,15.71,120,13.64,140,10.44,160,8,180,7.15,200e,6.94,215e,6.72,230e,6.5
9/27/2021 22:00,1499.95,5,18.05,10,18.02,20,18.06,30,18.03,40,17.73,60,17.32,80,16.52,100,15.79,120,13.84,140,10.17,160,8.03,180,7.14,200e,6.92,215e,6.71,230e,6.5
9/27/2021 23:00,1499.93,5,18.03,10,18.01,20,18.05,30,18.02,40,17.81,60,17.29,80,16.37,100,15.76,120,14.06,140,10.06,160,7.77,180,7.02,200e,6.83,215e,6.67,230e,6.5
9/28/2021 0:00,1499.91,5,18.02,10,18,20,18.03,30,18.01,40,17.8,60,17.47,80,16.45,100,15.66,120,14.09,140,9.7,160,7.65,180,7.05,200e,6.9,215e,6.7,230e,6.5
9/28/2021 1:00,1499.9,5,18.01,10,17.98,20,18.02,30,18,40,17.94,60,17.5,80,16.59,100,15.74,120,14.2,140,9.68,160,7.61,180,6.98,200e,6.82,215e,6.66,230e,6.5
9/28/2021 2:00,1499.89,5,17.99,10,17.97,20,18.01,30,18,40,17.98,60,17.51,80,16.64,100,15.78,120,14.32,140,9.76,160,7.42,180,6.99,200e,6.88,215e,6.69,230e,6.5
9/28/2021 3:00,1499.87,5,17.97,10,17.94,20,17.99,30,17.98,40,17.98,60,17.54,80,16.57,100,15.79,120,14.44,140,9.91,160,7.3,180,6.98,200e,6.9,215e,6.7,230e,6.5
9/28/2021 4:00,1499.84,5,17.96,10,17.94,20,17.98,30,17.97,40,17.96,60,17.58,80,16.58,100,15.69,120,14.45,140,9.6,160,7.29,180,6.95,200e,6.87,215e,6.68,230e,6.5
9/28/2021 5:00,1499.84,5,17.95,10,17.92,20,17.96,30,17.95,40,17.95,60,17.55,80,16.45,100,15.67,120,14.56,140,9.52,160,7.3,180,6.93,200e,6.84,215e,6.67,230e,6.5
9/28/2021 6:00,1499.83,5,17.95,10,17.92,20,17.96,30,17.94,40,17.94,60,17.48,80,16.42,100,15.58,120,14.41,140,9.84,160,7.29,180,6.95,200e,6.87,215e,6.68,230e,6.5
9/28/2021 7:00,1499.79,5,17.94,10,17.9,20,17.94,30,17.93,40,17.93,60,17.51,80,16.27,100,15.59,120,14.37,140,8.89,160,7.27,180,6.96,200e,6.88,215e,6.69,230e,6.5
9/28/2021 8:00,1499.75,5,17.94,10,17.91,20,17.94,30,17.92,40,17.92,60,17.55,80,16.23,100,15.57,120,14.31,140,9.02,160,7.32,180,6.96,200e,6.87,215e,6.69,230e,6.5
9/28/2021 9:00,1499.7,5,17.9,10,17.89,20,17.93,30,17.92,40,17.92,60,17.56,80,16.2,100,15.55,120,14.24,140,9.28,160,7.33,180,6.94,200e,6.84,215e,6.67,230e,6.5
9/28/2021 10:00,1499.65,5,17.92,10,17.9,20,17.93,30,17.91,40,17.91,60,17.47,80,16.11,100,15.46,120,14.37,140,9.53,160,7.33,180,6.97,200e,6.88,215e,6.69,230e,6.5
9/28/2021 11:00,1499.61,5,17.9,10,17.9,20,17.93,30,17.91,40,17.91,60,17.48,80,16.12,100,15.45,120,14.2,140,9.58,160,7.47,180,6.98,200e,6.86,215e,6.68,230e,6.5
9/28/2021 12:00,1499.58,5,17.95,10,17.96,20,17.96,30,17.92,40,17.91,60,17.44,80,16.08,100,15.56,120,14.04,140,9.96,160,7.62,180,7.01,200e,6.86,215e,6.68,230e,6.5
9/28/2021 13:00,1499.51,5,17.91,10,17.9,20,17.92,30,17.91,40,17.9,60,17.5,80,16.12,100,15.6,120,14.41,140,10.67,160,7.67,180,7.03,200e,6.87,215e,6.69,230e,6.5
9/28/2021 14:00,1499.49,5,17.92,10,17.9,20,17.93,30,17.91,40,17.9,60,17.46,80,16.06,100,15.53,120,14.53,140,10.69,160,7.77,180,7.1,200e,6.93,215e,6.72,230e,6.5
9/28/2021 15:00,1499.45,5,17.95,10,17.93,20,17.94,30,17.91,40,17.9,60,17.34,80,16.03,100,15.51,120,14.3,140,10.61,160,7.79,180,7.05,200e,6.87,215e,6.68,230e,6.5
9/28/2021 16:00,1499.41,5,17.94,10,17.92,20,17.93,30,17.91,40,17.89,60,17.24,80,16.02,100,15.53,120,14.39,140,10.67,160,7.94,180,7.14,200e,6.94,215e,6.72,230e,6.5
9/28/2021 17:00,1499.37,5,17.92,10,17.91,20,17.93,30,17.9,40,17.88,60,17.01,80,16.03,100,15.61,120,14.43,140,10.83,160,8.25,180,7.2,200e,6.94,215e,6.72,230e,6.5
9/28/2021 18:00,1499.33,5,17.9,10,17.86,20,17.9,30,17.89,40,17.88,60,16.95,80,16.09,100,15.65,120,14.65,140,10.61,160,8.36,180,7.22,200e,6.94,215e,6.72,230e,6.5
9/28/2021 19:00,1499.28,5,17.88,10,17.85,20,17.88,30,17.87,40,17.87,60,17.1,80,16.13,100,15.67,120,14.64,140,10.51,160,8.31,180,7.29,200e,7.04,215e,6.77,230e,6.5
9/28/2021 20:00,1499.23,5,17.85,10,17.82,20,17.86,30,17.86,40,17.85,60,17.2,80,16.14,100,15.69,120,14.56,140,10.48,160,8.21,180,7.18,200e,6.92,215e,6.71,230e,6.5
9/28/2021 21:00,1499.15,5,17.84,10,17.82,20,17.86,30,17.85,40,17.84,60,17.18,80,16.1,100,15.72,120,14.61,140,10.26,160,8.27,180,7.18,200e,6.91,215e,6.7,230e,6.5
9/28/2021 22:00,1499.13,5,17.83,10,17.8,20,17.84,30,17.82,40,17.83,60,17.09,80,16.17,100,15.71,120,14.67,140,10.38,160,8.12,180,7.25,200e,7.03,215e,6.77,230e,6.5
9/28/2021 23:00,1499.1,5,17.81,10,17.78,20,17.82,30,17.81,40,17.81,60,16.9,80,16.12,100,15.78,120,14.87,140,10.32,160,7.87,180,7.09,200e,6.9,215e,6.7,230e,6.5
9/29/2021 0:00,1499.09,5,17.8,10,17.77,20,17.81,30,17.8,40,17.8,60,16.87,80,16.19,100,15.79,120,14.81,140,10.32,160,7.88,180,7.13,200e,6.94,215e,6.72,230e,6.5
9/29/2021 1:00,1499.06,5,17.78,10,17.75,20,17.79,30,17.79,40,17.79,60,17.07,80,16.23,100,15.8,120,14.87,140,10.27,160,7.9,180,7.09,200e,6.89,215e,6.69,230e,6.5
9/29/2021 2:00,1499.03,5,17.77,10,17.74,20,17.78,30,17.77,40,17.78,60,17.15,80,16.24,100,15.8,120,15.02,140,10.3,160,7.82,180,7.1,200e,6.92,215e,6.71,230e,6.5
9/29/2021 3:00,1499,5,17.75,10,17.73,20,17.77,30,17.76,40,17.77,60,17.23,80,16.2,100,15.8,120,15.05,140,10.08,160,7.73,180,7.08,200e,6.92,215e,6.71,230e,6.5
9/29/2021 4:00,1498.97,5,17.76,10,17.72,20,17.76,30,17.75,40,17.75,60,17.41,80,16.2,100,15.82,120,14.92,140,9.93,160,7.73,180,7.02,200e,6.84,215e,6.67,230e,6.5
9/29/2021 5:00,1498.91,5,17.71,10,17.7,20,17.75,30,17.73,40,17.73,60,17.7,80,16.3,100,15.8,120,14.8,140,9.8,160,7.81,180,7.04,200e,6.85,215e,6.67,230e,6.5
9/29/2021 6:00,1498.86,5,17.68,10,17.68,20,17.73,30,17.73,40,17.73,60,17.71,80,16.36,100,15.83,120,14.87,140,9.75,160,7.62,180,7.04,200e,6.9,215e,6.7,230e,6.5
9/29/2021 7:00,1498.83,5,17.7,10,17.7,20,17.74,30,17.72,40,17.72,60,17.7,80,16.49,100,15.86,120,14.95,140,9.58,160,7.43,180,7.04,200e,6.94,215e,6.72,230e,6.5
9/29/2021 8:00,1498.78,5,17.67,10,17.68,20,17.72,30,17.71,40,17.71,60,17.7,80,16.54,100,15.85,120,14.9,140,9.79,160,7.44,180,6.99,200e,6.88,215e,6.69,230e,6.5
9/29/2021 9:00,1498.71,5,17.68,10,17.67,20,17.71,30,17.71,40,17.71,60,17.68,80,16.57,100,15.84,120,14.55,140,9.34,160,7.45,180,6.96,200e,6.84,215e,6.67,230e,6.5
9/29/2021 10:00,1498.66,5,17.79,10,17.78,20,17.74,30,17.71,40,17.7,60,17.69,80,16.69,100,15.84,120,14.31,140,9.5,160,7.56,180,7.03,200e,6.9,215e,6.7,230e,6.5
9/29/2021 11:00,1498.59,5,17.88,10,17.86,20,17.78,30,17.72,40,17.71,60,17.68,80,16.71,100,15.83,120,13.91,140,9.49,160,7.61,180,7,200e,6.85,215e,6.67,230e,6.5
9/29/2021 12:00,1498.52,5,18.01,10,18.08,20,17.9,30,17.77,40,17.71,60,17.71,80,16.6,100,15.83,120,14,140,9.54,160,7.7,180,7.03,200e,6.86,215e,6.68,230e,6.5
9/29/2021 13:00,1498.46,5,18.16,10,18.09,20,17.98,30,17.8,40,17.72,60,17.72,80,16.62,100,15.79,120,13.62,140,9.61,160,7.64,180,6.99,200e,6.83,215e,6.66,230e,6.5
9/29/2021 14:00,1498.39,5,18.7,10,18.09,20,17.96,30,17.77,40,17.72,60,17.71,80,16.53,100,15.74,120,13.42,140,9.84,160,7.53,180,7.04,200e,6.92,215e,6.71,230e,6.5
9/29/2021 15:00,1498.33,5,18.68,10,18,20,17.84,30,17.74,40,17.71,60,17.71,80,16.37,100,15.69,120,13.52,140,9.8,160,7.5,180,7.03,200e,6.91,215e,6.71,230e,6.5
9/29/2021 16:00,1498.26,5,18.66,10,17.91,20,17.85,30,17.74,40,17.71,60,17.69,80,16.3,100,15.65,120,13.53,140,9.9,160,7.65,180,7.08,200e,6.94,215e,6.72,230e,6.5
9/29/2021 17:00,1498.15,5,18.57,10,17.99,20,17.85,30,17.73,40,17.71,60,17.69,80,16.18,100,15.71,120,14.27,140,10.22,160,7.93,180,7.06,200e,6.84,215e,6.67,230e,6.5
9/29/2021 18:00,1498.03,5,18.5,10,17.93,20,17.79,30,17.74,40,17.72,60,17.7,80,16.16,100,15.68,120,14.17,140,10.14,160,7.8,180,7.04,200e,6.85,215e,6.68,230e,6.5
9/29/2021 19:00,1497.98,5,18.38,10,17.99,20,17.8,30,17.77,40,17.71,60,17.66,80,16.11,100,15.69,120,14.37,140,10.54,160,8.01,180,7.13,200e,6.91,215e,6.71,230e,6.5
9/29/2021 20:00,1497.96,5,18.21,10,18.11,20,17.83,30,17.74,40,17.71,60,17.59,80,16.04,100,15.71,120,14.48,140,10.43,160,7.82,180,7.03,200e,6.83,215e,6.67,230e,6.5
9/29/2021 21:00,1497.93,5,18.11,10,18.06,20,17.82,30,17.73,40,17.71,60,16.95,80,16.01,100,15.69,120,14.46,140,10.8,160,7.98,180,7.1,200e,6.88,215e,6.69,230e,6.5
9/29/2021 22:00,1497.89,5,18,10,17.98,20,17.81,30,17.72,40,17.71,60,16.74,80,15.97,100,15.66,120,14.79,140,11.26,160,8.2,180,7.13,200e,6.86,215e,6.68,230e,6.5
9/29/2021 23:00,1497.86,5,17.95,10,17.94,20,17.94,30,17.73,40,17.7,60,16.56,80,15.98,100,15.63,120,14.85,140,11.24,160,8.16,180,7.22,200e,6.99,215e,6.74,230e,6.5
9/30/2021 0:00,1497.82,5,17.93,10,17.93,20,17.91,30,17.73,40,17.7,60,16.48,80,15.98,100,15.72,120,14.85,140,10.97,160,8.1,180,7.17,200e,6.94,215e,6.72,230e,6.5
9/30/2021 1:00,1497.77,5,17.86,10,17.86,20,17.86,30,17.73,40,17.7,60,16.47,80,16,100,15.72,120,14.58,140,11.02,160,7.99,180,7.18,200e,6.98,215e,6.74,230e,6.5
9/30/2021 2:00,1497.73,5,17.81,10,17.81,20,17.82,30,17.78,40,17.71,60,16.47,80,16,100,15.71,120,14.81,140,11.21,160,8,180,7.08,200e,6.85,215e,6.68,230e,6.5
9/30/2021 3:00,1497.68,5,17.77,10,17.77,20,17.81,30,17.79,40,17.73,60,16.53,80,16,100,15.74,120,14.79,140,10.9,160,7.96,180,7.09,200e,6.87,215e,6.69,230e,6.5
9/30/2021 4:00,1497.64,5,17.77,10,17.77,20,17.79,30,17.76,40,17.76,60,16.71,80,16.01,100,15.71,120,14.67,140,10.69,160,7.72,180,7.03,200e,6.86,215e,6.68,230e,6.5
9/30/2021 5:00,1497.57,5,17.77,10,17.74,20,17.78,30,17.76,40,17.74,60,16.81,80,16,100,15.7,120,14.69,140,10.81,160,7.81,180,7.02,200e,6.82,215e,6.66,230e,6.5
9/30/2021 6:00,1497.52,5,17.72,10,17.71,20,17.75,30,17.73,40,17.73,60,17.56,80,16.07,100,15.71,120,14.35,140,10.25,160,7.56,180,6.96,200e,6.81,215e,6.66,230e,6.5
9/30/2021 7:00,1497.45,5,17.71,10,17.69,20,17.71,30,17.71,40,17.72,60,17.69,80,16.07,100,15.71,120,13.81,140,10.65,160,7.68,180,7,200e,6.83,215e,6.67,230e,6.5
9/30/2021 8:00,1497.38,5,17.7,10,17.68,20,17.71,30,17.71,40,17.7,60,17.66,80,16.09,100,15.72,120,14.08,140,10.67,160,7.81,180,7,200e,6.8,215e,6.65,230e,6.5
9/30/2021 9:00,1497.31,5,17.77,10,17.73,20,17.75,30,17.7,40,17.69,60,17.66,80,16.07,100,15.73,120,14.18,140,10.59,160,7.95,180,7.11,200e,6.9,215e,6.7,230e,6.5
9/30/2021 10:00,1497.24,5,17.78,10,17.77,20,17.76,30,17.71,40,17.69,60,17.66,80,16.08,100,15.72,120,13.98,140,10.53,160,8.01,180,7.02,200e,6.77,215e,6.64,230e,6.5
9/30/2021 11:00,1497.17,5,17.86,10,17.79,20,17.78,30,17.71,40,17.7,60,17.69,80,16.07,100,15.65,120,14.02,140,10.37,160,7.88,180,7.04,200e,6.83,215e,6.67,230e,6.5
9/30/2021 12:00,1497.1,5,18,10,17.8,20,17.77,30,17.72,40,17.7,60,17.68,80,16.07,100,15.63,120,14.23,140,10.41,160,7.75,180,7.08,200e,6.91,215e,6.71,230e,6.5
9/30/2021 13:00,1497.02,5,18.03,10,17.84,20,17.78,30,17.71,40,17.7,60,17.66,80,16.11,100,15.69,120,14.3,140,10.38,160,7.79,180,7.11,200e,6.94,215e,6.72,230e,6.5
9/30/2021 14:00,1496.93,5,17.9,10,17.86,20,17.76,30,17.73,40,17.7,60,17.64,80,16.11,100,15.66,120,14.05,140,10.25,160,7.71,180,7.01,200e,6.84,215e,6.67,230e,6.5
9/30/2021 15:00,1496.88,5,17.8,10,17.76,20,17.78,30,17.71,40,17.68,60,17.55,80,16.02,100,15.6,120,13.26,140,9.51,160,7.52,180,7.02,200e,6.9,215e,6.7,230e,6.5
9/30/2021 16:00,1496.73,5,17.81,10,17.77,20,17.77,30,17.69,40,17.66,60,17.51,80,15.99,100,15.63,120,13.62,140,9.67,160,7.58,180,7.03,200e,6.89,215e,6.7,230e,6.5
9/30/2021 17:00,1496.56,5,17.78,10,17.75,20,17.75,30,17.67,40,17.66,60,17.45,80,16,100,15.64,120,14.06,140,9.82,160,7.57,180,7.03,200e,6.9,215e,6.7,230e,6.5
9/30/2021 18:00,1496.42,5,17.76,10,17.73,20,17.76,30,17.7,40,17.65,60,16.96,80,15.95,100,15.68,120,14.55,140,9.88,160,7.6,180,7.02,200e,6.88,215e,6.69,230e,6.5
9/30/2021 19:00,1496.32,5,17.79,10,17.71,20,17.72,30,17.67,40,17.65,60,16.55,80,15.96,100,15.63,120,14.69,140,9.97,160,7.52,180,6.98,200e,6.85,215e,6.67,230e,6.5
9/30/2021 20:00,1496.29,5,17.78,10,17.68,20,17.7,30,17.64,40,17.6,60,16.39,80,15.93,100,15.61,120,14.83,140,10.1,160,7.52,180,6.97,200e,6.83,215e,6.67,230e,6.5
9/30/2021 21:00,1496.24,5,17.74,10,17.67,20,17.68,30,17.63,40,17.6,60,16.22,80,15.92,100,15.67,120,14.92,140,10.14,160,7.49,180,7,200e,6.88,215e,6.69,230e,6.5
9/30/2021 22:00,1496.2,5,17.71,10,17.66,20,17.67,30,17.63,40,17.61,60,16.16,80,15.92,100,15.65,120,14.93,140,10.64,160,7.63,180,7.03,200e,6.88,215e,6.69,230e,6.5
9/30/2021 23:00,1496.16,5,17.69,10,17.65,20,17.65,30,17.63,40,17.59,60,16.17,80,15.91,100,15.67,120,15.12,140,10.9,160,7.55,180,6.94,200e,6.79,215e,6.64,230e,6.5
10/1/2021 0:00,1496.1,5,17.66,10,17.62,20,17.66,30,17.64,40,17.57,60,16.18,80,15.91,100,15.64,120,15.16,140,11.02,160,7.49,180,6.98,200e,6.85,215e,6.68,230e,6.5
10/1/2021 1:00,1496.05,5,17.63,10,17.61,20,17.65,30,17.63,40,17.6,60,16.19,80,15.9,100,15.67,120,15.22,140,11.05,160,7.56,180,6.98,200e,6.84,215e,6.67,230e,6.5
10/1/2021 2:00,1495.98,5,17.62,10,17.59,20,17.63,30,17.62,40,17.42,60,16.12,80,15.91,100,15.67,120,15.15,140,10.65,160,7.78,180,6.99,200e,6.79,215e,6.65,230e,6.5
10/1/2021 3:00,1495.93,5,17.6,10,17.59,20,17.62,30,17.6,40,17.22,60,16.11,80,15.89,100,15.7,120,15.17,140,10.86,160,7.76,180,7.04,200e,6.86,215e,6.68,230e,6.5
10/1/2021 4:00,1495.85,5,17.61,10,17.57,20,17.61,30,17.57,40,16.75,60,16.09,80,15.88,100,15.7,120,14.9,140,11.44,160,7.72,180,7.11,200e,6.96,215e,6.73,230e,6.5
10/1/2021 5:00,1495.79,5,17.58,10,17.56,20,17.6,30,17.52,40,16.69,60,16.1,80,15.91,100,15.67,120,15.14,140,11.64,160,7.9,180,7.07,200e,6.86,215e,6.68,230e,6.5
10/1/2021 6:00,1495.71,5,17.57,10,17.54,20,17.58,30,17.53,40,16.66,60,16.12,80,15.87,100,15.67,120,14.83,140,11.69,160,8.03,180,6.99,200e,6.73,215e,6.62,230e,6.5
10/1/2021 7:00,1495.64,5,17.54,10,17.53,20,17.56,30,17.53,40,16.73,60,16.15,80,15.89,100,15.67,120,14.72,140,10.88,160,7.92,180,7.04,200e,6.82,215e,6.66,230e,6.5
10/1/2021 8:00,1495.57,5,17.53,10,17.5,20,17.53,30,17.48,40,16.87,60,16.26,80,15.98,100,15.68,120,14.9,140,11.05,160,8.01,180,7.15,200e,6.94,215e,6.72,230e,6.5
10/1/2021 9:00,1495.5,5,17.63,10,17.52,20,17.54,30,17.5,40,17.24,60,16.38,80,16.06,100,15.72,120,15.05,140,11.41,160,7.89,180,7.13,200e,6.94,215e,6.72,230e,6.5
10/1/2021 10:00,1495.43,5,17.7,10,17.59,20,17.56,30,17.5,40,17.42,60,16.52,80,16.17,100,15.84,120,15.07,140,11.56,160,8.25,180,7.09,200e,6.8,215e,6.65,230e,6.5
10/1/2021 11:00,1495.36,5,17.71,10,17.6,20,17.56,30,17.48,40,17.48,60,16.61,80,16.21,100,15.82,120,14.95,140,11.33,160,7.8,180,7.07,200e,6.89,215e,6.69,230e,6.5
10/1/2021 12:00,1495.29,5,17.75,10,17.72,20,17.59,30,17.52,40,17.49,60,16.7,80,16.31,100,15.82,120,14.69,140,10.41,160,7.64,180,7.03,200e,6.88,215e,6.69,230e,6.5
10/1/2021 13:00,1495.2,5,17.74,10,17.7,20,17.56,30,17.52,40,17.48,60,16.72,80,16.34,100,15.88,120,14.28,140,9.88,160,7.63,180,7.04,200e,6.89,215e,6.7,230e,6.5
10/1/2021 14:00,1495.13,5,17.7,10,17.65,20,17.56,30,17.49,40,17.47,60,16.99,80,16.37,100,15.9,120,14.32,140,9.58,160,7.55,180,7,200e,6.86,215e,6.68,230e,6.5
10/1/2021 15:00,1495.06,5,17.68,10,17.64,20,17.61,30,17.48,40,17.46,60,17.08,80,16.37,100,15.78,120,13.69,140,9.27,160,7.46,180,6.98,200e,6.86,215e,6.68,230e,6.5
10/1/2021 16:00,1494.99,5,17.63,10,17.61,20,17.59,30,17.48,40,17.46,60,16.86,80,16.39,100,15.79,120,13.52,140,9.48,160,7.43,180,6.95,200e,6.83,215e,6.67,230e,6.5
10/1/2021 17:00,1494.91,5,17.54,10,17.53,20,17.57,30,17.48,40,17.46,60,16.79,80,16.28,100,15.75,120,13.52,140,9.14,160,7.4,180,6.97,200e,6.86,215e,6.68,230e,6.5
10/1/2021 18:00,1494.82,5,17.52,10,17.49,20,17.53,30,17.51,40,17.45,60,16.72,80,16.25,100,15.77,120,13.36,140,8.68,160,7.25,180,6.92,200e,6.84,215e,6.67,230e,6.5
10/1/2021 19:00,1494.72,5,17.57,10,17.48,20,17.51,30,17.45,40,17.38,60,16.74,80,16.18,100,15.76,120,14.21,140,8.62,160,7.37,180,6.94,200e,6.83,215e,6.67,230e,6.5
10/1/2021 20:00,1494.63,5,17.58,10,17.47,20,17.49,30,17.47,40,17.39,60,16.69,80,16.26,100,15.7,120,15.03,140,9.4,160,7.48,180,6.95,200e,6.82,215e,6.66,230e,6.5
10/1/2021 21:00,1494.53,5,17.51,10,17.48,20,17.49,30,17.45,40,17.43,60,16.68,80,16.37,100,15.78,120,15.24,140,10.2,160,7.42,180,7.04,200e,6.95,215e,6.72,230e,6.5
10/1/2021 22:00,1494.43,5,17.48,10,17.46,20,17.48,30,17.45,40,17.4,60,16.73,80,16.25,100,15.78,120,15.35,140,11.33,160,7.7,180,7.04,200e,6.88,215e,6.69,230e,6.5
10/1/2021 23:00,1494.34,5,17.44,10,17.44,20,17.47,30,17.46,40,17.38,60,16.69,80,16.09,100,15.76,120,15.24,140,11.76,160,7.89,180,7.08,200e,6.88,215e,6.69,230e,6.5
10/2/2021 0:00,1494.23,5,17.42,10,17.41,20,17.46,30,17.45,40,17.37,60,16.62,80,16.07,100,15.82,120,15.2,140,12.24,160,8.62,180,7.29,200e,6.96,215e,6.73,230e,6.5
10/2/2021 1:00,1494.13,5,17.41,10,17.39,20,17.44,30,17.43,40,17.4,60,16.61,80,16.09,100,15.74,120,15.36,140,12.07,160,8.94,180,7.27,200e,6.85,215e,6.68,230e,6.5
10/2/2021 2:00,1494.03,5,17.41,10,17.37,20,17.42,30,17.42,40,17.36,60,16.61,80,16.14,100,15.72,120,15.22,140,12.29,160,9.01,180,7.34,200e,6.92,215e,6.71,230e,6.5
10/2/2021 3:00,1493.94,5,17.36,10,17.36,20,17.4,30,17.4,40,17.33,60,16.68,80,16.23,100,15.75,120,15.18,140,12.16,160,8.39,180,7.3,200e,7.03,215e,6.76,230e,6.5
10/2/2021 4:00,1493.83,5,17.36,10,17.36,20,17.39,30,17.38,40,17.33,60,16.74,80,16.16,100,15.76,120,15.18,140,11.38,160,8.3,180,7.25,200e,6.99,215e,6.74,230e,6.5
10/2/2021 5:00,1493.73,5,17.35,10,17.34,20,17.37,30,17.36,40,17.31,60,16.81,80,16.19,100,15.72,120,15.06,140,11.15,160,8.19,180,7.2,200e,6.95,215e,6.73,230e,6.5
10/2/2021 6:00,1493.64,5,17.32,10,17.32,20,17.37,30,17.36,40,17.33,60,16.83,80,16.29,100,15.7,120,15.05,140,11.02,160,7.87,180,7.18,200e,7.01,215e,6.75,230e,6.5
10/2/2021 7:00,1493.54,5,17.29,10,17.29,20,17.33,30,17.33,40,17.33,60,16.88,80,16.39,100,15.73,120,14.89,140,10.37,160,7.81,180,7.26,200e,7.12,215e,6.81,230e,6.5
10/2/2021 8:00,1493.44,5,17.3,10,17.29,20,17.32,30,17.31,40,17.31,60,17.26,80,16.5,100,15.83,120,14.98,140,10.82,160,7.88,180,7.12,200e,6.93,215e,6.72,230e,6.5
10/2/2021 9:00,1493.34,5,17.38,10,17.31,20,17.32,30,17.3,40,17.29,60,17.27,80,16.62,100,15.87,120,15.05,140,10.59,160,7.85,180,7.17,200e,7,215e,6.75,230e,6.5
10/2/2021 10:00,1493.23,5,17.42,10,17.4,20,17.36,30,17.32,40,17.32,60,17.28,80,16.82,100,15.91,120,14.89,140,10.15,160,7.9,180,7,200e,6.78,215e,6.64,230e,6.5
10/2/2021 11:00,1493.16,5,17.57,10,17.46,20,17.45,30,17.37,40,17.32,60,17.28,80,16.9,100,15.95,120,14.29,140,9.76,160,7.59,180,6.99,200e,6.84,215e,6.67,230e,6.5
10/2/2021 12:00,1493.07,5,17.75,10,17.51,20,17.37,30,17.32,40,17.32,60,17.29,80,16.98,100,15.99,120,14.28,140,10.05,160,7.73,180,7.02,200e,6.84,215e,6.67,230e,6.5
10/2/2021 13:00,1492.99,5,17.76,10,17.46,20,17.38,30,17.33,40,17.31,60,17.3,80,16.97,100,15.98,120,14.33,140,10.29,160,7.73,180,7.07,200e,6.91,215e,6.7,230e,6.5
10/2/2021 14:00,1492.91,5,17.78,10,17.39,20,17.36,30,17.32,40,17.31,60,17.29,80,17.03,100,15.9,120,14.4,140,10.13,160,7.84,180,7.17,200e,7,215e,6.75,230e,6.5
10/2/2021 15:00,1492.82,5,17.7,10,17.64,20,17.38,30,17.32,40,17.31,60,17.28,80,16.78,100,15.7,120,13.95,140,10.01,160,7.86,180,7.08,200e,6.89,215e,6.69,230e,6.5
10/2/2021 16:00,1492.73,5,17.59,10,17.57,20,17.37,30,17.33,40,17.31,60,17.28,80,16.55,100,15.56,120,13.66,140,9.76,160,7.9,180,7.19,200e,7.01,215e,6.76,230e,6.5
10/2/2021 17:00,1492.66,5,17.45,10,17.44,20,17.44,30,17.32,40,17.31,60,17.27,80,16.18,100,15.53,120,13.89,140,10.06,160,7.75,180,7.14,200e,6.99,215e,6.74,230e,6.5
10/2/2021 18:00,1492.6,5,17.36,10,17.36,20,17.38,30,17.36,40,17.34,60,17.27,80,16.08,100,15.56,120,13.84,140,10.36,160,7.93,180,7.19,200e,7.01,215e,6.75,230e,6.5
10/2/2021 19:00,1492.54,5,17.37,10,17.35,20,17.35,30,17.32,40,17.31,60,16.84,80,15.89,100,15.56,120,14.38,140,10.93,160,8.63,180,7.23,200e,6.88,215e,6.69,230e,6.5
10/2/2021 20:00,1492.45,5,17.34,10,17.31,20,17.33,30,17.32,40,17.3,60,16.55,80,15.92,100,15.43,120,14.45,140,11.51,160,8.86,180,7.23,200e,6.82,215e,6.66,230e,6.5
10/2/2021 21:00,1492.35,5,17.41,10,17.3,20,17.32,30,17.3,40,17.3,60,16.31,80,15.84,100,15.48,120,14.61,140,12.15,160,8.55,180,7.24,200e,6.91,215e,6.71,230e,6.5
10/2/2021 22:00,1492.25,5,17.37,10,17.29,20,17.32,30,17.3,40,17.29,60,16.3,80,15.83,100,15.36,120,14.87,140,12.48,160,8.82,180,7.44,200e,7.1,215e,6.8,230e,6.5
10/2/2021 23:00,1492.15,5,17.31,10,17.28,20,17.31,30,17.29,40,17.28,60,16.21,80,15.86,100,15.5,120,15.04,140,13,160,9.11,180,7.28,200e,6.82,215e,6.66,230e,6.5
10/3/2021 0:00,1492.04,5,17.29,10,17.26,20,17.29,30,17.28,40,17.28,60,16.19,80,15.86,100,15.47,120,15.13,140,13.05,160,9.32,180,7.26,200e,6.75,215e,6.62,230e,6.5
10/3/2021 1:00,1491.94,5,17.29,10,17.25,20,17.29,30,17.27,40,17.26,60,16.23,80,15.82,100,15.52,120,15.23,140,12.87,160,8.8,180,7.26,200e,6.88,215e,6.69,230e,6.5
10/3/2021 2:00,1491.85,5,17.27,10,17.24,20,17.27,30,17.26,40,17.25,60,16.38,80,15.82,100,15.54,120,15.25,140,13.28,160,8.07,180,7.07,200e,6.82,215e,6.66,230e,6.5
10/3/2021 3:00,1491.75,5,17.25,10,17.23,20,17.26,30,17.25,40,17.24,60,16.54,80,15.87,100,15.56,120,15.24,140,12.7,160,7.91,180,6.99,200e,6.76,215e,6.63,230e,6.5
10/3/2021 4:00,1491.65,5,17.22,10,17.2,20,17.25,30,17.24,40,17.23,60,16.51,80,15.93,100,15.54,120,15.23,140,12.51,160,7.77,180,7.01,200e,6.82,215e,6.66,230e,6.5
10/3/2021 5:00,1491.54,5,17.24,10,17.2,20,17.24,30,17.23,40,17.23,60,16.59,80,15.94,100,15.57,120,15.27,140,12.13,160,7.82,180,6.95,200e,6.73,215e,6.62,230e,6.5
10/3/2021 6:00,1491.45,5,17.2,10,17.18,20,17.23,30,17.22,40,17.22,60,16.67,80,15.91,100,15.61,120,15.24,140,11.03,160,7.61,180,7.03,200e,6.89,215e,6.69,230e,6.5
10/3/2021 7:00,1491.34,5,17.19,10,17.19,20,17.23,30,17.21,40,17.21,60,16.9,80,15.87,100,15.6,120,15.25,140,11.17,160,7.54,180,7.02,200e,6.89,215e,6.7,230e,6.5
10/3/2021 8:00,1491.24,5,17.18,10,17.17,20,17.22,30,17.2,40,17.2,60,17.1,80,16.01,100,15.63,120,15.22,140,11.13,160,7.55,180,7,200e,6.86,215e,6.68,230e,6.5
10/3/2021 9:00,1491.13,5,17.23,10,17.2,20,17.23,30,17.21,40,17.2,60,17.17,80,16.15,100,15.69,120,15.35,140,11.1,160,7.48,180,7,200e,6.88,215e,6.69,230e,6.5
10/3/2021 10:00,1491.01,5,17.29,10,17.26,20,17.25,30,17.2,40,17.19,60,17.17,80,16.24,100,15.71,120,15.36,140,11.13,160,7.87,180,7.02,200e,6.81,215e,6.65,230e,6.5
10/3/2021 11:00,1490.93,5,17.44,10,17.34,20,17.33,30,17.22,40,17.2,60,17.18,80,16.36,100,15.73,120,15.35,140,10.23,160,7.56,180,7.05,200e,6.92,215e,6.71,230e,6.5
10/3/2021 12:00,1490.84,5,17.57,10,17.34,20,17.26,30,17.21,40,17.2,60,17.17,80,16.45,100,15.8,120,15.27,140,10,160,7.58,180,7.01,200e,6.87,215e,6.68,230e,6.5
10/3/2021 13:00,1490.76,5,17.51,10,17.33,20,17.28,30,17.22,40,17.2,60,17.18,80,16.66,100,15.8,120,15.2,140,9.81,160,7.56,180,6.99,200e,6.85,215e,6.67,230e,6.5
10/3/2021 14:00,1490.68,5,17.55,10,17.45,20,17.27,30,17.22,40,17.21,60,17.18,80,16.89,100,15.75,120,15.13,140,10.17,160,7.66,180,6.95,200e,6.77,215e,6.64,230e,6.5
10/3/2021 15:00,1490.61,5,17.54,10,17.47,20,17.28,30,17.22,40,17.2,60,17.18,80,16.79,100,15.75,120,15.02,140,9.62,160,7.53,180,6.99,200e,6.86,215e,6.68,230e,6.5
10/3/2021 16:00,1490.52,5,17.53,10,17.51,20,17.29,30,17.22,40,17.2,60,17.17,80,16.55,100,15.7,120,14.65,140,9.62,160,7.29,180,7.05,200e,6.99,215e,6.75,230e,6.5
10/3/2021 17:00,1490.45,5,17.42,10,17.41,20,17.28,30,17.23,40,17.21,60,17.19,80,16.31,100,15.68,120,14.67,140,9.66,160,7.33,180,7.03,200e,6.96,215e,6.73,230e,6.5
10/3/2021 18:00,1490.37,5,17.32,10,17.31,20,17.3,30,17.22,40,17.21,60,17.19,80,16.34,100,15.64,120,14.7,140,9.81,160,7.36,180,7.01,200e,6.92,215e,6.71,230e,6.5
10/3/2021 19:00,1490.29,5,17.29,10,17.26,20,17.28,30,17.22,40,17.2,60,17.18,80,16.33,100,15.62,120,14.99,140,10.9,160,7.76,180,7.03,200e,6.85,215e,6.67,230e,6.5
10/3/2021 20:00,1490.19,5,17.26,10,17.23,20,17.26,30,17.21,40,17.2,60,17.18,80,16.06,100,15.58,120,15.08,140,11.12,160,8.18,180,7.1,200e,6.83,215e,6.67,230e,6.5
10/3/2021 21:00,1490.09,5,17.27,10,17.23,20,17.25,30,17.21,40,17.2,60,17.17,80,15.92,100,15.6,120,15.03,140,12,160,8.36,180,7.13,200e,6.82,215e,6.66,230e,6.5
10/3/2021 22:00,1489.99,5,17.24,10,17.21,20,17.23,30,17.21,40,17.2,60,16.8,80,15.88,100,15.61,120,15.2,140,12,160,8.2,180,7.2,200e,6.95,215e,6.73,230e,6.5
10/3/2021 23:00,1489.89,5,17.22,10,17.18,20,17.22,30,17.2,40,17.19,60,16.69,80,15.87,100,15.59,120,15.25,140,12.62,160,8.54,180,7.31,200e,7,215e,6.75,230e,6.5
10/4/2021 0:00,1489.78,5,17.2,10,17.16,20,17.2,30,17.19,40,17.18,60,16.42,80,15.87,100,15.62,120,15.26,140,12.86,160,8.75,180,7.19,200e,6.8,215e,6.65,230e,6.5
10/4/2021 1:00,1489.68,5,17.18,10,17.14,20,17.19,30,17.18,40,17.18,60,16.26,80,15.85,100,15.58,120,15.34,140,13.11,160,8.82,180,7.14,200e,6.72,215e,6.61,230e,6.5
10/4/2021 2:00,1489.58,5,17.15,10,17.13,20,17.17,30,17.17,40,17.16,60,16.22,80,15.84,100,15.59,120,15.38,140,12.4,160,8.19,180,7.26,200e,7.03,215e,6.76,230e,6.5
10/4/2021 3:00,1489.48,5,17.15,10,17.13,20,17.17,30,17.15,40,17.15,60,16.25,80,15.83,100,15.61,120,15.39,140,12.27,160,8.25,180,7.15,200e,6.88,215e,6.69,230e,6.5
10/4/2021 4:00,1489.38,5,17.16,10,17.11,20,17.16,30,17.14,40,17.14,60,16.24,80,15.87,100,15.65,120,15.21,140,11.96,160,8.21,180,7.05,200e,6.76,215e,6.63,230e,6.5
10/4/2021 5:00,1489.27,5,17.13,10,17.09,20,17.13,30,17.12,40,17.13,60,16.29,80,15.84,100,15.68,120,15.38,140,12.13,160,7.87,180,7.17,200e,7,215e,6.75,230e,6.5
10/4/2021 6:00,1489.17,5,17.1,10,17.08,20,17.12,30,17.12,40,17.12,60,16.92,80,15.89,100,15.68,120,15.3,140,11.35,160,7.93,180,7.24,200e,7.07,215e,6.78,230e,6.5
10/4/2021 7:00,1489.08,5,17.1,10,17.07,20,17.12,30,17.11,40,17.11,60,17.09,80,15.95,100,15.67,120,15.14,140,11.42,160,8.03,180,7.12,200e,6.89,215e,6.7,230e,6.5
10/4/2021 8:00,1488.96,5,17.1,10,17.09,20,17.12,30,17.11,40,17.11,60,17.08,80,15.97,100,15.7,120,15.18,140,10.98,160,8.2,180,7.06,200e,6.78,215e,6.64,230e,6.5
10/4/2021 9:00,1488.85,5,17.11,10,17.1,20,17.13,30,17.11,40,17.11,60,17.09,80,16.1,100,15.73,120,15.27,140,11.39,160,8.1,180,7.13,200e,6.89,215e,6.69,230e,6.5
10/4/2021 10:00,1488.75,5,17.14,10,17.11,20,17.14,30,17.12,40,17.11,60,17.08,80,16.2,100,15.75,120,15.33,140,11.09,160,7.96,180,7.23,200e,7.05,215e,6.77,230e,6.5
10/4/2021 11:00,1488.67,5,17.14,10,17.13,20,17.15,30,17.12,40,17.11,60,17.09,80,16.26,100,15.76,120,15.15,140,10.88,160,7.88,180,7.07,200e,6.87,215e,6.68,230e,6.5
10/4/2021 12:00,1488.59,5,17.17,10,17.14,20,17.15,30,17.12,40,17.11,60,17.1,80,16.65,100,15.76,120,14.98,140,11.31,160,7.98,180,7.14,200e,6.93,215e,6.72,230e,6.5
10/4/2021 13:00,1488.5,5,17.19,10,17.16,20,17.18,30,17.14,40,17.12,60,17.14,80,16.81,100,15.77,120,15.06,140,11.14,160,8.01,180,7.05,200e,6.81,215e,6.66,230e,6.5
10/4/2021 14:00,1488.43,5,17.36,10,17.19,20,17.19,30,17.15,40,17.13,60,17.12,80,16.97,100,15.75,120,15.13,140,10.85,160,7.99,180,7.23,200e,7.04,215e,6.77,230e,6.5
10/4/2021 15:00,1488.33,5,17.34,10,17.2,20,17.19,30,17.16,40,17.13,60,17.1,80,16.93,100,15.79,120,14.84,140,10.89,160,8,180,7.17,200e,6.96,215e,6.73,230e,6.5
10/4/2021 16:00,1488.24,5,17.33,10,17.24,20,17.21,30,17.14,40,17.13,60,17.11,80,16.86,100,15.74,120,14.7,140,10.6,160,8,180,7.12,200e,6.9,215e,6.7,230e,6.5
10/4/2021 17:00,1488.17,5,17.3,10,17.2,20,17.19,30,17.15,40,17.12,60,17.1,80,16.96,100,15.74,120,14.62,140,10.81,160,7.79,180,7.12,200e,6.95,215e,6.73,230e,6.5
10/4/2021 18:00,1488.08,5,17.25,10,17.21,20,17.19,30,17.16,40,17.12,60,17.12,80,16.87,100,15.75,120,14.81,140,10.94,160,7.9,180,7.09,200e,6.89,215e,6.69,230e,6.5
10/4/2021 19:00,1488.01,5,17.23,10,17.2,20,17.21,30,17.18,40,17.13,60,17.1,80,17.04,100,15.76,120,15.02,140,11.11,160,8.01,180,7.09,200e,6.86,215e,6.68,230e,6.5
10/4/2021 20:00,1487.91,5,17.21,10,17.18,20,17.21,30,17.17,40,17.14,60,17.13,80,16.36,100,15.79,120,15.14,140,11.21,160,8.01,180,7.16,200e,6.95,215e,6.72,230e,6.5
10/4/2021 21:00,1487.81,5,17.2,10,17.17,20,17.2,30,17.15,40,17.15,60,17.14,80,16.31,100,15.71,120,15.11,140,10.76,160,7.79,180,7.08,200e,6.9,215e,6.7,230e,6.5
10/4/2021 22:00,1487.68,5,17.17,10,17.15,20,17.18,30,17.18,40,17.14,60,17.09,80,16.21,100,15.65,120,15.23,140,11.04,160,7.99,180,7.09,200e,6.87,215e,6.68,230e,6.5
10/4/2021 23:00,1487.57,5,17.15,10,17.14,20,17.17,30,17.16,40,17.14,60,17.09,80,16.17,100,15.65,120,15.08,140,11.57,160,8.06,180,7.13,200e,6.9,215e,6.7,230e,6.5
10/5/2021 0:00,1487.42,5,17.13,10,17.11,20,17.15,30,17.14,40,17.11,60,17.09,80,16.13,100,15.68,120,15.3,140,11.68,160,8.22,180,7.21,200e,6.96,215e,6.73,230e,6.5
10/5/2021 1:00,1487.28,5,17.11,10,17.1,20,17.15,30,17.14,40,17.13,60,17.09,80,15.96,100,15.66,120,15.25,140,11.78,160,8.08,180,7.15,200e,6.92,215e,6.71,230e,6.5
10/5/2021 2:00,1487.15,5,17.13,10,17.09,20,17.13,30,17.12,40,17.11,60,17.1,80,15.91,100,15.68,120,15.26,140,11.54,160,8.21,180,7.11,200e,6.84,215e,6.67,230e,6.5
10/5/2021 3:00,1487,5,17.09,10,17.07,20,17.12,30,17.11,40,17.11,60,17.09,80,15.89,100,15.62,120,15.11,140,12.16,160,8.28,180,7.1,200e,6.81,215e,6.65,230e,6.5
10/5/2021 4:00,1486.88,5,17.12,10,17.12,20,17.15,30,17.12,40,17.1,60,17.1,80,15.88,100,15.63,120,15.07,140,12.4,160,7.86,180,7.07,200e,6.87,215e,6.69,230e,6.5
10/5/2021 5:00,1486.73,5,17.1,10,17.1,20,17.13,30,17.1,40,17.1,60,17.1,80,15.89,100,15.63,120,15.09,140,12.14,160,7.99,180,7.06,200e,6.83,215e,6.66,230e,6.5
10/5/2021 6:00,1486.58,5,17.08,10,17.08,20,17.12,30,17.1,40,17.09,60,17.07,80,15.88,100,15.59,120,15.07,140,12.39,160,8.24,180,7,200e,6.69,215e,6.6,230e,6.5
10/5/2021 7:00,1486.39,5,17.06,10,17.07,20,17.11,30,17.09,40,17.1,60,17.07,80,15.87,100,15.59,120,15.13,140,11.52,160,8.03,180,7.07,200e,6.83,215e,6.67,230e,6.5
10/5/2021 8:00,1486.3,5,17.08,10,17.05,20,17.09,30,17.09,40,17.07,60,17.06,80,15.85,100,15.54,120,15.11,140,11.24,160,7.83,180,7.09,200e,6.91,215e,6.7,230e,6.5
10/5/2021 9:00,1486.23,5,17.08,10,17.07,20,17.1,30,17.08,40,17.07,60,17.05,80,15.84,100,15.54,120,14.97,140,11.8,160,8.33,180,7.07,200e,6.76,215e,6.63,230e,6.5
10/5/2021 10:00,1486.23,5,17.12,10,17.09,20,17.11,30,17.1,40,17.08,60,17.05,80,15.87,100,15.56,120,15.11,140,12.36,160,8.46,180,7.11,200e,6.77,215e,6.64,230e,6.5
10/5/2021 11:00,1486.25,5,17.16,10,17.12,20,17.13,30,17.09,40,17.07,60,17.02,80,15.9,100,15.54,120,15.16,140,12.19,160,8.3,180,7.11,200e,6.81,215e,6.66,230e,6.5
10/5/2021 12:00,1486.27,5,17.17,10,17.14,20,17.16,30,17.12,40,17.08,60,17.02,80,15.84,100,15.57,120,15.11,140,12.01,160,8.22,180,7.22,200e,6.97,215e,6.74,230e,6.5
10/5/2021 13:00,1486.28,5,17.14,10,17.12,20,17.16,30,17.11,40,17.09,60,17.02,80,15.82,100,15.57,120,14.93,140,11.73,160,8.18,180,7.19,200e,6.94,215e,6.72,230e,6.5
10/5/2021 14:00,1486.31,5,17.09,10,17.09,20,17.14,30,17.12,40,17.12,60,17.02,80,15.78,100,15.52,120,14.85,140,11.23,160,8.01,180,7.14,200e,6.92,215e,6.71,230e,6.5
10/5/2021 15:00,1486.33,5,17.09,10,17.08,20,17.11,30,17.07,40,17.06,60,16.08,80,15.74,100,15.53,120,14.89,140,11.23,160,8,180,7.1,200e,6.88,215e,6.69,230e,6.5
10/5/2021 16:00,1486.26,5,17.1,10,17.08,20,17.11,30,17.07,40,17.06,60,16.01,80,15.71,100,15.5,120,14.95,140,11.23,160,7.93,180,7.11,200e,6.91,215e,6.7,230e,6.5
10/5/2021 17:00,1486.04,5,17.04,10,17.06,20,17.09,30,17.07,40,17.05,60,15.98,80,15.74,100,15.53,120,14.99,140,11.87,160,8.15,180,7.19,200e,6.95,215e,6.73,230e,6.5
10/5/2021 18:00,1485.82,5,17.04,10,17.04,20,17.08,30,17.07,40,17.06,60,16.03,80,15.77,100,15.57,120,15.06,140,11.89,160,8.04,180,7.15,200e,6.93,215e,6.71,230e,6.5
10/5/2021 19:00,1485.69,5,17.05,10,17.03,20,17.06,30,17.05,40,17.04,60,16.01,80,15.77,100,15.56,120,15.24,140,12.06,160,7.94,180,7.12,200e,6.92,215e,6.71,230e,6.5
10/5/2021 20:00,1485.54,5,17.03,10,17.01,20,17.05,30,17.04,40,17.03,60,15.98,80,15.79,100,15.58,120,15.25,140,12.19,160,8.04,180,7.1,200e,6.87,215e,6.68,230e,6.5
10/5/2021 21:00,1485.41,5,17.03,10,17,20,17.03,30,17.02,40,17.02,60,15.96,80,15.78,100,15.6,120,15.35,140,12.44,160,7.91,180,7.1,200e,6.9,215e,6.7,230e,6.5
10/5/2021 22:00,1485.26,5,17.01,10,16.98,20,17.02,30,17,40,17.01,60,16.01,80,15.82,100,15.66,120,15.36,140,13,160,8.14,180,7.12,200e,6.87,215e,6.68,230e,6.5
10/5/2021 23:00,1485.12,5,16.98,10,16.96,20,17,30,16.99,40,16.98,60,16.01,80,15.82,100,15.7,120,15.41,140,13.43,160,8.23,180,7.14,200e,6.87,215e,6.68,230e,6.5
10/6/2021 0:00,1484.98,5,16.98,10,16.96,20,17,30,16.98,40,16.98,60,16.06,80,15.87,100,15.74,120,15.42,140,13.51,160,8.04,180,7.12,200e,6.89,215e,6.7,230e,6.5
10/6/2021 1:00,1484.83,5,16.94,10,16.94,20,16.99,30,16.97,40,16.97,60,16.14,80,15.91,100,15.73,120,15.45,140,12.95,160,7.76,180,7.08,200e,6.91,215e,6.71,230e,6.5
10/6/2021 2:00,1484.69,5,16.96,10,16.93,20,16.97,30,16.96,40,16.96,60,16.2,80,15.91,100,15.71,120,15.47,140,12.3,160,7.66,180,7.07,200e,6.92,215e,6.71,230e,6.5
10/6/2021 3:00,1484.57,5,16.96,10,16.93,20,16.98,30,16.96,40,16.96,60,16.28,80,15.93,100,15.73,120,15.45,140,11.44,160,7.71,180,7.09,200e,6.94,215e,6.72,230e,6.5
10/6/2021 4:00,1484.43,5,16.96,10,16.94,20,16.97,30,16.95,40,16.94,60,16.65,80,15.95,100,15.78,120,15.46,140,11.38,160,7.66,180,7.11,200e,6.97,215e,6.74,230e,6.5
10/6/2021 5:00,1484.3,5,16.93,10,16.91,20,16.94,30,16.93,40,16.93,60,16.74,80,15.96,100,15.78,120,15.47,140,11.47,160,7.71,180,7.03,200e,6.86,215e,6.68,230e,6.5
10/6/2021 6:00,1484.15,5,16.91,10,16.91,20,16.94,30,16.93,40,16.92,60,16.87,80,16.02,100,15.8,120,15.48,140,11.76,160,7.67,180,7.01,200e,6.85,215e,6.67,230e,6.5
10/6/2021 7:00,1483.93,5,16.88,10,16.89,20,16.93,30,16.91,40,16.91,60,16.89,80,16.05,100,15.81,120,15.49,140,11.49,160,7.44,180,7.03,200e,6.93,215e,6.71,230e,6.5
10/6/2021 8:00,1483.85,5,16.88,10,16.88,20,16.92,30,16.9,40,16.89,60,16.89,80,16.07,100,15.82,120,15.49,140,10.8,160,7.58,180,7.06,200e,6.93,215e,6.72,230e,6.5
10/6/2021 9:00,1483.79,5,16.95,10,16.91,20,16.93,30,16.9,40,16.9,60,16.87,80,16.08,100,15.78,120,15.47,140,11.16,160,7.86,180,7.05,200e,6.85,215e,6.67,230e,6.5
10/6/2021 10:00,1483.8,5,16.98,10,17,20,16.96,30,16.91,40,16.9,60,16.87,80,16.18,100,15.82,120,15.53,140,11.49,160,7.88,180,7.16,200e,6.98,215e,6.74,230e,6.5
10/6/2021 11:00,1483.83,5,17.01,10,16.97,20,16.95,30,16.91,40,16.91,60,16.87,80,16.24,100,15.84,120,15.47,140,11.82,160,7.9,180,7.16,200e,6.98,215e,6.74,230e,6.5
10/6/2021 12:00,1483.84,5,17.01,10,16.98,20,16.95,30,16.92,40,16.91,60,16.88,80,16.35,100,15.88,120,15.47,140,11.77,160,7.95,180,7.15,200e,6.95,215e,6.73,230e,6.5
10/6/2021 13:00,1483.86,5,17.06,10,17.01,20,16.98,30,16.93,40,16.91,60,16.85,80,16.49,100,15.89,120,15.39,140,11.45,160,7.78,180,7.1,200e,6.93,215e,6.72,230e,6.5
10/6/2021 14:00,1483.87,5,17.03,10,17.02,20,16.99,30,16.93,40,16.91,60,16.87,80,16.56,100,15.91,120,15.39,140,11.32,160,7.84,180,7.12,200e,6.94,215e,6.72,230e,6.5
10/6/2021 15:00,1483.89,5,17.1,10,17.06,20,16.98,30,16.92,40,16.91,60,16.85,80,16.63,100,15.91,120,15.4,140,11.18,160,7.8,180,7.12,200e,6.95,215e,6.73,230e,6.5
10/6/2021 16:00,1483.83,5,17.1,10,17.02,20,16.97,30,16.91,40,16.91,60,16.88,80,16.73,100,15.87,120,15.37,140,10.67,160,7.85,180,7.11,200e,6.93,215e,6.71,230e,6.5
10/6/2021 17:00,1483.63,5,17.03,10,17,20,16.96,30,16.93,40,16.91,60,16.86,80,16.54,100,15.81,120,15.31,140,11.25,160,7.87,180,7.09,200e,6.9,215e,6.7,230e,6.5
10/6/2021 18:00,1483.41,5,16.97,10,16.94,20,16.96,30,16.93,40,16.91,60,16.86,80,16.81,100,15.88,120,15.26,140,11.05,160,8.03,180,7.07,200e,6.83,215e,6.67,230e,6.5
10/6/2021 19:00,1483.26,5,16.94,10,16.91,20,16.94,30,16.92,40,16.91,60,16.86,80,16.51,100,15.75,120,15.08,140,11.2,160,8.22,180,7.22,200e,6.97,215e,6.74,230e,6.5
10/6/2021 20:00,1483.13,5,16.91,10,16.89,20,16.93,30,16.91,40,16.91,60,16.88,80,16.24,100,15.7,120,15.07,140,11.52,160,8.42,180,7.22,200e,6.92,215e,6.71,230e,6.5
10/6/2021 21:00,1482.98,5,16.88,10,16.85,20,16.89,30,16.88,40,16.89,60,16.91,80,16.13,100,15.67,120,15.14,140,11.48,160,8.77,180,7.22,200e,6.83,215e,6.67,230e,6.5
10/6/2021 22:00,1482.84,5,16.87,10,16.85,20,16.89,30,16.88,40,16.88,60,16.88,80,16.04,100,15.66,120,15.15,140,11.78,160,9.12,180,7.34,200e,6.9,215e,6.7,230e,6.5
10/6/2021 23:00,1482.7,5,16.87,10,16.84,20,16.87,30,16.87,40,16.87,60,16.85,80,15.99,100,15.65,120,15.17,140,12.19,160,9.64,180,7.47,200e,6.93,215e,6.71,230e,6.5
10/7/2021 0:00,1482.55,5,16.86,10,16.83,20,16.87,30,16.86,40,16.86,60,16.82,80,15.99,100,15.66,120,15.03,140,12.6,160,9.58,180,7.78,200e,7.33,215e,6.92,230e,6.5
10/7/2021 1:00,1482.41,5,16.85,10,16.82,20,16.86,30,16.84,40,16.84,60,16.81,80,15.88,100,15.59,120,15.03,140,12.75,160,9.55,180,7.5,200e,6.99,215e,6.74,230e,6.5
10/7/2021 2:00,1482.27,5,16.84,10,16.8,20,16.84,30,16.83,40,16.83,60,16.71,80,15.84,100,15.57,120,15.01,140,12.68,160,9.25,180,7.52,200e,7.09,215e,6.79,230e,6.5
10/7/2021 3:00,1482.13,5,16.82,10,16.79,20,16.83,30,16.82,40,16.82,60,16.68,80,15.87,100,15.57,120,15.02,140,12.96,160,9.11,180,7.38,200e,6.95,215e,6.72,230e,6.5
10/7/2021 4:00,1481.98,5,16.76,10,16.76,20,16.81,30,16.81,40,16.8,60,16.73,80,15.87,100,15.53,120,15.15,140,12.9,160,9.12,180,7.23,200e,6.76,215e,6.63,230e,6.5
10/7/2021 5:00,1481.83,5,16.75,10,16.76,20,16.8,30,16.79,40,16.78,60,16.72,80,15.9,100,15.6,120,15.15,140,12.93,160,9.03,180,7.1,200e,6.62,215e,6.56,230e,6.5
10/7/2021 6:00,1481.68,5,16.72,10,16.74,20,16.78,30,16.77,40,16.77,60,16.72,80,15.92,100,15.58,120,15.21,140,12.53,160,8.48,180,7.17,200e,6.84,215e,6.67,230e,6.5
10/7/2021 7:00,1481.48,5,16.7,10,16.71,20,16.76,30,16.74,40,16.74,60,16.72,80,15.95,100,15.61,120,15.22,140,12.25,160,7.99,180,7.13,200e,6.92,215e,6.71,230e,6.5
10/7/2021 8:00,1481.39,5,16.73,10,16.69,20,16.74,30,16.73,40,16.73,60,16.71,80,16.01,100,15.61,120,15.18,140,12.29,160,7.98,180,7.09,200e,6.87,215e,6.68,230e,6.5
10/7/2021 9:00,1481.32,5,16.68,10,16.69,20,16.72,30,16.72,40,16.72,60,16.7,80,16.05,100,15.62,120,15.23,140,12.86,160,7.98,180,7.12,200e,6.91,215e,6.7,230e,6.5
10/7/2021 10:00,1481.33,5,16.79,10,16.76,20,16.76,30,16.74,40,16.73,60,16.7,80,16.08,100,15.6,120,15.26,140,12.94,160,8.18,180,7.14,200e,6.88,215e,6.69,230e,6.5
10/7/2021 11:00,1481.33,5,16.87,10,16.87,20,16.81,30,16.76,40,16.72,60,16.7,80,16.13,100,15.67,120,15.26,140,12.66,160,7.99,180,7.05,200e,6.82,215e,6.66,230e,6.5
10/7/2021 12:00,1481.35,5,16.99,10,16.91,20,16.82,30,16.75,40,16.73,60,16.73,80,16.11,100,15.69,120,15.21,140,12.38,160,7.81,180,7.1,200e,6.92,215e,6.71,230e,6.5
10/7/2021 13:00,1481.36,5,16.95,10,16.82,20,16.78,30,16.75,40,16.73,60,16.71,80,16.1,100,15.66,120,15.22,140,11.97,160,7.64,180,7.06,200e,6.92,215e,6.71,230e,6.5
10/7/2021 14:00,1481.37,5,16.88,10,16.87,20,16.84,30,16.75,40,16.73,60,16.71,80,16.06,100,15.62,120,15.05,140,11.21,160,7.7,180,7.06,200e,6.9,215e,6.7,230e,6.5
10/7/2021 15:00,1481.39,5,16.85,10,16.82,20,16.78,30,16.74,40,16.73,60,16.7,80,15.99,100,15.5,120,15.11,140,11.47,160,7.69,180,7.06,200e,6.9,215e,6.7,230e,6.5
10/7/2021 16:00,1481.32,5,16.77,10,16.77,20,16.8,30,16.74,40,16.73,60,16.7,80,15.89,100,15.5,120,15.02,140,11.04,160,7.54,180,7.05,200e,6.93,215e,6.71,230e,6.5
10/7/2021 17:00,1481.09,5,16.71,10,16.72,20,16.76,30,16.75,40,16.75,60,16.71,80,15.85,100,15.48,120,15.01,140,11.02,160,7.59,180,7.04,200e,6.9,215e,6.7,230e,6.5
10/7/2021 18:00,1480.86,5,16.72,10,16.7,20,16.74,30,16.73,40,16.73,60,16.71,80,15.8,100,15.51,120,15.01,140,10.71,160,7.38,180,7.04,200e,6.96,215e,6.73,230e,6.5
10/7/2021 19:00,1480.71,5,16.7,10,16.7,20,16.73,30,16.72,40,16.72,60,16.62,80,15.87,100,15.51,120,15.1,140,11,160,7.66,180,7.13,200e,7,215e,6.75,230e,6.5
10/7/2021 20:00,1480.57,5,16.7,10,16.67,20,16.71,30,16.7,40,16.7,60,16.32,80,15.75,100,15.44,120,15.14,140,12.11,160,7.94,180,7.14,200e,6.94,215e,6.72,230e,6.5
10/7/2021 21:00,1480.43,5,16.72,10,16.68,20,16.71,30,16.69,40,16.68,60,16.14,80,15.77,100,15.46,120,15.1,140,12.95,160,8.11,180,7.15,200e,6.91,215e,6.71,230e,6.5
10/7/2021 22:00,1480.29,5,16.69,10,16.66,20,16.7,30,16.68,40,16.67,60,15.95,80,15.73,100,15.49,120,15.17,140,13.31,160,8.93,180,7.17,200e,6.73,215e,6.62,230e,6.5
10/7/2021 23:00,1480.15,5,16.68,10,16.65,20,16.69,30,16.67,40,16.66,60,15.89,80,15.66,100,15.42,120,15.23,140,14.43,160,9.38,180,7.21,200e,6.67,215e,6.58,230e,6.5
10/8/2021 0:00,1480.02,5,16.68,10,16.65,20,16.68,30,16.66,40,16.4,60,15.85,80,15.63,100,15.42,120,15.23,140,14.69,160,9.34,180,7.25,200e,6.73,215e,6.61,230e,6.5
10/8/2021 1:00,1479.91,5,16.64,10,16.62,20,16.66,30,16.64,40,16.07,60,15.86,80,15.63,100,15.41,120,15.24,140,14.68,160,9.98,180,7.19,200e,6.49,215e,6.49,230e,6.49
10/8/2021 2:00,1479.79,5,16.62,10,16.61,20,16.65,30,16.58,40,16.04,60,15.8,80,15.65,100,15.44,120,15.24,140,14.66,160,9.67,180,7.17,200e,6.55,215e,6.52,230e,6.5
10/8/2021 3:00,1479.67,5,16.59,10,16.59,20,16.62,30,16.54,40,15.99,60,15.83,80,15.63,100,15.47,120,15.28,140,14.09,160,8.82,180,7.09,200e,6.66,215e,6.58,230e,6.5
10/8/2021 4:00,1479.56,5,16.6,10,16.57,20,16.6,30,16.57,40,15.99,60,15.8,80,15.68,100,15.46,120,15.24,140,13.74,160,7.93,180,7.09,200e,6.88,215e,6.69,230e,6.5
10/8/2021 5:00,1479.44,5,16.57,10,16.55,20,16.58,30,16.57,40,16.01,60,15.81,80,15.69,100,15.46,120,15.29,140,13.42,160,8.02,180,7.05,200e,6.81,215e,6.65,230e,6.5
10/8/2021 6:00,1479.33,5,16.57,10,16.54,20,16.58,30,16.55,40,16.05,60,15.83,80,15.71,100,15.54,120,15.34,140,13.07,160,7.69,180,7.04,200e,6.88,215e,6.69,230e,6.5
10/8/2021 7:00,1479.22,5,16.56,10,16.53,20,16.56,30,16.54,40,16.15,60,15.88,80,15.74,100,15.58,120,15.44,140,13.19,160,7.52,180,7.05,200e,6.93,215e,6.72,230e,6.5
10/8/2021 8:00,1479.12,5,16.52,10,16.52,20,16.56,30,16.53,40,16.52,60,15.93,80,15.81,100,15.64,120,15.45,140,13.01,160,7.51,180,7,200e,6.87,215e,6.69,230e,6.5
10/8/2021 9:00,1479.01,5,16.53,10,16.52,20,16.56,30,16.54,40,16.51,60,16.01,80,15.86,100,15.71,120,15.47,140,12.37,160,7.43,180,7.02,200e,6.92,215e,6.71,230e,6.5
10/8/2021 10:00,1478.9,5,16.68,10,16.59,20,16.58,30,16.54,40,16.52,60,16.13,80,15.9,100,15.76,120,15.54,140,12.01,160,7.66,180,6.99,200e,6.82,215e,6.66,230e,6.5
10/8/2021 11:00,1478.79,5,16.81,10,16.64,20,16.61,30,16.57,40,16.53,60,16.44,80,15.94,100,15.79,120,15.61,140,12.77,160,7.75,180,7.1,200e,6.94,215e,6.72,230e,6.5
10/8/2021 12:00,1478.67,5,16.81,10,16.68,20,16.6,30,16.56,40,16.54,60,16.52,80,15.98,100,15.82,120,15.64,140,12.8,160,7.76,180,7.14,200e,6.99,215e,6.74,230e,6.5
10/8/2021 13:00,1478.55,5,16.77,10,16.77,20,16.62,30,16.57,40,16.56,60,16.51,80,16.07,100,15.85,120,15.64,140,11.83,160,7.69,180,7.14,200e,7,215e,6.75,230e,6.5
10/8/2021 14:00,1478.44,5,16.74,10,16.74,20,16.6,30,16.56,40,16.55,60,16.51,80,16.08,100,15.88,120,15.59,140,11.85,160,7.61,180,7.12,200e,7,215e,6.75,230e,6.5
10/8/2021 15:00,1478.33,5,16.66,10,16.66,20,16.59,30,16.55,40,16.55,60,16.52,80,16.18,100,15.85,120,15.59,140,11.11,160,7.57,180,7.01,200e,6.87,215e,6.69,230e,6.5
10/8/2021 16:00,1478.22,5,16.62,10,16.61,20,16.62,30,16.56,40,16.56,60,16.53,80,16.14,100,15.88,120,15.52,140,11.15,160,7.6,180,6.96,200e,6.8,215e,6.65,230e,6.5
10/8/2021 17:00,1478.11,5,16.56,10,16.55,20,16.6,30,16.59,40,16.54,60,16.51,80,16.06,100,15.83,120,15.47,140,11.06,160,7.81,180,7.14,200e,6.97,215e,6.74,230e,6.5
10/8/2021 18:00,1478,5,16.55,10,16.54,20,16.57,30,16.54,40,16.53,60,16.51,80,16.05,100,15.81,120,15.38,140,11.37,160,7.8,180,7.18,200e,7.03,215e,6.76,230e,6.5
10/8/2021 19:00,1477.9,5,16.53,10,16.52,20,16.55,30,16.54,40,16.53,60,16.5,80,16.06,100,15.77,120,15.36,140,11.55,160,8.03,180,7.15,200e,6.93,215e,6.72,230e,6.5
10/8/2021 20:00,1477.79,5,16.52,10,16.51,20,16.55,30,16.53,40,16.53,60,16.45,80,15.99,100,15.78,120,15.48,140,11.04,160,8.2,180,7.18,200e,6.93,215e,6.71,230e,6.5
10/8/2021 21:00,1477.68,5,16.52,10,16.48,20,16.53,30,16.52,40,16.51,60,16.47,80,15.95,100,15.79,120,15.27,140,12.11,160,8.28,180,7.28,200e,7.03,215e,6.77,230e,6.5
10/8/2021 22:00,1477.57,5,16.51,10,16.48,20,16.52,30,16.5,40,16.5,60,16.42,80,16.02,100,15.76,120,15.3,140,12.19,160,8.64,180,7.19,200e,6.83,215e,6.66,230e,6.5
10/8/2021 23:00,1477.46,5,16.47,10,16.47,20,16.51,30,16.5,40,16.49,60,16.43,80,16.04,100,15.75,120,15.32,140,12.37,160,9.09,180,7.15,200e,6.67,215e,6.58,230e,6.5
10/9/2021 0:00,1477.35,5,16.47,10,16.46,20,16.49,30,16.48,40,16.47,60,16.45,80,16.06,100,15.71,120,15.33,140,12.65,160,9.41,180,7.24,200e,6.7,215e,6.6,230e,6.5
10/9/2021 1:00,1477.24,5,16.48,10,16.45,20,16.48,30,16.47,40,16.47,60,16.43,80,16.03,100,15.74,120,15.37,140,12.22,160,9.26,180,7.39,200e,6.92,215e,6.71,230e,6.5
10/9/2021 2:00,1477.12,5,16.44,10,16.42,20,16.46,30,16.46,40,16.45,60,16.44,80,16.04,100,15.72,120,15.34,140,12.76,160,9.05,180,7.28,200e,6.84,215e,6.67,230e,6.5
10/9/2021 3:00,1477.02,5,16.45,10,16.41,20,16.45,30,16.44,40,16.44,60,16.42,80,16.01,100,15.71,120,15.3,140,12.8,160,8.99,180,7.37,200e,6.97,215e,6.73,230e,6.5
10/9/2021 4:00,1476.91,5,16.43,10,16.4,20,16.44,30,16.43,40,16.43,60,16.4,80,15.99,100,15.63,120,15.29,140,12.9,160,8.97,180,7.5,200e,7.13,215e,6.82,230e,6.5
10/9/2021 5:00,1476.81,5,16.4,10,16.37,20,16.42,30,16.41,40,16.42,60,16.37,80,15.95,100,15.62,120,15.31,140,12.98,160,8.88,180,7.34,200e,6.96,215e,6.73,230e,6.5
10/9/2021 6:00,1476.69,5,16.41,10,16.38,20,16.42,30,16.41,40,16.41,60,16.39,80,15.94,100,15.62,120,15.25,140,12.84,160,8.75,180,7.26,200e,6.89,215e,6.69,230e,6.5
10/9/2021 7:00,1476.57,5,16.37,10,16.34,20,16.4,30,16.39,40,16.39,60,16.38,80,15.91,100,15.62,120,15.21,140,12.71,160,8.95,180,7.26,200e,6.84,215e,6.67,230e,6.5
10/9/2021 8:00,1476.45,5,16.37,10,16.34,20,16.38,30,16.38,40,16.38,60,16.38,80,15.95,100,15.67,120,15.2,140,12.6,160,9.01,180,7.25,200e,6.81,215e,6.66,230e,6.5
10/9/2021 9:00,1476.34,5,16.37,10,16.36,20,16.4,30,16.38,40,16.38,60,16.38,80,15.95,100,15.6,120,15.19,140,12.85,160,8.83,180,7.23,200e,6.83,215e,6.67,230e,6.5
10/9/2021 10:00,1476.23,5,16.39,10,16.38,20,16.4,30,16.38,40,16.38,60,16.36,80,15.91,100,15.65,120,15.22,140,12.88,160,8.81,180,7.22,200e,6.82,215e,6.66,230e,6.5
10/9/2021 11:00,1476.12,5,16.44,10,16.4,20,16.42,30,16.39,40,16.38,60,16.37,80,16.04,100,15.67,120,15.18,140,12.87,160,8.77,180,7.18,200e,6.78,215e,6.64,230e,6.5
10/9/2021 12:00,1476.01,5,16.52,10,16.55,20,16.47,30,16.41,40,16.39,60,16.38,80,16.21,100,15.7,120,15.24,140,12.82,160,8.61,180,7.17,200e,6.81,215e,6.66,230e,6.5
10/9/2021 13:00,1475.89,5,16.61,10,16.48,20,16.44,30,16.39,40,16.38,60,16.38,80,16.28,100,15.71,120,15.25,140,12.86,160,8.24,180,7.2,200e,6.94,215e,6.72,230e,6.5
10/9/2021 14:00,1475.77,5,16.6,10,16.52,20,16.44,30,16.41,40,16.38,60,16.36,80,16.31,100,15.73,120,15.24,140,12.76,160,7.91,180,7.09,200e,6.89,215e,6.69,230e,6.5
10/9/2021 15:00,1475.67,5,16.53,10,16.55,20,16.44,30,16.4,40,16.39,60,16.39,80,16.31,100,15.73,120,15.24,140,12.61,160,7.82,180,7.08,200e,6.9,215e,6.7,230e,6.5
10/9/2021 16:00,1475.56,5,16.5,10,16.49,20,16.46,30,16.4,40,16.39,60,16.36,80,16.28,100,15.72,120,15.23,140,12.52,160,7.55,180,7.09,200e,6.98,215e,6.74,230e,6.5
10/9/2021 17:00,1475.45,5,16.42,10,16.43,20,16.42,30,16.4,40,16.39,60,16.37,80,16.31,100,15.69,120,15.19,140,12.41,160,7.51,180,7.01,200e,6.89,215e,6.69,230e,6.5
10/9/2021 18:00,1475.34,5,16.4,10,16.4,20,16.43,30,16.41,40,16.4,60,16.37,80,16.26,100,15.64,120,15.11,140,12.3,160,7.52,180,7.07,200e,6.96,215e,6.73,230e,6.5
10/9/2021 19:00,1475.23,5,16.4,10,16.38,20,16.42,30,16.4,40,16.4,60,16.37,80,15.95,100,15.55,120,15.15,140,12.32,160,7.69,180,7.05,200e,6.89,215e,6.7,230e,6.5
10/9/2021 20:00,1475.11,5,16.4,10,16.37,20,16.4,30,16.39,40,16.38,60,16.36,80,15.92,100,15.54,120,15.16,140,12.72,160,7.8,180,7.07,200e,6.89,215e,6.69,230e,6.5
10/9/2021 21:00,1475.01,5,16.38,10,16.35,20,16.39,30,16.38,40,16.38,60,16.37,80,15.91,100,15.56,120,15.18,140,13.28,160,7.87,180,7.08,200e,6.88,215e,6.69,230e,6.5
10/9/2021 22:00,1474.9,5,16.37,10,16.35,20,16.39,30,16.38,40,16.37,60,16.38,80,15.83,100,15.58,120,15.14,140,13.52,160,7.95,180,7.1,200e,6.89,215e,6.69,230e,6.5
10/9/2021 23:00,1474.79,5,16.38,10,16.34,20,16.38,30,16.37,40,16.37,60,16.34,80,15.86,100,15.52,120,15.16,140,13.33,160,8.17,180,7.11,200e,6.85,215e,6.67,230e,6.5
10/10/2021 0:00,1474.67,5,16.36,10,16.33,20,16.37,30,16.35,40,16.36,60,16.37,80,15.86,100,15.51,120,15.14,140,13.9,160,8.36,180,7.16,200e,6.86,215e,6.68,230e,6.5
10/10/2021 1:00,1474.57,5,16.35,10,16.32,20,16.37,30,16.35,40,16.35,60,16.34,80,15.86,100,15.52,120,15.16,140,14.1,160,8.26,180,7.2,200e,6.94,215e,6.72,230e,6.5
10/10/2021 2:00,1474.45,5,16.34,10,16.32,20,16.36,30,16.35,40,16.34,60,16.34,80,15.83,100,15.54,120,15.17,140,14.15,160,8.31,180,7.24,200e,6.97,215e,6.74,230e,6.5
10/10/2021 3:00,1474.35,5,16.31,10,16.31,20,16.35,30,16.34,40,16.34,60,16.35,80,15.81,100,15.53,120,15.16,140,13.68,160,8.27,180,7.11,200e,6.82,215e,6.66,230e,6.5
10/10/2021 4:00,1474.23,5,16.34,10,16.31,20,16.35,30,16.33,40,16.33,60,16.32,80,15.9,100,15.54,120,15.16,140,13.78,160,8.04,180,7.01,200e,6.75,215e,6.63,230e,6.5
10/10/2021 5:00,1474.13,5,16.31,10,16.3,20,16.34,30,16.33,40,16.33,60,16.32,80,15.8,100,15.5,120,15.18,140,13.42,160,7.9,180,7.08,200e,6.88,215e,6.69,230e,6.5
10/10/2021 6:00,1474.01,5,16.32,10,16.29,20,16.33,30,16.32,40,16.32,60,16.32,80,15.83,100,15.51,120,15.17,140,13.37,160,7.89,180,7.05,200e,6.84,215e,6.67,230e,6.5
10/10/2021 7:00,1473.89,5,16.24,10,16.27,20,16.32,30,16.31,40,16.31,60,16.3,80,15.79,100,15.47,120,15.14,140,13.17,160,7.59,180,7.08,200e,6.95,215e,6.73,230e,6.5
10/10/2021 8:00,1473.79,5,16.29,10,16.26,20,16.31,30,16.3,40,16.3,60,16.28,80,15.76,100,15.45,120,15.18,140,12.78,160,7.48,180,7.07,200e,6.97,215e,6.73,230e,6.5
10/10/2021 9:00,1473.68,5,16.31,10,16.32,20,16.34,30,16.31,40,16.29,60,16.3,80,15.75,100,15.45,120,15.16,140,13.07,160,7.56,180,7.11,200e,7,215e,6.75,230e,6.5
10/10/2021 10:00,1473.57,5,16.38,10,16.38,20,16.38,30,16.32,40,16.3,60,16.3,80,15.74,100,15.48,120,15.16,140,13.14,160,7.68,180,7.11,200e,6.97,215e,6.73,230e,6.5
10/10/2021 11:00,1473.45,5,16.34,10,16.33,20,16.35,30,16.31,40,16.3,60,16.19,80,15.71,100,15.44,120,15.21,140,13.46,160,7.68,180,7.14,200e,7.01,215e,6.75,230e,6.5
10/10/2021 12:00,1473.35,5,16.4,10,16.4,20,16.37,30,16.32,40,16.3,60,16.19,80,15.68,100,15.4,120,15.21,140,13.77,160,7.84,180,7.02,200e,6.82,215e,6.66,230e,6.5
10/10/2021 13:00,1473.24,5,16.31,10,16.3,20,16.33,30,16.3,40,16.3,60,16.07,80,15.71,100,15.39,120,15.21,140,14.03,160,7.77,180,7.1,200e,6.93,215e,6.72,230e,6.5
10/10/2021 14:00,1473.14,5,16.28,10,16.29,20,16.31,30,16.3,40,16.29,60,15.95,80,15.66,100,15.43,120,15.2,140,14.08,160,7.92,180,7.12,200e,6.92,215e,6.71,230e,6.5
10/10/2021 15:00,1473.01,5,16.33,10,16.36,20,16.34,30,16.3,40,16.28,60,15.91,80,15.76,100,15.45,120,15.28,140,14.45,160,8.28,180,7.19,200e,6.92,215e,6.71,230e,6.5
10/10/2021 16:00,1472.89,5,16.25,10,16.27,20,16.31,30,16.3,40,16.29,60,15.85,80,15.72,100,15.47,120,15.23,140,14.47,160,7.97,180,7.16,200e,6.96,215e,6.73,230e,6.5
10/10/2021 17:00,1472.79,5,16.26,10,16.25,20,16.29,30,16.28,40,16.28,60,15.86,80,15.71,100,15.51,120,15.25,140,14.61,160,8.12,180,7.14,200e,6.9,215e,6.7,230e,6.5
10/10/2021 18:00,1472.66,5,16.27,10,16.24,20,16.28,30,16.27,40,16.27,60,15.86,80,15.69,100,15.51,120,15.2,140,14.64,160,8,180,7.11,200e,6.89,215e,6.69,230e,6.5
10/10/2021 19:00,1472.57,5,16.26,10,16.23,20,16.27,30,16.26,40,16.26,60,15.86,80,15.67,100,15.51,120,15.23,140,14.52,160,7.86,180,7.05,200e,6.85,215e,6.67,230e,6.5
10/10/2021 20:00,1472.47,5,16.22,10,16.21,20,16.25,30,16.24,40,16.24,60,15.84,80,15.69,100,15.49,120,15.27,140,13.79,160,7.82,180,7.13,200e,6.96,215e,6.73,230e,6.5
10/10/2021 21:00,1472.38,5,16.23,10,16.2,20,16.24,30,16.24,40,16.22,60,15.84,80,15.73,100,15.51,120,15.26,140,13.61,160,7.89,180,7.06,200e,6.85,215e,6.68,230e,6.5
10/10/2021 22:00,1472.28,5,16.22,10,16.19,20,16.23,30,16.22,40,16.22,60,15.87,80,15.74,100,15.52,120,15.28,140,13.38,160,7.82,180,7.17,200e,7.01,215e,6.75,230e,6.5
10/10/2021 23:00,1472.17,5,16.21,10,16.18,20,16.21,30,16.21,40,16.2,60,15.85,80,15.73,100,15.5,120,15.28,140,13.78,160,8.13,180,7.23,200e,7.01,215e,6.75,230e,6.5
10/11/2021 0:00,1472.06,5,16.18,10,16.15,20,16.19,30,16.18,40,16.19,60,15.85,80,15.75,100,15.54,120,15.28,140,13.92,160,8.33,180,7.14,200e,6.84,215e,6.67,230e,6.5
10/11/2021 1:00,1471.95,5,16.13,10,16.12,20,16.17,30,16.16,40,16.16,60,15.88,80,15.75,100,15.57,120,15.27,140,13.5,160,8.13,180,7.14,200e,6.89,215e,6.7,230e,6.5
10/11/2021 2:00,1471.85,5,16.14,10,16.13,20,16.16,30,16.15,40,16.15,60,15.94,80,15.76,100,15.58,120,15.27,140,13.5,160,7.93,180,7.19,200e,7.01,215e,6.75,230e,6.5
10/11/2021 3:00,1471.72,5,16.11,10,16.1,20,16.14,30,16.14,40,16.14,60,15.95,80,15.78,100,15.59,120,15.3,140,13.72,160,8.11,180,7.09,200e,6.84,215e,6.67,230e,6.5
10/11/2021 4:00,1471.62,5,16.12,10,16.09,20,16.13,30,16.13,40,16.12,60,16.1,80,15.8,100,15.61,120,15.33,140,13.7,160,8.36,180,7.03,200e,6.7,215e,6.6,230e,6.5
10/11/2021 5:00,1471.51,5,16.1,10,16.09,20,16.12,30,16.11,40,16.11,60,16.09,80,15.83,100,15.64,120,15.37,140,13.6,160,8.05,180,7.16,200e,6.94,215e,6.72,230e,6.5
10/11/2021 6:00,1471.42,5,16.11,10,16.08,20,16.12,30,16.11,40,16.11,60,16.08,80,15.84,100,15.67,120,15.39,140,13.87,160,7.97,180,7.17,200e,6.97,215e,6.74,230e,6.5
10/11/2021 7:00,1471.31,5,16.08,10,16.08,20,16.11,30,16.1,40,16.1,60,16.09,80,15.85,100,15.64,120,15.41,140,13.75,160,7.85,180,7.09,200e,6.9,215e,6.7,230e,6.5
10/11/2021 8:00,1471.21,5,16.08,10,16.06,20,16.11,30,16.1,40,16.09,60,16.07,80,15.87,100,15.65,120,15.42,140,12.71,160,7.85,180,7.08,200e,6.89,215e,6.69,230e,6.5
10/11/2021 9:00,1471.09,5,16.1,10,16.07,20,16.1,30,16.09,40,16.09,60,16.1,80,15.88,100,15.69,120,15.44,140,12.86,160,7.8,180,7.08,200e,6.9,215e,6.7,230e,6.5
10/11/2021 10:00,1470.99,5,16.1,10,16.1,20,16.12,30,16.1,40,16.09,60,16.1,80,15.94,100,15.68,120,15.4,140,12.71,160,7.9,180,7.1,200e,6.9,215e,6.7,230e,6.5
10/11/2021 11:00,1470.86,5,16.1,10,16.09,20,16.11,30,16.09,40,16.09,60,16.09,80,15.99,100,15.7,120,15.45,140,13.05,160,7.93,180,7.13,200e,6.93,215e,6.72,230e,6.5
10/11/2021 12:00,1470.74,5,16.12,10,16.11,20,16.13,30,16.1,40,16.09,60,16.1,80,15.99,100,15.74,120,15.47,140,12.8,160,7.79,180,7.11,200e,6.94,215e,6.72,230e,6.5
10/11/2021 13:00,1470.63,5,16.15,10,16.19,20,16.16,30,16.1,40,16.1,60,16.11,80,15.98,100,15.7,120,15.4,140,12.35,160,7.78,180,7.11,200e,6.94,215e,6.72,230e,6.5
10/11/2021 14:00,1470.52,5,16.15,10,16.23,20,16.17,30,16.1,40,16.1,60,16.12,80,16.01,100,15.71,120,15.4,140,11.93,160,7.88,180,7.09,200e,6.89,215e,6.7,230e,6.5
10/11/2021 15:00,1470.42,5,16.24,10,16.26,20,16.19,30,16.11,40,16.1,60,16.11,80,16.07,100,15.7,120,15.37,140,12.39,160,7.89,180,7.09,200e,6.89,215e,6.7,230e,6.5
10/11/2021 16:00,1470.31,5,16.16,10,16.18,20,16.13,30,16.1,40,16.1,60,16.1,80,16.01,100,15.7,120,15.33,140,12.49,160,8.13,180,7.14,200e,6.89,215e,6.7,230e,6.5
10/11/2021 17:00,1470.21,5,16.11,10,16.11,20,16.14,30,16.11,40,16.1,60,16.11,80,15.99,100,15.67,120,15.32,140,12.44,160,8.05,180,7.13,200e,6.9,215e,6.7,230e,6.5
10/11/2021 18:00,1470.1,5,16.08,10,16.07,20,16.11,30,16.1,40,16.1,60,16.12,80,15.99,100,15.68,120,15.31,140,12.66,160,8.21,180,7.16,200e,6.9,215e,6.7,230e,6.5
10/11/2021 19:00,1469.98,5,16.1,10,16.07,20,16.1,30,16.09,40,16.09,60,16.09,80,16,100,15.68,120,15.31,140,12.71,160,8.17,180,7.14,200e,6.88,215e,6.69,230e,6.5
10/11/2021 20:00,1469.86,5,16.09,10,16.05,20,16.09,30,16.07,40,16.07,60,16.07,80,16,100,15.67,120,15.3,140,12.33,160,8.19,180,7.15,200e,6.89,215e,6.7,230e,6.5
10/11/2021 21:00,1469.75,5,16.06,10,16.03,20,16.06,30,16.06,40,16.06,60,16.06,80,16.06,100,15.68,120,15.31,140,12.69,160,8.55,180,7.18,200e,6.84,215e,6.67,230e,6.5
10/11/2021 22:00,1469.63,5,16.03,10,16.03,20,16.07,30,16.05,40,16.04,60,16.02,80,15.98,100,15.68,120,15.28,140,12.75,160,8.56,180,7.23,200e,6.9,215e,6.7,230e,6.5
10/11/2021 23:00,1469.53,5,16.04,10,16.01,20,16.05,30,16.04,40,16.04,60,16.01,80,15.97,100,15.59,120,15.2,140,12.8,160,8.44,180,7.21,200e,6.9,215e,6.7,230e,6.5
10/12/2021 0:00,1469.42,5,16.01,10,15.98,20,16.03,30,16.03,40,16.03,60,16.02,80,15.95,100,15.61,120,15.2,140,13.08,160,8.44,180,7.25,200e,6.95,215e,6.73,230e,6.5
10/12/2021 1:00,1469.31,5,16,10,15.98,20,16.02,30,16.01,40,16.01,60,16,80,15.93,100,15.56,120,15.14,140,13.26,160,9.14,180,7.33,200e,6.88,215e,6.69,230e,6.5
10/12/2021 2:00,1469.2,5,15.97,10,15.96,20,16.01,30,16,40,15.99,60,15.97,80,15.95,100,15.48,120,15.11,140,13.2,160,8.88,180,7.36,200e,6.98,215e,6.74,230e,6.5
10/12/2021 3:00,1469.08,5,15.99,10,15.94,20,15.99,30,15.97,40,15.98,60,15.97,80,15.92,100,15.45,120,15.09,140,13.62,160,9.02,180,7.27,200e,6.83,215e,6.67,230e,6.5
10/12/2021 4:00,1468.97,5,15.94,10,15.92,20,15.97,30,15.95,40,15.96,60,15.96,80,15.96,100,15.47,120,15.14,140,13.78,160,8.83,180,7.21,200e,6.81,215e,6.65,230e,6.5
10/12/2021 5:00,1468.86,5,15.92,10,15.92,20,15.97,30,15.96,40,15.96,60,15.95,80,15.95,100,15.52,120,15.1,140,13.89,160,8.21,180,7.09,200e,6.81,215e,6.66,230e,6.5
10/12/2021 6:00,1468.73,5,15.88,10,15.91,20,15.96,30,15.95,40,15.95,60,15.93,80,15.93,100,15.55,120,15.11,140,13.36,160,7.95,180,7.1,200e,6.89,215e,6.69,230e,6.5
10/12/2021 7:00,1468.62,5,15.86,10,15.88,20,15.94,30,15.94,40,15.93,60,15.92,80,15.93,100,15.56,120,15.17,140,13.61,160,8.06,180,7.07,200e,6.82,215e,6.66,230e,6.5
10/12/2021 8:00,1468.5,5,15.87,10,15.89,20,15.93,30,15.92,40,15.91,60,15.9,80,15.93,100,15.58,120,15.14,140,13.67,160,7.92,180,7.1,200e,6.9,215e,6.7,230e,6.5
10/12/2021 9:00,1468.39,5,15.87,10,15.88,20,15.93,30,15.92,40,15.92,60,15.89,80,15.9,100,15.63,120,15.14,140,13.79,160,7.64,180,7.09,200e,6.95,215e,6.73,230e,6.5
10/12/2021 10:00,1468.27,5,15.91,10,15.89,20,15.92,30,15.9,40,15.9,60,15.89,80,15.88,100,15.7,120,15.18,140,13.92,160,7.61,180,7.06,200e,6.92,215e,6.71,230e,6.5
10/12/2021 11:00,1468.16,5,15.87,10,15.88,20,15.91,30,15.9,40,15.9,60,15.88,80,15.89,100,15.75,120,15.2,140,13.76,160,7.6,180,7,200e,6.85,215e,6.68,230e,6.5
10/12/2021 12:00,1468.04,5,15.91,10,15.9,20,15.92,30,15.9,40,15.9,60,15.89,80,15.9,100,15.8,120,15.21,140,13.81,160,7.52,180,6.99,200e,6.86,215e,6.68,230e,6.5
10/12/2021 13:00,1467.93,5,15.95,10,15.94,20,15.95,30,15.91,40,15.9,60,15.91,80,15.9,100,15.8,120,15.2,140,13.72,160,7.37,180,6.98,200e,6.88,215e,6.69,230e,6.5
10/12/2021 14:00,1467.82,5,15.96,10,15.95,20,15.94,30,15.91,40,15.9,60,15.91,80,15.88,100,15.82,120,15.17,140,13.48,160,7.31,180,6.99,200e,6.91,215e,6.71,230e,6.5
10/12/2021 15:00,1467.69,5,15.95,10,15.92,20,15.93,30,15.9,40,15.9,60,15.89,80,15.87,100,15.79,120,15.18,140,13.53,160,7.36,180,7.01,200e,6.92,215e,6.71,230e,6.5
10/12/2021 16:00,1467.58,5,15.9,10,15.9,20,15.93,30,15.91,40,15.89,60,15.88,80,15.88,100,15.82,120,15.19,140,13.11,160,7.27,180,6.96,200e,6.88,215e,6.69,230e,6.5
10/12/2021 17:00,1467.48,5,15.89,10,15.88,20,15.92,30,15.9,40,15.9,60,15.89,80,15.88,100,15.83,120,15.11,140,13.27,160,7.33,180,6.99,200e,6.91,215e,6.7,230e,6.5
10/12/2021 18:00,1467.36,5,15.86,10,15.86,20,15.89,30,15.89,40,15.89,60,15.87,80,15.88,100,15.81,120,15.13,140,13.49,160,7.28,180,6.98,200e,6.91,215e,6.7,230e,6.5
10/12/2021 19:00,1467.25,5,15.89,10,15.85,20,15.89,30,15.88,40,15.88,60,15.89,80,15.88,100,15.61,120,15.14,140,13.06,160,7.42,180,7,200e,6.9,215e,6.7,230e,6.5
10/12/2021 20:00,1467.14,5,15.86,10,15.84,20,15.89,30,15.88,40,15.88,60,15.89,80,15.88,100,15.49,120,15.13,140,13.4,160,7.54,180,7,200e,6.87,215e,6.68,230e,6.5
10/12/2021 21:00,1467.02,5,15.87,10,15.85,20,15.88,30,15.87,40,15.87,60,15.85,80,15.87,100,15.45,120,15.09,140,13.23,160,7.55,180,7,200e,6.86,215e,6.68,230e,6.5
10/12/2021 22:00,1466.9,5,15.86,10,15.84,20,15.87,30,15.86,40,15.86,60,15.86,80,15.85,100,15.38,120,15.05,140,13.18,160,7.41,180,6.98,200e,6.87,215e,6.69,230e,6.5
10/12/2021 23:00,1466.79,5,15.87,10,15.83,20,15.87,30,15.86,40,15.85,60,15.85,80,15.85,100,15.31,120,15.01,140,13.42,160,7.58,180,7.03,200e,6.89,215e,6.7,230e,6.5
10/13/2021 0:00,1466.68,5,15.84,10,15.81,20,15.85,30,15.84,40,15.84,60,15.85,80,15.85,100,15.33,120,15.05,140,13.64,160,7.56,180,7.01,200e,6.87,215e,6.69,230e,6.5
10/13/2021 1:00,1466.57,5,15.84,10,15.8,20,15.84,30,15.83,40,15.83,60,15.83,80,15.84,100,15.33,120,15.04,140,13.49,160,7.53,180,6.97,200e,6.83,215e,6.67,230e,6.5
10/13/2021 2:00,1466.45,5,15.8,10,15.79,20,15.83,30,15.82,40,15.83,60,15.83,80,15.84,100,15.3,120,15.03,140,13.47,160,7.62,180,6.93,200e,6.76,215e,6.63,230e,6.5
10/13/2021 3:00,1466.34,5,15.82,10,15.79,20,15.83,30,15.82,40,15.82,60,15.81,80,15.82,100,15.28,120,14.98,140,13.22,160,7.64,180,7.02,200e,6.87,215e,6.68,230e,6.5
10/13/2021 4:00,1466.21,5,15.82,10,15.78,20,15.82,30,15.81,40,15.81,60,15.79,80,15.81,100,15.26,120,14.89,140,13.53,160,7.61,180,7.04,200e,6.9,215e,6.7,230e,6.5
10/13/2021 5:00,1466.1,5,15.79,10,15.78,20,15.82,30,15.8,40,15.8,60,15.81,80,15.76,100,15.18,120,14.91,140,13.63,160,7.59,180,7.08,200e,6.95,215e,6.73,230e,6.5
10/13/2021 6:00,1465.99,5,15.8,10,15.77,20,15.81,30,15.79,40,15.79,60,15.79,80,15.78,100,15.18,120,14.92,140,13.94,160,7.67,180,7,200e,6.83,215e,6.67,230e,6.5
10/13/2021 7:00,1465.86,5,15.8,10,15.75,20,15.8,30,15.79,40,15.79,60,15.78,80,15.74,100,15.18,120,14.94,140,13.64,160,7.54,180,7.02,200e,6.89,215e,6.7,230e,6.5
10/13/2021 8:00,1465.76,5,15.79,10,15.76,20,15.79,30,15.78,40,15.78,60,15.78,80,15.74,100,15.16,120,14.97,140,13.69,160,7.48,180,6.99,200e,6.87,215e,6.68,230e,6.5
10/13/2021 9:00,1465.64,5,15.79,10,15.76,20,15.79,30,15.78,40,15.77,60,15.78,80,15.73,100,15.17,120,14.95,140,13.82,160,7.4,180,7.02,200e,6.93,215e,6.71,230e,6.5
10/13/2021 10:00,1465.52,5,15.78,10,15.76,20,15.79,30,15.77,40,15.77,60,15.76,80,15.71,100,15.18,120,14.9,140,13.93,160,7.51,180,7.02,200e,6.9,215e,6.7,230e,6.5
10/13/2021 11:00,1465.4,5,15.8,10,15.78,20,15.8,30,15.77,40,15.77,60,15.79,80,15.68,100,15.16,120,14.93,140,13.96,160,7.56,180,7,200e,6.86,215e,6.68,230e,6.5
10/13/2021 12:00,1465.28,5,15.75,10,15.75,20,15.79,30,15.77,40,15.77,60,15.79,80,15.64,100,15.17,120,14.95,140,14.13,160,7.59,180,7.05,200e,6.92,215e,6.71,230e,6.5
10/13/2021 13:00,1465.18,5,15.78,10,15.76,20,15.79,30,15.77,40,15.76,60,15.75,80,15.67,100,15.13,120,14.95,140,14.25,160,7.62,180,7.05,200e,6.91,215e,6.7,230e,6.5
10/13/2021 14:00,1465.05,5,15.79,10,15.76,20,15.79,30,15.77,40,15.76,60,15.76,80,15.63,100,15.14,120,14.94,140,14,160,7.69,180,7.02,200e,6.85,215e,6.68,230e,6.5
10/13/2021 15:00,1464.93,5,15.78,10,15.75,20,15.78,30,15.76,40,15.76,60,15.77,80,15.65,100,15.14,120,14.96,140,13.89,160,7.69,180,7.01,200e,6.84,215e,6.67,230e,6.5
10/13/2021 16:00,1464.79,5,15.77,10,15.74,20,15.77,30,15.76,40,15.75,60,15.76,80,15.65,100,15.16,120,14.96,140,14.23,160,7.74,180,7.1,200e,6.94,215e,6.72,230e,6.5
10/13/2021 17:00,1464.68,5,15.73,10,15.72,20,15.76,30,15.75,40,15.75,60,15.75,80,15.65,100,15.14,120,14.94,140,14.19,160,7.95,180,7.07,200e,6.85,215e,6.68,230e,6.5
10/13/2021 18:00,1464.57,5,15.76,10,15.71,20,15.76,30,15.75,40,15.75,60,15.73,80,15.58,100,15.14,120,14.9,140,13.97,160,7.95,180,7.11,200e,6.9,215e,6.7,230e,6.5
10/13/2021 19:00,1464.46,5,15.74,10,15.71,20,15.75,30,15.74,40,15.74,60,15.76,80,15.52,100,15.11,120,14.87,140,13.06,160,7.65,180,7.06,200e,6.91,215e,6.71,230e,6.5
10/13/2021 20:00,1464.35,5,15.7,10,15.71,20,15.74,30,15.73,40,15.73,60,15.74,80,15.46,100,15.16,120,14.91,140,12.75,160,7.73,180,7.13,200e,6.98,215e,6.74,230e,6.5
10/13/2021 21:00,1464.24,5,15.74,10,15.7,20,15.74,30,15.73,40,15.73,60,15.71,80,15.48,100,15.15,120,14.91,140,13.19,160,8.11,180,7.15,200e,6.91,215e,6.71,230e,6.5
10/13/2021 22:00,1464.13,5,15.73,10,15.7,20,15.73,30,15.72,40,15.72,60,15.71,80,15.66,100,15.19,120,14.92,140,13.39,160,8.19,180,7.23,200e,6.99,215e,6.75,230e,6.5
10/13/2021 23:00,1464.02,5,15.71,10,15.67,20,15.72,30,15.71,40,15.7,60,15.7,80,15.66,100,15.2,120,14.94,140,13.52,160,8.11,180,7.16,200e,6.92,215e,6.71,230e,6.5
10/14/2021 0:00,1463.89,5,15.7,10,15.68,20,15.72,30,15.71,40,15.71,60,15.7,80,15.65,100,15.2,120,14.95,140,13.54,160,8.13,180,7.11,200e,6.86,215e,6.68,230e,6.5
10/14/2021 1:00,1463.78,5,15.69,10,15.67,20,15.71,30,15.7,40,15.69,60,15.7,80,15.68,100,15.21,120,14.97,140,13.58,160,7.99,180,7.05,200e,6.82,215e,6.66,230e,6.5
10/14/2021 2:00,1463.66,5,15.67,10,15.66,20,15.7,30,15.69,40,15.69,60,15.7,80,15.67,100,15.24,120,14.97,140,13.55,160,7.91,180,7.05,200e,6.84,215e,6.67,230e,6.5
10/14/2021 3:00,1463.55,5,15.69,10,15.65,20,15.7,30,15.68,40,15.68,60,15.7,80,15.68,100,15.25,120,14.96,140,13.68,160,7.98,180,7.09,200e,6.87,215e,6.68,230e,6.5
10/14/2021 4:00,1463.44,5,15.68,10,15.64,20,15.68,30,15.68,40,15.67,60,15.66,80,15.68,100,15.28,120,14.96,140,13.86,160,8.04,180,7.18,200e,6.97,215e,6.73,230e,6.5
10/14/2021 5:00,1463.32,5,15.66,10,15.64,20,15.68,30,15.67,40,15.66,60,15.66,80,15.68,100,15.28,120,15.01,140,13.99,160,8.02,180,7.09,200e,6.86,215e,6.68,230e,6.5
10/14/2021 6:00,1463.21,5,15.64,10,15.63,20,15.66,30,15.66,40,15.66,60,15.65,80,15.67,100,15.27,120,14.99,140,14.02,160,7.87,180,7.11,200e,6.92,215e,6.71,230e,6.5
10/14/2021 7:00,1463.08,5,15.64,10,15.61,20,15.66,30,15.65,40,15.65,60,15.64,80,15.66,100,15.26,120,15.02,140,14.13,160,7.94,180,7.18,200e,6.99,215e,6.75,230e,6.5
10/14/2021 8:00,1462.96,5,15.63,10,15.62,20,15.66,30,15.65,40,15.65,60,15.63,80,15.6,100,15.29,120,14.97,140,14.05,160,7.91,180,7.17,200e,6.99,215e,6.74,230e,6.5
10/14/2021 9:00,1462.84,5,15.63,10,15.61,20,15.66,30,15.64,40,15.64,60,15.64,80,15.62,100,15.28,120,15,140,14.04,160,8.02,180,7.17,200e,6.96,215e,6.73,230e,6.5
10/14/2021 10:00,1462.72,5,15.63,10,15.61,20,15.65,30,15.63,40,15.63,60,15.62,80,15.63,100,15.27,120,14.97,140,14.22,160,7.96,180,7.18,200e,6.99,215e,6.74,230e,6.5
10/14/2021 11:00,1462.62,5,15.66,10,15.64,20,15.66,30,15.65,40,15.64,60,15.65,80,15.58,100,15.3,120,14.96,140,14.19,160,7.92,180,7.15,200e,6.96,215e,6.73,230e,6.5
10/14/2021 12:00,1462.51,5,15.74,10,15.68,20,15.68,30,15.65,40,15.63,60,15.64,80,15.62,100,15.31,120,14.93,140,14.22,160,7.94,180,7.12,200e,6.92,215e,6.71,230e,6.5
10/14/2021 13:00,1462.39,5,15.73,10,15.71,20,15.66,30,15.64,40,15.64,60,15.64,80,15.61,100,15.32,120,14.95,140,14.16,160,7.97,180,7.09,200e,6.87,215e,6.69,230e,6.5
10/14/2021 14:00,1461.98,5,15.72,10,15.7,20,15.68,30,15.65,40,15.64,60,15.64,80,15.61,100,15.31,120,14.92,140,13.95,160,7.86,180,7.08,200e,6.89,215e,6.69,230e,6.5
10/14/2021 15:00,1461.86,5,15.7,10,15.69,20,15.68,30,15.65,40,15.64,60,15.65,80,15.62,100,15.3,120,14.89,140,13.95,160,7.78,180,7.02,200e,6.83,215e,6.67,230e,6.5
10/14/2021 16:00,1461.75,5,15.71,10,15.68,20,15.67,30,15.64,40,15.64,60,15.63,80,15.6,100,15.23,120,14.81,140,14.01,160,7.78,180,7.07,200e,6.89,215e,6.7,230e,6.5
10/14/2021 17:00,1461.64,5,15.69,10,15.67,20,15.66,30,15.64,40,15.64,60,15.62,80,15.6,100,15.2,120,14.82,140,13.99,160,7.78,180,7.07,200e,6.89,215e,6.7,230e,6.5
10/14/2021 18:00,1461.53,5,15.68,10,15.65,20,15.67,30,15.64,40,15.63,60,15.62,80,15.6,100,15.2,120,14.84,140,14.01,160,7.78,180,7.03,200e,6.84,215e,6.67,230e,6.5
10/14/2021 19:00,1461.42,5,15.66,10,15.63,20,15.66,30,15.64,40,15.63,60,15.63,80,15.61,100,15.21,120,14.78,140,14.14,160,7.73,180,7.09,200e,6.93,215e,6.72,230e,6.5
10/14/2021 20:00,1461.31,5,15.65,10,15.62,20,15.65,30,15.64,40,15.63,60,15.62,80,15.56,100,15.2,120,14.69,140,14.16,160,7.87,180,7.07,200e,6.87,215e,6.69,230e,6.5
10/14/2021 21:00,1461.19,5,15.65,10,15.61,20,15.64,30,15.63,40,15.63,60,15.62,80,15.55,100,15.18,120,14.69,140,14.19,160,8.04,180,7.04,200e,6.79,215e,6.65,230e,6.5
10/14/2021 22:00,1461.08,5,15.6,10,15.59,20,15.63,30,15.62,40,15.62,60,15.63,80,15.56,100,15.08,120,14.7,140,14.09,160,8.17,180,7.13,200e,6.87,215e,6.69,230e,6.5
10/14/2021 23:00,1460.96,5,15.62,10,15.59,20,15.63,30,15.62,40,15.62,60,15.61,80,15.54,100,15.02,120,14.73,140,14.12,160,8.1,180,7.14,200e,6.9,215e,6.7,230e,6.5
10/15/2021 0:00,1460.85,5,15.58,10,15.58,20,15.61,30,15.61,40,15.61,60,15.61,80,15.54,100,15.09,120,14.71,140,14.23,160,8.45,180,7.18,200e,6.86,215e,6.68,230e,6.5
10/15/2021 1:00,1460.73,5,15.6,10,15.57,20,15.61,30,15.59,40,15.6,60,15.61,80,15.55,100,15.1,120,14.7,140,14.26,160,8.75,180,7.23,200e,6.85,215e,6.68,230e,6.5
10/15/2021 2:00,1460.62,5,15.57,10,15.57,20,15.61,30,15.6,40,15.59,60,15.59,80,15.53,100,15.07,120,14.68,140,14.36,160,8.96,180,7.28,200e,6.86,215e,6.68,230e,6.5
10/15/2021 3:00,1460.51,5,15.59,10,15.56,20,15.6,30,15.59,40,15.59,60,15.57,80,15.51,100,15.03,120,14.67,140,14.33,160,9.28,180,7.43,200e,6.97,215e,6.73,230e,6.5
10/15/2021 4:00,1460.41,5,15.56,10,15.53,20,15.57,30,15.56,40,15.58,60,15.58,80,15.57,100,15.03,120,14.64,140,14.29,160,9.23,180,7.26,200e,6.77,215e,6.63,230e,6.5
10/15/2021 5:00,1460.3,5,15.54,10,15.52,20,15.56,30,15.58,40,15.57,60,15.56,80,15.57,100,15.04,120,14.66,140,14.39,160,9.44,180,7.34,200e,6.82,215e,6.66,230e,6.5
10/15/2021 6:00,1460.18,5,15.55,10,15.53,20,15.57,30,15.56,40,15.56,60,15.55,80,15.54,100,15.08,120,14.61,140,14.4,160,9.04,180,7.3,200e,6.87,215e,6.68,230e,6.5
10/15/2021 7:00,1460.07,5,15.53,10,15.51,20,15.54,30,15.55,40,15.55,60,15.54,80,15.56,100,15.13,120,14.65,140,14.46,160,9.23,180,7.24,200e,6.74,215e,6.62,230e,6.5
10/15/2021 8:00,1459.96,5,15.52,10,15.49,20,15.55,30,15.54,40,15.53,60,15.52,80,15.54,100,15.18,120,14.65,140,14.45,160,9.1,180,7.28,200e,6.83,215e,6.66,230e,6.5
10/15/2021 9:00,1459.87,5,15.51,10,15.51,20,15.55,30,15.54,40,15.54,60,15.53,80,15.54,100,15.19,120,14.68,140,14.44,160,9.11,180,7.28,200e,6.82,215e,6.66,230e,6.5
10/15/2021 10:00,1459.78,5,15.51,10,15.51,20,15.55,30,15.53,40,15.53,60,15.53,80,15.53,100,15.25,120,14.68,140,14.44,160,8.96,180,7.2,200e,6.76,215e,6.63,230e,6.5
10/15/2021 11:00,1459.68,5,15.61,10,15.61,20,15.59,30,15.55,40,15.54,60,15.55,80,15.54,100,15.2,120,14.67,140,14.43,160,8.55,180,7.17,200e,6.83,215e,6.66,230e,6.5
10/15/2021 12:00,1459.59,5,15.68,10,15.76,20,15.63,30,15.57,40,15.53,60,15.54,80,15.54,100,15.2,120,14.7,140,14.43,160,8.59,180,7.14,200e,6.78,215e,6.64,230e,6.5
10/15/2021 13:00,1459.51,5,15.74,10,15.76,20,15.64,30,15.56,40,15.54,60,15.54,80,15.54,100,15.27,120,14.71,140,14.39,160,8.61,180,7.25,200e,6.91,215e,6.71,230e,6.5
10/15/2021 14:00,1459.41,5,15.92,10,15.77,20,15.68,30,15.56,40,15.54,60,15.53,80,15.53,100,15.29,120,14.66,140,14.35,160,8.28,180,7.15,200e,6.87,215e,6.68,230e,6.5
10/15/2021 15:00,1459.32,5,15.95,10,15.71,20,15.58,30,15.54,40,15.54,60,15.53,80,15.53,100,15.41,120,14.66,140,14.33,160,8.61,180,7.27,200e,6.94,215e,6.72,230e,6.5
10/15/2021 16:00,1459.23,5,15.89,10,15.68,20,15.57,30,15.54,40,15.53,60,15.52,80,15.53,100,15.36,120,14.67,140,14.32,160,8.46,180,7.15,200e,6.82,215e,6.66,230e,6.5
10/15/2021 17:00,1459.15,5,15.78,10,15.73,20,15.56,30,15.54,40,15.53,60,15.52,80,15.53,100,15.03,120,14.6,140,14.28,160,8.45,180,7.13,200e,6.8,215e,6.65,230e,6.5
10/15/2021 18:00,1459.06,5,15.67,10,15.68,20,15.6,30,15.54,40,15.53,60,15.54,80,15.52,100,15,120,14.58,140,14.32,160,8.51,180,7.08,200e,6.72,215e,6.61,230e,6.5
10/15/2021 19:00,1458.98,5,15.68,10,15.64,20,15.64,30,15.55,40,15.54,60,15.53,80,15.52,100,14.94,120,14.55,140,14.35,160,8.61,180,7.12,200e,6.75,215e,6.62,230e,6.5
10/15/2021 20:00,1458.89,5,15.64,10,15.61,20,15.63,30,15.55,40,15.53,60,15.51,80,15.51,100,15,120,14.56,140,14.4,160,9.19,180,7.27,200e,6.79,215e,6.65,230e,6.5
10/15/2021 21:00,1458.8,5,15.58,10,15.58,20,15.58,30,15.54,40,15.53,60,15.53,80,15.49,100,14.83,120,14.59,140,14.35,160,8.95,180,7.12,200e,6.66,215e,6.58,230e,6.5
10/15/2021 22:00,1458.71,5,15.59,10,15.55,20,15.56,30,15.53,40,15.52,60,15.52,80,15.47,100,14.86,120,14.6,140,14.38,160,9.17,180,7.2,200e,6.71,215e,6.6,230e,6.5
10/15/2021 23:00,1458.62,5,15.56,10,15.52,20,15.55,30,15.53,40,15.52,60,15.52,80,15.47,100,14.82,120,14.6,140,14.38,160,9.53,180,7.23,200e,6.66,215e,6.58,230e,6.5
10/16/2021 0:00,1458.54,5,15.54,10,15.5,20,15.54,30,15.52,40,15.52,60,15.53,80,15.42,100,14.82,120,14.56,140,14.36,160,10.14,180,7.15,200e,6.4,215e,6.4,230e,6.4
10/16/2021 1:00,1458.45,5,15.53,10,15.48,20,15.53,30,15.52,40,15.52,60,15.51,80,15.47,100,14.81,120,14.57,140,14.36,160,10.54,180,7.45,200e,6.68,215e,6.59,230e,6.5
10/16/2021 2:00,1458.37,5,15.48,10,15.47,20,15.51,30,15.5,40,15.51,60,15.51,80,15.42,100,14.8,120,14.59,140,14.35,160,10.58,180,7.36,200e,6.56,215e,6.53,230e,6.5
10/16/2021 3:00,1458.28,5,15.51,10,15.46,20,15.51,30,15.5,40,15.5,60,15.49,80,15.43,100,14.77,120,14.58,140,14.35,160,10.72,180,7.59,200e,6.81,215e,6.65,230e,6.5
10/16/2021 4:00,1458.19,5,15.47,10,15.45,20,15.49,30,15.49,40,15.49,60,15.47,80,15.46,100,14.78,120,14.58,140,14.37,160,10.84,180,7.46,200e,6.62,215e,6.56,230e,6.5
10/16/2021 5:00,1458.1,5,15.44,10,15.45,20,15.49,30,15.48,40,15.48,60,15.47,80,15.44,100,14.8,120,14.55,140,14.36,160,11.05,180,7.5,200e,6.61,215e,6.56,230e,6.5
10/16/2021 6:00,1458.01,5,15.44,10,15.44,20,15.48,30,15.47,40,15.47,60,15.46,80,15.45,100,14.81,120,14.55,140,14.36,160,10.94,180,7.55,200e,6.7,215e,6.6,230e,6.5
10/16/2021 7:00,1457.94,5,15.43,10,15.43,20,15.47,30,15.46,40,15.47,60,15.45,80,15.47,100,14.89,120,14.52,140,14.35,160,10.63,180,7.51,200e,6.73,215e,6.62,230e,6.5
10/16/2021 8:00,1457.87,5,15.42,10,15.43,20,15.47,30,15.46,40,15.46,60,15.44,80,15.46,100,14.91,120,14.59,140,14.36,160,10.72,180,7.59,200e,6.81,215e,6.65,230e,6.5
10/16/2021 9:00,1457.8,5,15.44,10,15.42,20,15.46,30,15.45,40,15.45,60,15.44,80,15.46,100,14.93,120,14.6,140,14.35,160,10.32,180,7.55,200e,6.86,215e,6.68,230e,6.5
10/16/2021 10:00,1457.73,5,15.49,10,15.48,20,15.49,30,15.46,40,15.45,60,15.45,80,15.44,100,14.94,120,14.57,140,14.36,160,9.59,180,7.53,200e,7.02,215e,6.76,230e,6.5
10/16/2021 11:00,1457.66,5,15.55,10,15.56,20,15.51,30,15.47,40,15.45,60,15.46,80,15.44,100,15.02,120,14.63,140,14.34,160,9.74,180,7.51,200e,6.95,215e,6.73,230e,6.5
10/16/2021 12:00,1457.59,5,15.72,10,15.67,20,15.54,30,15.47,40,15.45,60,15.46,80,15.44,100,15.08,120,14.62,140,14.32,160,9.71,180,7.6,200e,7.07,215e,6.79,230e,6.5
10/16/2021 13:00,1457.53,5,15.83,10,15.57,20,15.51,30,15.46,40,15.45,60,15.43,80,15.44,100,14.97,120,14.61,140,14.34,160,9.62,180,7.38,200e,6.82,215e,6.66,230e,6.5
10/16/2021 14:00,1457.46,5,15.78,10,15.62,20,15.51,30,15.46,40,15.45,60,15.43,80,15.43,100,14.93,120,14.57,140,14.33,160,9.37,180,7.44,200e,6.96,215e,6.73,230e,6.5
10/16/2021 15:00,1457.39,5,15.73,10,15.7,20,15.48,30,15.46,40,15.45,60,15.44,80,15.42,100,14.85,120,14.51,140,14.23,160,9.07,180,7.31,200e,6.87,215e,6.69,230e,6.5
10/16/2021 16:00,1457.32,5,15.64,10,15.61,20,15.48,30,15.46,40,15.45,60,15.44,80,15.35,100,14.73,120,14.49,140,14.23,160,9.14,180,7.37,200e,6.93,215e,6.71,230e,6.5
10/16/2021 17:00,1457.25,5,15.58,10,15.56,20,15.55,30,15.46,40,15.46,60,15.44,80,15.31,100,14.72,120,14.47,140,14.29,160,9.22,180,7.34,200e,6.87,215e,6.69,230e,6.5
10/16/2021 18:00,1457.18,5,15.57,10,15.52,20,15.48,30,15.45,40,15.44,60,15.43,80,15.09,100,14.78,120,14.45,140,14.35,160,10.51,180,7.62,200e,6.9,215e,6.7,230e,6.5
10/16/2021 19:00,1457.1,5,15.57,10,15.52,20,15.48,30,15.45,40,15.44,60,15.44,80,15.15,100,14.85,120,14.53,140,14.39,160,10.56,180,7.61,200e,6.87,215e,6.69,230e,6.5
10/16/2021 20:00,1457.04,5,15.52,10,15.49,20,15.47,30,15.45,40,15.44,60,15.43,80,15.22,100,14.82,120,14.53,140,14.38,160,10.94,180,7.7,200e,6.89,215e,6.7,230e,6.5
10/16/2021 21:00,1456.97,5,15.48,10,15.47,20,15.47,30,15.45,40,15.44,60,15.43,80,15.3,100,14.83,120,14.55,140,14.38,160,10.73,180,7.88,200e,7.17,215e,6.83,230e,6.5
10/16/2021 22:00,1456.91,5,15.46,10,15.43,20,15.46,30,15.44,40,15.43,60,15.43,80,15.23,100,14.87,120,14.56,140,14.36,160,10.64,180,7.78,200e,7.07,215e,6.78,230e,6.5
10/16/2021 23:00,1456.84,5,15.45,10,15.4,20,15.45,30,15.44,40,15.43,60,15.43,80,15.26,100,14.9,120,14.53,140,14.36,160,10.12,180,7.51,200e,6.86,215e,6.68,230e,6.5
10/17/2021 0:00,1456.76,5,15.43,10,15.39,20,15.44,30,15.43,40,15.43,60,15.43,80,15.26,100,14.93,120,14.53,140,14.37,160,10.75,180,7.63,200e,6.85,215e,6.68,230e,6.5
10/17/2021 1:00,1456.7,5,15.4,10,15.38,20,15.43,30,15.42,40,15.42,60,15.41,80,15.29,100,14.95,120,14.6,140,14.4,160,10.54,180,7.62,200e,6.89,215e,6.7,230e,6.5
10/17/2021 2:00,1456.64,5,15.39,10,15.37,20,15.42,30,15.41,40,15.4,60,15.39,80,15.35,100,14.92,120,14.61,140,14.37,160,10.76,180,7.78,200e,7.04,215e,6.77,230e,6.5
10/17/2021 3:00,1456.57,5,15.36,10,15.36,20,15.4,30,15.4,40,15.4,60,15.38,80,15.35,100,14.9,120,14.57,140,14.39,160,10.3,180,7.76,200e,7.13,215e,6.81,230e,6.5
10/17/2021 4:00,1456.5,5,15.38,10,15.35,20,15.39,30,15.39,40,15.39,60,15.39,80,15.37,100,14.91,120,14.52,140,14.42,160,10.7,180,7.73,200e,6.99,215e,6.74,230e,6.5
10/17/2021 5:00,1456.44,5,15.36,10,15.33,20,15.38,30,15.37,40,15.37,60,15.36,80,15.36,100,14.89,120,14.54,140,14.41,160,10.77,180,7.84,200e,7.11,215e,6.8,230e,6.5
10/17/2021 6:00,1456.37,5,15.37,10,15.33,20,15.38,30,15.37,40,15.37,60,15.37,80,15.33,100,14.9,120,14.53,140,14.31,160,10.87,180,7.99,200e,7.27,215e,6.89,230e,6.5
10/17/2021 7:00,1456.32,5,15.34,10,15.31,20,15.35,30,15.34,40,15.35,60,15.35,80,15.35,100,14.89,120,14.52,140,14.25,160,10.98,180,7.82,200e,7.03,215e,6.77,230e,6.5
10/17/2021 8:00,1456.27,5,15.36,10,15.33,20,15.36,30,15.35,40,15.35,60,15.35,80,15.32,100,14.86,120,14.52,140,14.25,160,11.14,180,7.98,200e,7.19,215e,6.85,230e,6.5
10/17/2021 9:00,1456.24,5,15.34,10,15.31,20,15.35,30,15.34,40,15.34,60,15.33,80,15.31,100,14.83,120,14.52,140,14.28,160,11.46,180,7.92,200e,7.04,215e,6.77,230e,6.5
10/17/2021 10:00,1456.19,5,15.35,10,15.33,20,15.36,30,15.34,40,15.34,60,15.33,80,15.33,100,14.85,120,14.5,140,14.28,160,11.22,180,7.99,200e,7.18,215e,6.84,230e,6.5
10/17/2021 11:00,1456.15,5,15.33,10,15.32,20,15.36,30,15.34,40,15.33,60,15.33,80,15.34,100,14.8,120,14.5,140,14.27,160,11.74,180,8.1,200e,7.19,215e,6.85,230e,6.5
10/17/2021 12:00,1456.1,5,15.34,10,15.33,20,15.36,30,15.34,40,15.34,60,15.35,80,15.33,100,14.81,120,14.5,140,14.25,160,11.29,180,8.15,200e,7.37,215e,6.93,230e,6.5
10/17/2021 13:00,1456.06,5,15.34,10,15.32,20,15.36,30,15.35,40,15.34,60,15.33,80,15.32,100,14.78,120,14.49,140,14.28,160,11.58,180,8.06,200e,7.18,215e,6.84,230e,6.5
10/17/2021 14:00,1456.01,5,15.36,10,15.34,20,15.36,30,15.35,40,15.34,60,15.32,80,15.31,100,14.75,120,14.48,140,14.28,160,11.48,180,7.88,200e,6.98,215e,6.74,230e,6.5
10/17/2021 15:00,1455.98,5,15.35,10,15.33,20,15.36,30,15.35,40,15.34,60,15.33,80,15.33,100,14.74,120,14.48,140,14.31,160,10.79,180,7.68,200e,6.9,215e,6.7,230e,6.5
10/17/2021 16:00,1455.93,5,15.34,10,15.32,20,15.36,30,15.35,40,15.34,60,15.34,80,15.33,100,14.76,120,14.48,140,14.32,160,10.6,180,7.67,200e,6.94,215e,6.72,230e,6.5
10/17/2021 17:00,1455.88,5,15.34,10,15.31,20,15.35,30,15.34,40,15.34,60,15.36,80,15.33,100,14.83,120,14.48,140,14.33,160,10.33,180,7.71,200e,7.06,215e,6.78,230e,6.5
10/17/2021 18:00,1455.83,5,15.33,10,15.3,20,15.35,30,15.34,40,15.33,60,15.35,80,15.34,100,14.86,120,14.47,140,14.33,160,10.3,180,7.74,200e,7.1,215e,6.8,230e,6.5
10/17/2021 19:00,1455.81,5,15.32,10,15.3,20,15.34,30,15.33,40,15.33,60,15.33,80,15.34,100,14.81,120,14.46,140,14.34,160,10.45,180,7.6,200e,6.89,215e,6.69,230e,6.5
10/17/2021 20:00,1455.77,5,15.32,10,15.3,20,15.34,30,15.33,40,15.33,60,15.34,80,15.31,100,14.8,120,14.44,140,14.34,160,10.58,180,7.56,200e,6.81,215e,6.65,230e,6.5
10/17/2021 21:00,1455.73,5,15.32,10,15.3,20,15.34,30,15.33,40,15.33,60,15.32,80,15.31,100,14.79,120,14.45,140,14.33,160,10.63,180,7.64,200e,6.89,215e,6.7,230e,6.5
10/17/2021 22:00,1455.69,5,15.32,10,15.29,20,15.33,30,15.32,40,15.32,60,15.31,80,15.31,100,14.77,120,14.46,140,14.34,160,10.84,180,7.63,200e,6.83,215e,6.66,230e,6.5
10/17/2021 23:00,1455.65,5,15.31,10,15.28,20,15.32,30,15.31,40,15.31,60,15.3,80,15.27,100,14.76,120,14.46,140,14.35,160,11.58,180,7.91,200e,6.99,215e,6.75,230e,6.5
10/18/2021 0:00,1455.6,5,15.3,10,15.28,20,15.32,30,15.31,40,15.31,60,15.29,80,15.28,100,14.71,120,14.47,140,14.34,160,11.1,180,7.74,200e,6.9,215e,6.7,230e,6.5
10/18/2021 1:00,1455.57,5,15.31,10,15.27,20,15.31,30,15.3,40,15.3,60,15.29,80,15.25,100,14.66,120,14.47,140,14.34,160,11.66,180,7.75,200e,6.77,215e,6.64,230e,6.5
10/18/2021 2:00,1455.53,5,15.28,10,15.27,20,15.31,30,15.29,40,15.29,60,15.28,80,15.22,100,14.61,120,14.46,140,14.31,160,11.65,180,7.68,200e,6.69,215e,6.59,230e,6.5
10/18/2021 3:00,1455.49,5,15.28,10,15.26,20,15.3,30,15.29,40,15.28,60,15.27,80,15.12,100,14.59,120,14.45,140,14.32,160,11.34,180,7.9,200e,7.04,215e,6.77,230e,6.5
10/18/2021 4:00,1455.45,5,15.29,10,15.25,20,15.29,30,15.28,40,15.28,60,15.29,80,14.95,100,14.6,120,14.45,140,14.24,160,11.42,180,7.97,200e,7.11,215e,6.8,230e,6.5
10/18/2021 5:00,1455.41,5,15.25,10,15.25,20,15.29,30,15.28,40,15.27,60,15.27,80,14.99,100,14.59,120,14.43,140,14.23,160,11.62,180,8.21,200e,7.36,215e,6.93,230e,6.5
10/18/2021 6:00,1455.35,5,15.26,10,15.24,20,15.28,30,15.27,40,15.27,60,15.26,80,14.88,100,14.56,120,14.42,140,14.21,160,11.49,180,8.15,200e,7.32,215e,6.91,230e,6.5
10/18/2021 7:00,1455.32,5,15.25,10,15.23,20,15.27,30,15.26,40,15.26,60,15.27,80,14.9,100,14.56,120,14.42,140,14.23,160,11.49,180,8.24,200e,7.43,215e,6.96,230e,6.5
10/18/2021 8:00,1455.28,5,15.27,10,15.24,20,15.28,30,15.26,40,15.26,60,15.26,80,14.85,100,14.56,120,14.42,140,14.24,160,11.67,180,8.21,200e,7.35,215e,6.92,230e,6.5
10/18/2021 9:00,1455.25,5,15.28,10,15.28,20,15.29,30,15.26,40,15.26,60,15.24,80,14.85,100,14.57,120,14.39,140,14.24,160,11.96,180,8.37,200e,7.47,215e,6.99,230e,6.5
10/18/2021 10:00,1455.22,5,15.29,10,15.26,20,15.27,30,15.26,40,15.25,60,15.24,80,14.84,100,14.56,120,14.4,140,14.25,160,12.37,180,8.44,200e,7.46,215e,6.98,230e,6.5
10/18/2021 11:00,1455.19,5,15.26,10,15.25,20,15.29,30,15.26,40,15.25,60,15.23,80,14.84,100,14.52,120,14.4,140,14.24,160,12.45,180,8.33,200e,7.3,215e,6.9,230e,6.5
10/18/2021 12:00,1455.16,5,15.34,10,15.31,20,15.31,30,15.28,40,15.26,60,15.2,80,14.85,100,14.49,120,14.36,140,14.25,160,12.55,180,8.13,200e,7.03,215e,6.76,230e,6.5
10/18/2021 13:00,1455.14,5,15.33,10,15.3,20,15.29,30,15.26,40,15.25,60,15.15,80,14.81,100,14.5,120,14.35,140,14.26,160,12.64,180,8.15,200e,7.03,215e,6.76,230e,6.5
10/18/2021 14:00,1455.1,5,15.28,10,15.28,20,15.3,30,15.26,40,15.25,60,15.11,80,14.7,100,14.5,120,14.36,140,14.26,160,12.82,180,8.01,200e,6.81,215e,6.65,230e,6.5
10/18/2021 15:00,1455.07,5,15.27,10,15.24,20,15.28,30,15.26,40,15.25,60,14.97,80,14.71,100,14.5,120,14.34,140,14.24,160,12.43,180,8.1,200e,7.02,215e,6.76,230e,6.5
10/18/2021 16:00,1455.04,5,15.24,10,15.22,20,15.27,30,15.26,40,15.25,60,14.93,80,14.72,100,14.47,120,14.33,140,14.22,160,13.02,180,8.12,200e,6.9,215e,6.7,230e,6.5
10/18/2021 17:00,1455.01,5,15.23,10,15.22,20,15.26,30,15.24,40,15.19,60,14.92,80,14.72,100,14.47,120,14.33,140,14.22,160,13.18,180,8.1,200e,6.83,215e,6.67,230e,6.5
10/18/2021 18:00,1454.99,5,15.22,10,15.21,20,15.24,30,15.22,40,15.19,60,14.89,80,14.77,100,14.48,120,14.34,140,14.23,160,13.27,180,8.02,200e,6.71,215e,6.6,230e,6.5
10/18/2021 19:00,1454.96,5,15.2,10,15.19,20,15.22,30,15.21,40,15.17,60,14.87,80,14.74,100,14.49,120,14.33,140,14.24,160,13.35,180,8.07,200e,6.75,215e,6.63,230e,6.5
10/18/2021 20:00,1454.94,5,15.21,10,15.18,20,15.21,30,15.2,40,15.16,60,14.84,80,14.73,100,14.51,120,14.34,140,14.25,160,13.54,180,8.19,200e,6.85,215e,6.68,230e,6.5
10/18/2021 21:00,1454.9,5,15.19,10,15.16,20,15.2,30,15.19,40,15.16,60,14.87,80,14.74,100,14.54,120,14.35,140,14.26,160,13.58,180,8.07,200e,6.69,215e,6.6,230e,6.5
10/18/2021 22:00,1454.87,5,15.19,10,15.15,20,15.19,30,15.18,40,15.15,60,14.87,80,14.76,100,14.6,120,14.37,140,14.27,160,13.73,180,8.24,200e,6.87,215e,6.68,230e,6.5
10/18/2021 23:00,1454.85,5,15.18,10,15.13,20,15.18,30,15.17,40,15.09,60,14.85,80,14.82,100,14.62,120,14.38,140,14.25,160,13.96,180,8.68,200e,7.36,215e,6.93,230e,6.5
10/19/2021 0:00,1454.82,5,15.12,10,15.12,20,15.16,30,15.15,40,15.14,60,14.91,80,14.83,100,14.68,120,14.39,140,14.26,160,14.07,180,9.29,200e,8.1,215e,7.3,230e,6.5
10/19/2021 1:00,1454.8,5,15.1,10,15.09,20,15.14,30,15.12,40,15.11,60,14.93,80,14.85,100,14.64,120,14.4,140,14.27,160,14.07,180,8.68,200e,7.33,215e,6.92,230e,6.5
10/19/2021 2:00,1454.76,5,15.12,10,15.09,20,15.12,30,15.12,40,15.1,60,14.95,80,14.85,100,14.69,120,14.47,140,14.27,160,14.07,180,9.08,200e,7.83,215e,7.17,230e,6.5
10/19/2021 3:00,1454.72,5,15.06,10,15.07,20,15.11,30,15.1,40,15.1,60,15,80,14.89,100,14.67,120,14.45,140,14.28,160,14.08,180,9.02,200e,7.76,215e,7.13,230e,6.5
10/19/2021 4:00,1454.69,5,15.05,10,15.05,20,15.1,30,15.09,40,15.09,60,15.06,80,14.93,100,14.74,120,14.51,140,14.3,160,14,180,9.05,200e,7.81,215e,7.16,230e,6.5
10/19/2021 5:00,1454.67,5,15.03,10,15.06,20,15.1,30,15.09,40,15.09,60,15.03,80,14.95,100,14.75,120,14.49,140,14.29,160,14.05,180,9.24,200e,8.04,215e,7.27,230e,6.5
10/19/2021 6:00,1454.64,5,15.04,10,15.04,20,15.09,30,15.08,40,15.08,60,15.05,80,15.03,100,14.78,120,14.54,140,14.3,160,13.91,180,8.94,200e,7.7,215e,7.1,230e,6.5
10/19/2021 7:00,1454.62,5,15.06,10,15.03,20,15.08,30,15.06,40,15.06,60,15.04,80,15.03,100,14.81,120,14.61,140,14.31,160,14.01,180,8.8,200e,7.5,215e,7,230e,6.5
10/19/2021 8:00,1454.58,5,15.03,10,15.02,20,15.06,30,15.05,40,15.05,60,15.04,80,15.01,100,14.88,120,14.7,140,14.31,160,14.11,180,8.88,200e,7.57,215e,7.04,230e,6.5
10/19/2021 9:00,1454.55,5,15.01,10,15.02,20,15.06,30,15.05,40,15.05,60,15.02,80,15.01,100,14.98,120,14.72,140,14.34,160,14.13,180,8.95,200e,7.66,215e,7.08,230e,6.5
10/19/2021 10:00,1454.51,5,15.05,10,15.02,20,15.05,30,15.04,40,15.04,60,15.02,80,15.04,100,14.97,120,14.76,140,14.36,160,14.17,180,9.27,200e,8.05,215e,7.27,230e,6.5
10/19/2021 11:00,1454.5,5,15.04,10,15.03,20,15.06,30,15.04,40,15.04,60,15.03,80,15.04,100,14.99,120,14.79,140,14.39,160,14.2,180,9.39,200e,8.19,215e,7.34,230e,6.5
10/19/2021 12:00,1454.46,5,15.07,10,15.05,20,15.06,30,15.04,40,15.04,60,15.04,80,15.04,100,14.99,120,14.75,140,14.4,160,13.99,180,9.27,200e,8.09,215e,7.3,230e,6.5
10/19/2021 13:00,1454.43,5,15.06,10,15.04,20,15.07,30,15.04,40,15.04,60,15.04,80,15.03,100,15,120,14.77,140,14.39,160,13.99,180,9.09,200e,7.87,215e,7.18,230e,6.5
10/19/2021 14:00,1454.41,5,15.11,10,15.08,20,15.08,30,15.04,40,15.04,60,15.02,80,15.02,100,14.99,120,14.81,140,14.41,160,13.92,180,9.15,200e,7.96,215e,7.23,230e,6.5
10/19/2021 15:00,1454.38,5,15.15,10,15.15,20,15.09,30,15.04,40,15.03,60,15.04,80,15.02,100,15,120,14.78,140,14.35,160,13.46,180,9.23,200e,8.17,215e,7.34,230e,6.5
10/19/2021 16:00,1454.35,5,15.1,10,15.08,20,15.08,30,15.05,40,15.04,60,15.02,80,15.03,100,15,120,14.78,140,14.35,160,13.61,180,9.51,200e,8.49,215e,7.49,230e,6.5
10/19/2021 17:00,1454.32,5,15.05,10,15.03,20,15.07,30,15.06,40,15.05,60,15.04,80,15.03,100,15,120,14.77,140,14.35,160,13.44,180,9.87,200e,8.98,215e,7.74,230e,6.5
10/19/2021 18:00,1454.28,5,15.05,10,15.03,20,15.06,30,15.05,40,15.04,60,15.02,80,15.03,100,15,120,14.76,140,14.33,160,13.6,180,9.9,200e,8.98,215e,7.74,230e,6.5
10/19/2021 19:00,1454.25,5,15.03,10,15.01,20,15.05,30,15.04,40,15.04,60,15.03,80,15.03,100,15,120,14.69,140,14.28,160,13.61,180,10.01,200e,9.11,215e,7.81,230e,6.5
10/19/2021 20:00,1454.24,5,15.03,10,15.01,20,15.05,30,15.04,40,15.04,60,15.05,80,15.03,100,15,120,14.65,140,14.26,160,13.52,180,10.5,200e,9.75,215e,8.12,230e,6.5
10/19/2021 21:00,1454.23,5,15.02,10,15,20,15.04,30,15.03,40,15.03,60,15.02,80,15.03,100,14.98,120,14.62,140,14.25,160,13.85,180,10.52,200e,9.69,215e,8.09,230e,6.5
10/19/2021 22:00,1454.19,5,15.03,10,14.99,20,15.04,30,15.03,40,15.02,60,15.02,80,15.02,100,14.96,120,14.51,140,14.22,160,13.43,180,10.95,200e,10.33,215e,8.42,230e,6.5
10/19/2021 23:00,1454.16,5,15.02,10,14.99,20,15.03,30,15.02,40,15.01,60,15,80,15.02,100,14.86,120,14.43,140,14.23,160,13.75,180,10.87,200e,10.15,215e,8.33,230e,6.5
10/20/2021 0:00,1454.14,5,14.99,10,14.98,20,15.02,30,15.01,40,15.01,60,15,80,15.01,100,14.79,120,14.38,140,14.23,160,13.47,180,11.28,200e,10.73,215e,8.62,230e,6.5
10/20/2021 1:00,1454.11,5,15,10,14.97,20,15,30,15,40,15,60,15,80,15,100,14.73,120,14.3,140,14.2,160,13.62,180,11.32,200e,10.75,215e,8.62,230e,6.5
10/20/2021 2:00,1454.07,5,15.01,10,14.97,20,15.01,30,15,40,15,60,15,80,14.98,100,14.54,120,14.29,140,14.13,160,13.73,180,11.55,200e,11.01,215e,8.75,230e,6.5
10/20/2021 3:00,1454.05,5,15.01,10,14.97,20,15.01,30,15,40,15,60,15.01,80,14.98,100,14.42,120,14.28,140,14.14,160,13.71,180,11.11,200e,10.46,215e,8.48,230e,6.5
10/20/2021 4:00,1454.02,5,14.98,10,14.95,20,15,30,14.99,40,14.99,60,14.98,80,14.98,100,14.36,120,14.28,140,14.14,160,13.75,180,11.83,200e,11.35,215e,8.93,230e,6.5
10/20/2021 5:00,1453.99,5,14.97,10,14.95,20,15,30,14.98,40,14.98,60,14.99,80,14.97,100,14.34,120,14.26,140,14.12,160,13.83,180,11.36,200e,10.74,215e,8.62,230e,6.5
10/20/2021 6:00,1453.95,5,15,10,14.96,20,15,30,14.98,40,14.98,60,14.99,80,14.96,100,14.35,120,14.23,140,14.12,160,13.88,180,11.99,200e,11.52,215e,9.01,230e,6.5
10/20/2021 7:00,1453.91,5,14.94,10,14.92,20,14.97,30,14.98,40,14.98,60,14.96,80,14.94,100,14.32,120,14.24,140,14.13,160,13.93,180,11.43,200e,10.81,215e,8.65,230e,6.5
10/20/2021 8:00,1453.89,5,14.95,10,14.94,20,14.98,30,14.97,40,14.97,60,14.99,80,14.91,100,14.31,120,14.22,140,14.13,160,13.92,180,11.76,200e,11.22,215e,8.86,230e,6.5
10/20/2021 9:00,1453.87,5,15,10,14.98,20,15,30,14.97,40,14.96,60,14.98,80,14.88,100,14.31,120,14.22,140,14.13,160,13.96,180,10.61,200e,9.77,215e,8.14,230e,6.5
10/20/2021 10:00,1453.84,5,14.98,10,14.96,20,14.99,30,14.97,40,14.97,60,14.98,80,14.88,100,14.3,120,14.22,140,14.14,160,13.98,180,10.61,200e,9.77,215e,8.13,230e,6.5
10/20/2021 11:00,1453.82,5,14.98,10,14.96,20,14.99,30,14.97,40,14.96,60,14.97,80,14.88,100,14.34,120,14.22,140,14.12,160,14,180,10.18,200e,9.23,215e,7.86,230e,6.5
10/20/2021 12:00,1453.79,5,14.99,10,14.97,20,14.99,30,14.97,40,14.97,60,14.96,80,14.86,100,14.34,120,14.22,140,14.15,160,14.05,180,12.7,200e,12.36,215e,9.43,230e,6.5
10/20/2021 13:00,1453.77,5,14.98,10,14.96,20,14.98,30,14.97,40,14.96,60,14.97,80,14.91,100,14.35,120,14.21,140,14.15,160,14.02,180,11.27,200e,10.58,215e,8.54,230e,6.5
10/20/2021 14:00,1453.73,5,15,10,14.98,20,14.99,30,14.97,40,14.96,60,14.96,80,14.9,100,14.32,120,14.2,140,14.16,160,14.04,180,13.34,200e,13.17,215e,9.83,230e,6.5
10/20/2021 15:00,1453.71,5,15,10,14.99,20,14.99,30,14.97,40,14.96,60,14.98,80,14.94,100,14.35,120,14.21,140,14.18,160,14.12,180,13.85,200e,13.78,215e,10.14,230e,6.5
10/20/2021 16:00,1453.69,5,14.98,10,14.95,20,14.99,30,14.97,40,14.96,60,14.95,80,14.72,100,14.33,120,14.22,140,14.18,160,14.05,180,12.33,200e,11.9,215e,9.2,230e,6.5
10/20/2021 17:00,1453.66,5,14.97,10,14.94,20,14.98,30,14.97,40,14.97,60,14.98,80,14.71,100,14.32,120,14.22,140,14.18,160,14.07,180,11.97,200e,11.45,215e,8.97,230e,6.5
10/20/2021 18:00,1453.63,5,14.97,10,14.93,20,14.97,30,14.96,40,14.96,60,14.96,80,14.72,100,14.32,120,14.23,140,14.2,160,14.11,180,12.99,200e,12.71,215e,9.61,230e,6.5
10/20/2021 19:00,1453.59,5,14.95,10,14.91,20,14.96,30,14.95,40,14.95,60,14.96,80,14.7,100,14.33,120,14.24,140,14.21,160,14.12,180,13.12,200e,12.87,215e,9.69,230e,6.5
10/20/2021 20:00,1453.57,5,14.96,10,14.92,20,14.96,30,14.95,40,14.94,60,14.96,80,14.77,100,14.33,120,14.25,140,14.22,160,14.12,180,12.79,200e,12.46,215e,9.48,230e,6.5
10/20/2021 21:00,1453.54,5,14.92,10,14.92,20,14.96,30,14.95,40,14.94,60,14.95,80,14.91,100,14.3,120,14.27,140,14.22,160,14.12,180,12.63,200e,12.26,215e,9.38,230e,6.5
10/20/2021 22:00,1453.54,5,14.93,10,14.91,20,14.95,30,14.95,40,14.95,60,14.94,80,14.84,100,14.31,120,14.27,140,14.23,160,14.12,180,13.07,200e,12.81,215e,9.65,230e,6.5
10/20/2021 23:00,1453.51,5,14.94,10,14.9,20,14.94,30,14.93,40,14.93,60,14.93,80,14.9,100,14.34,120,14.29,140,14.23,160,14.13,180,13.43,200e,13.26,215e,9.88,230e,6.5
10/21/2021 0:00,1453.49,5,14.93,10,14.9,20,14.94,30,14.93,40,14.92,60,14.92,80,14.87,100,14.34,120,14.28,140,14.24,160,14.14,180,13.39,200e,13.2,215e,9.85,230e,6.5
10/21/2021 1:00,1453.44,5,14.9,10,14.89,20,14.94,30,14.92,40,14.92,60,14.93,80,14.93,100,14.36,120,14.29,140,14.25,160,14.14,180,13.09,200e,12.83,215e,9.66,230e,6.5
10/21/2021 2:00,1453.41,5,14.9,10,14.87,20,14.92,30,14.91,40,14.91,60,14.91,80,14.89,100,14.4,120,14.3,140,14.25,160,14.15,180,13.77,200e,13.68,215e,10.09,230e,6.5
10/21/2021 3:00,1453.38,5,14.9,10,14.85,20,14.89,30,14.9,40,14.9,60,14.89,80,14.91,100,14.47,120,14.31,140,14.26,160,14.15,180,13.85,200e,13.78,215e,10.14,230e,6.5
10/21/2021 4:00,1453.37,5,14.87,10,14.85,20,14.9,30,14.89,40,14.89,60,14.88,80,14.91,100,14.47,120,14.32,140,14.24,160,14.17,180,13.87,200e,13.8,215e,10.15,230e,6.5
10/21/2021 5:00,1453.35,5,14.88,10,14.86,20,14.9,30,14.9,40,14.9,60,14.88,80,14.9,100,14.56,120,14.35,140,14.25,160,14.16,180,13.58,200e,13.44,215e,9.97,230e,6.5
10/21/2021 6:00,1453.32,5,14.84,10,14.85,20,14.89,30,14.89,40,14.89,60,14.87,80,14.89,100,14.74,120,14.36,140,14.25,160,14.16,180,13.44,200e,13.26,215e,9.88,230e,6.5
10/21/2021 7:00,1453.29,5,14.86,10,14.85,20,14.89,30,14.88,40,14.88,60,14.87,80,14.88,100,14.79,120,14.36,140,14.26,160,14.18,180,13.45,200e,13.27,215e,9.88,230e,6.5
10/21/2021 8:00,1453.24,5,14.88,10,14.85,20,14.89,30,14.88,40,14.87,60,14.87,80,14.88,100,14.77,120,14.38,140,14.26,160,14.17,180,13.23,200e,13,215e,9.75,230e,6.5
10/21/2021 9:00,1453.21,5,14.86,10,14.85,20,14.88,30,14.87,40,14.87,60,14.86,80,14.88,100,14.85,120,14.39,140,14.27,160,14.16,180,13.21,200e,12.97,215e,9.74,230e,6.5
10/21/2021 10:00,1453.18,5,14.88,10,14.85,20,14.88,30,14.87,40,14.87,60,14.86,80,14.87,100,14.84,120,14.39,140,14.28,160,14.15,180,13.32,200e,13.11,215e,9.81,230e,6.5
10/21/2021 11:00,1453.15,5,14.92,10,14.89,20,14.89,30,14.88,40,14.87,60,14.88,80,14.88,100,14.85,120,14.39,140,14.27,160,14.11,180,13.15,200e,12.91,215e,9.71,230e,6.5
10/21/2021 12:00,1453.12,5,14.98,10,14.97,20,14.93,30,14.88,40,14.87,60,14.89,80,14.87,100,14.85,120,14.38,140,14.27,160,14.04,180,12.82,200e,12.52,215e,9.51,230e,6.5
10/21/2021 13:00,1453.1,5,15.03,10,14.99,20,14.92,30,14.88,40,14.87,60,14.88,80,14.87,100,14.83,120,14.38,140,14.25,160,14.03,180,12.81,200e,12.51,215e,9.5,230e,6.5
10/21/2021 14:00,1453.06,5,15.02,10,14.92,20,14.91,30,14.88,40,14.87,60,14.88,80,14.87,100,14.77,120,14.33,140,14.24,160,13.98,180,12.93,200e,12.67,215e,9.58,230e,6.5
10/21/2021 15:00,1453.02,5,14.99,10,14.95,20,14.9,30,14.88,40,14.87,60,14.88,80,14.87,100,14.69,120,14.32,140,14.22,160,13.97,180,13.1,200e,12.88,215e,9.69,230e,6.5
10/21/2021 16:00,1452.98,5,14.97,10,14.94,20,14.91,30,14.88,40,14.87,60,14.89,80,14.86,100,14.6,120,14.32,140,14.09,160,13.92,180,13.09,200e,12.88,215e,9.69,230e,6.5
10/21/2021 17:00,1452.97,5,14.97,10,14.94,20,14.91,30,14.88,40,14.87,60,14.87,80,14.86,100,14.55,120,14.31,140,14.1,160,13.95,180,13.44,200e,13.31,215e,9.91,230e,6.5
10/21/2021 18:00,1452.95,5,14.95,10,14.92,20,14.95,30,14.88,40,14.87,60,14.85,80,14.82,100,14.45,120,14.26,140,14.08,160,13.95,180,13.27,200e,13.1,215e,9.8,230e,6.5
10/21/2021 19:00,1452.93,5,14.92,10,14.91,20,14.91,30,14.87,40,14.87,60,14.85,80,14.83,100,14.41,120,14.24,140,14.06,160,13.92,180,13.15,200e,12.96,215e,9.73,230e,6.5
10/21/2021 20:00,1452.91,5,14.89,10,14.89,20,14.89,30,14.87,40,14.87,60,14.84,80,14.82,100,14.31,120,14.17,140,14.02,160,13.81,180,12.83,200e,12.59,215e,9.54,230e,6.5
10/21/2021 21:00,1452.89,5,14.9,10,14.87,20,14.9,30,14.88,40,14.87,60,14.84,80,14.76,100,14.3,120,14.15,140,14.01,160,13.84,180,13.19,200e,13.03,215e,9.76,230e,6.5
10/21/2021 22:00,1452.85,5,14.9,10,14.86,20,14.89,30,14.87,40,14.87,60,14.84,80,14.66,100,14.26,120,14.11,140,13.99,160,13.82,180,13.44,200e,13.35,215e,9.92,230e,6.5
10/21/2021 23:00,1452.83,5,14.89,10,14.86,20,14.91,30,14.89,40,14.87,60,14.83,80,14.48,100,14.26,120,14.07,140,13.98,160,13.8,180,13.57,200e,13.51,215e,10.01,230e,6.5
10/22/2021 0:00,1452.8,5,14.86,10,14.85,20,14.89,30,14.87,40,14.86,60,14.82,80,14.49,100,14.22,120,14.08,140,13.96,160,13.84,180,13.61,200e,13.55,215e,10.03,230e,6.5
10/22/2021 1:00,1452.78,5,14.87,10,14.84,20,14.87,30,14.86,40,14.85,60,14.82,80,14.46,100,14.23,120,14.08,140,13.98,160,13.8,180,13.7,200e,13.68,215e,10.09,230e,6.5
10/22/2021 2:00,1452.76,5,14.85,10,14.83,20,14.86,30,14.85,40,14.85,60,14.78,80,14.43,100,14.2,120,14.09,140,13.96,160,13.82,180,13.73,200e,13.71,215e,10.1,230e,6.5
10/22/2021 3:00,1452.75,5,14.85,10,14.82,20,14.86,30,14.84,40,14.84,60,14.79,80,14.42,100,14.22,120,14.05,140,13.95,160,13.85,180,13.78,200e,13.76,215e,10.13,230e,6.5
10/22/2021 4:00,1452.73,5,14.85,10,14.81,20,14.85,30,14.84,40,14.83,60,14.8,80,14.44,100,14.18,120,14.07,140,13.95,160,13.83,180,13.6,200e,13.54,215e,10.02,230e,6.5
10/22/2021 5:00,1452.72,5,14.84,10,14.8,20,14.83,30,14.83,40,14.83,60,14.79,80,14.42,100,14.24,120,14.04,140,13.95,160,13.86,180,13.6,200e,13.54,215e,10.02,230e,6.5
10/22/2021 6:00,1452.71,5,14.81,10,14.79,20,14.83,30,14.82,40,14.82,60,14.8,80,14.45,100,14.25,120,14.04,140,13.97,160,13.88,180,13.81,200e,13.79,215e,10.15,230e,6.5
10/22/2021 7:00,1452.69,5,14.83,10,14.79,20,14.83,30,14.82,40,14.82,60,14.78,80,14.47,100,14.24,120,14.04,140,13.97,160,13.88,180,13.79,200e,13.77,215e,10.13,230e,6.5
10/22/2021 8:00,1452.68,5,14.81,10,14.78,20,14.82,30,14.82,40,14.81,60,14.78,80,14.49,100,14.25,120,14.04,140,13.97,160,13.91,180,13.81,200e,13.79,215e,10.14,230e,6.5
10/22/2021 9:00,1452.65,5,14.79,10,14.78,20,14.81,30,14.81,40,14.81,60,14.81,80,14.52,100,14.26,120,14.05,140,13.99,160,13.92,180,13.82,200e,13.8,215e,10.15,230e,6.5
10/22/2021 10:00,1452.65,5,14.82,10,14.79,20,14.82,30,14.81,40,14.8,60,14.81,80,14.51,100,14.27,120,14.07,140,13.99,160,13.94,180,13.82,200e,13.79,215e,10.15,230e,6.5
10/22/2021 11:00,1452.64,5,14.81,10,14.78,20,14.82,30,14.81,40,14.8,60,14.78,80,14.49,100,14.29,120,14.09,140,13.99,160,13.94,180,13.82,200e,13.79,215e,10.15,230e,6.5
10/22/2021 12:00,1452.64,5,14.8,10,14.78,20,14.81,30,14.8,40,14.8,60,14.8,80,14.49,100,14.3,120,14.09,140,13.99,160,13.95,180,13.83,200e,13.8,215e,10.15,230e,6.5
10/22/2021 13:00,1452.63,5,14.81,10,14.79,20,14.82,30,14.8,40,14.8,60,14.77,80,14.5,100,14.31,120,14.11,140,14.01,160,13.95,180,13.77,200e,13.73,215e,10.11,230e,6.5
10/22/2021 14:00,1452.62,5,14.79,10,14.77,20,14.81,30,14.8,40,14.8,60,14.8,80,14.5,100,14.31,120,14.13,140,14.01,160,13.95,180,13.8,200e,13.76,215e,10.13,230e,6.5
10/22/2021 15:00,1452.61,5,14.78,10,14.78,20,14.81,30,14.79,40,14.79,60,14.8,80,14.48,100,14.27,120,14.15,140,14.02,160,13.95,180,13.82,200e,13.79,215e,10.14,230e,6.5
10/22/2021 16:00,1452.59,5,14.8,10,14.77,20,14.81,30,14.79,40,14.79,60,14.79,80,14.46,100,14.26,120,14.17,140,14.02,160,13.96,180,13.83,200e,13.8,215e,10.15,230e,6.5
10/22/2021 17:00,1452.59,5,14.8,10,14.75,20,14.8,30,14.79,40,14.79,60,14.79,80,14.48,100,14.25,120,14.19,140,14.03,160,13.97,180,13.87,200e,13.85,215e,10.17,230e,6.5
10/22/2021 18:00,1452.58,5,14.79,10,14.76,20,14.8,30,14.78,40,14.78,60,14.78,80,14.48,100,14.26,120,14.21,140,14.05,160,13.98,180,13.91,200e,13.89,215e,10.2,230e,6.5
10/22/2021 19:00,1452.58,5,14.77,10,14.75,20,14.79,30,14.78,40,14.78,60,14.77,80,14.47,100,14.27,120,14.22,140,14.09,160,13.99,180,13.92,200e,13.9,215e,10.2,230e,6.5
10/22/2021 20:00,1452.57,5,14.79,10,14.75,20,14.79,30,14.78,40,14.77,60,14.75,80,14.44,100,14.28,120,14.23,140,14.11,160,14.02,180,13.92,200e,13.9,215e,10.2,230e,6.5
10/22/2021 21:00,1452.55,5,14.78,10,14.74,20,14.78,30,14.77,40,14.77,60,14.75,80,14.46,100,14.3,120,14.22,140,14.11,160,14.02,180,13.87,200e,13.83,215e,10.17,230e,6.5
10/22/2021 22:00,1452.54,5,14.77,10,14.73,20,14.78,30,14.77,40,14.77,60,14.76,80,14.44,100,14.32,120,14.2,140,14.12,160,14.02,180,13.86,200e,13.82,215e,10.16,230e,6.5
10/22/2021 23:00,1452.54,5,14.74,10,14.72,20,14.77,30,14.76,40,14.76,60,14.71,80,14.44,100,14.33,120,14.19,140,14.13,160,14.01,180,13.86,200e,13.82,215e,10.16,230e,6.5
10/23/2021 0:00,1452.53,5,14.74,10,14.72,20,14.76,30,14.75,40,14.75,60,14.74,80,14.44,100,14.33,120,14.2,140,14.15,160,14.01,180,13.88,200e,13.85,215e,10.17,230e,6.5
10/23/2021 1:00,1452.53,5,14.75,10,14.72,20,14.76,30,14.75,40,14.75,60,14.7,80,14.43,100,14.34,120,14.21,140,14.15,160,14.01,180,13.7,200e,13.62,215e,10.06,230e,6.5
10/23/2021 2:00,1452.52,5,14.75,10,14.71,20,14.75,30,14.74,40,14.74,60,14.71,80,14.44,100,14.34,120,14.23,140,14.12,160,14.01,180,13.74,200e,13.67,215e,10.09,230e,6.5
10/23/2021 3:00,1452.52,5,14.74,10,14.7,20,14.74,30,14.73,40,14.73,60,14.71,80,14.44,100,14.32,120,14.23,140,14.11,160,14,180,13.74,200e,13.68,215e,10.09,230e,6.5
10/23/2021 4:00,1452.51,5,14.74,10,14.7,20,14.74,30,14.73,40,14.73,60,14.68,80,14.46,100,14.33,120,14.23,140,14.12,160,14.01,180,13.73,200e,13.66,215e,10.08,230e,6.5
10/23/2021 5:00,1452.51,5,14.72,10,14.69,20,14.73,30,14.72,40,14.72,60,14.69,80,14.46,100,14.32,120,14.22,140,14.11,160,14,180,13.72,200e,13.65,215e,10.08,230e,6.5
10/23/2021 6:00,1452.5,5,14.72,10,14.68,20,14.72,30,14.71,40,14.71,60,14.69,80,14.46,100,14.33,120,14.22,140,14.12,160,14,180,13.78,200e,13.73,215e,10.11,230e,6.5
10/23/2021 7:00,1452.5,5,14.71,10,14.66,20,14.71,30,14.71,40,14.71,60,14.7,80,14.46,100,14.33,120,14.2,140,14.12,160,13.97,180,13.81,200e,13.77,215e,10.14,230e,6.5
10/23/2021 8:00,1452.5,5,14.68,10,14.65,20,14.7,30,14.69,40,14.69,60,14.69,80,14.45,100,14.31,120,14.19,140,14.06,160,13.93,180,13.75,200e,13.71,215e,10.1,230e,6.5
10/23/2021 9:00,1452.49,5,14.68,10,14.67,20,14.7,30,14.7,40,14.69,60,14.7,80,14.47,100,14.3,120,14.19,140,14.05,160,13.9,180,13.69,200e,13.64,215e,10.07,230e,6.5
10/23/2021 10:00,1452.48,5,14.7,10,14.67,20,14.71,30,14.69,40,14.69,60,14.7,80,14.46,100,14.29,120,14.16,140,14.04,160,13.87,180,13.57,200e,13.5,215e,10,230e,6.5
10/23/2021 11:00,1452.49,5,14.72,10,14.69,20,14.71,30,14.7,40,14.69,60,14.7,80,14.48,100,14.29,120,14.16,140,14,160,13.87,180,13.6,200e,13.53,215e,10.02,230e,6.5
10/23/2021 12:00,1452.47,5,14.75,10,14.71,20,14.72,30,14.7,40,14.69,60,14.71,80,14.5,100,14.27,120,14.13,140,13.97,160,13.86,180,13.59,200e,13.52,215e,10.01,230e,6.5
10/23/2021 13:00,1452.46,5,14.78,10,14.76,20,14.74,30,14.71,40,14.7,60,14.72,80,14.48,100,14.29,120,14.12,140,13.94,160,13.85,180,13.75,200e,13.73,215e,10.11,230e,6.5
10/23/2021 14:00,1452.46,5,14.75,10,14.73,20,14.73,30,14.71,40,14.7,60,14.71,80,14.47,100,14.26,120,14.12,140,13.93,160,13.85,180,13.66,200e,13.61,215e,10.06,230e,6.5
10/23/2021 15:00,1452.46,5,14.73,10,14.71,20,14.73,30,14.7,40,14.7,60,14.72,80,14.51,100,14.26,120,14.1,140,13.92,160,13.84,180,13.66,200e,13.62,215e,10.06,230e,6.5
10/23/2021 16:00,1452.45,5,14.72,10,14.7,20,14.73,30,14.7,40,14.7,60,14.7,80,14.46,100,14.25,120,14.09,140,13.92,160,13.84,180,13.63,200e,13.58,215e,10.04,230e,6.5
10/23/2021 17:00,1452.45,5,14.71,10,14.69,20,14.72,30,14.7,40,14.69,60,14.69,80,14.46,100,14.22,120,14.06,140,13.92,160,13.82,180,13.57,200e,13.51,215e,10,230e,6.5
10/23/2021 18:00,1452.43,5,14.7,10,14.68,20,14.72,30,14.7,40,14.69,60,14.69,80,14.46,100,14.21,120,14.03,140,13.91,160,13.81,180,13.67,200e,13.64,215e,10.07,230e,6.5
10/23/2021 19:00,1452.43,5,14.71,10,14.66,20,14.7,30,14.7,40,14.69,60,14.7,80,14.45,100,14.19,120,13.97,140,13.91,160,13.81,180,13.57,200e,13.51,215e,10.01,230e,6.5
10/23/2021 20:00,1452.43,5,14.69,10,14.67,20,14.7,30,14.69,40,14.69,60,14.69,80,14.44,100,14.18,120,13.95,140,13.91,160,13.81,180,13.59,200e,13.54,215e,10.02,230e,6.5
10/23/2021 21:00,1452.43,5,14.7,10,14.65,20,14.7,30,14.68,40,14.68,60,14.67,80,14.44,100,14.16,120,13.94,140,13.91,160,13.84,180,13.78,200e,13.77,215e,10.13,230e,6.5
10/23/2021 22:00,1452.43,5,14.67,10,14.65,20,14.69,30,14.68,40,14.68,60,14.68,80,14.43,100,14.16,120,13.97,140,13.91,160,13.83,180,13.75,200e,13.73,215e,10.12,230e,6.5
10/23/2021 23:00,1452.42,5,14.68,10,14.64,20,14.68,30,14.67,40,14.67,60,14.66,80,14.42,100,14.13,120,13.96,140,13.9,160,13.83,180,13.74,200e,13.72,215e,10.11,230e,6.5
10/24/2021 0:00,1452.41,5,14.66,10,14.62,20,14.67,30,14.67,40,14.66,60,14.66,80,14.42,100,14.14,120,13.96,140,13.92,160,13.83,180,13.76,200e,13.74,215e,10.12,230e,6.5
10/24/2021 1:00,1452.4,5,14.66,10,14.63,20,14.67,30,14.66,40,14.66,60,14.66,80,14.44,100,14.16,120,13.98,140,13.88,160,13.83,180,13.63,200e,13.58,215e,10.04,230e,6.5
10/24/2021 2:00,1452.41,5,14.65,10,14.63,20,14.67,30,14.66,40,14.66,60,14.65,80,14.47,100,14.16,120,13.97,140,13.88,160,13.83,180,13.77,200e,13.76,215e,10.13,230e,6.5
10/24/2021 3:00,1452.41,5,14.65,10,14.61,20,14.64,30,14.66,40,14.65,60,14.64,80,14.48,100,14.18,120,13.97,140,13.88,160,13.84,180,13.77,200e,13.75,215e,10.13,230e,6.5
10/24/2021 4:00,1452.39,5,14.61,10,14.6,20,14.65,30,14.64,40,14.64,60,14.63,80,14.49,100,14.19,120,13.97,140,13.88,160,13.83,180,13.76,200e,13.74,215e,10.12,230e,6.5
10/24/2021 5:00,1452.36,5,14.61,10,14.59,20,14.64,30,14.63,40,14.63,60,14.63,80,14.55,100,14.24,120,13.97,140,13.88,160,13.83,180,13.76,200e,13.74,215e,10.12,230e,6.5
10/24/2021 6:00,1452.36,5,14.59,10,14.59,20,14.61,30,14.63,40,14.63,60,14.61,80,14.6,100,14.21,120,13.96,140,13.88,160,13.82,180,13.77,200e,13.76,215e,10.13,230e,6.5
10/24/2021 7:00,1452.36,5,14.62,10,14.59,20,14.63,30,14.62,40,14.62,60,14.62,80,14.62,100,14.21,120,13.97,140,13.87,160,13.81,180,13.74,200e,13.72,215e,10.11,230e,6.5
10/24/2021 8:00,1452.35,5,14.62,10,14.59,20,14.63,30,14.62,40,14.62,60,14.61,80,14.59,100,14.19,120,13.96,140,13.85,160,13.79,180,13.66,200e,13.63,215e,10.06,230e,6.5
10/24/2021 9:00,1452.33,5,14.63,10,14.59,20,14.63,30,14.62,40,14.62,60,14.62,80,14.6,100,14.2,120,13.94,140,13.85,160,13.78,180,13.66,200e,13.63,215e,10.07,230e,6.5
10/24/2021 10:00,1452.33,5,14.61,10,14.59,20,14.63,30,14.62,40,14.62,60,14.63,80,14.61,100,14.19,120,13.95,140,13.85,160,13.79,180,13.66,200e,13.63,215e,10.06,230e,6.5
10/24/2021 11:00,1452.37,5,14.6,10,14.59,20,14.63,30,14.62,40,14.61,60,14.62,80,14.61,100,14.19,120,13.94,140,13.85,160,13.78,180,13.69,200e,13.67,215e,10.08,230e,6.5
10/24/2021 12:00,1452.36,5,14.61,10,14.59,20,14.62,30,14.61,40,14.61,60,14.62,80,14.57,100,14.19,120,13.94,140,13.84,160,13.75,180,13.69,200e,13.68,215e,10.09,230e,6.5
10/24/2021 13:00,1452.33,5,14.6,10,14.58,20,14.62,30,14.61,40,14.61,60,14.59,80,14.58,100,14.13,120,13.92,140,13.83,160,13.77,180,13.7,200e,13.68,215e,10.09,230e,6.5
10/24/2021 14:00,1452.35,5,14.61,10,14.58,20,14.62,30,14.61,40,14.6,60,14.62,80,14.5,100,14.09,120,13.92,140,13.8,160,13.72,180,13.66,200e,13.65,215e,10.07,230e,6.5
10/24/2021 15:00,1452.37,5,14.56,10,14.57,20,14.61,30,14.6,40,14.6,60,14.6,80,14.44,100,14.07,120,13.9,140,13.79,160,13.71,180,13.63,200e,13.61,215e,10.06,230e,6.5
10/24/2021 16:00,1452.39,5,14.59,10,14.56,20,14.6,30,14.59,40,14.59,60,14.59,80,14.42,100,14.04,120,13.88,140,13.78,160,13.69,180,13.62,200e,13.6,215e,10.05,230e,6.5
10/24/2021 17:00,1452.42,5,14.58,10,14.55,20,14.59,30,14.58,40,14.58,60,14.58,80,14.34,100,13.95,120,13.87,140,13.76,160,13.69,180,13.59,200e,13.57,215e,10.03,230e,6.5
10/24/2021 18:00,1452.42,5,14.56,10,14.54,20,14.57,30,14.57,40,14.57,60,14.56,80,14.34,100,13.95,120,13.84,140,13.77,160,13.68,180,13.58,200e,13.56,215e,10.03,230e,6.5
10/24/2021 19:00,1452.45,5,14.57,10,14.54,20,14.58,30,14.57,40,14.56,60,14.55,80,14.24,100,13.94,120,13.84,140,13.75,160,13.66,180,13.61,200e,13.6,215e,10.05,230e,6.5
10/24/2021 20:00,1452.46,5,14.57,10,14.53,20,14.57,30,14.56,40,14.55,60,14.54,80,14.26,100,13.94,120,13.82,140,13.73,160,13.65,180,13.5,200e,13.46,215e,9.98,230e,6.5
10/24/2021 21:00,1452.48,5,14.55,10,14.52,20,14.56,30,14.55,40,14.54,60,14.53,80,14.23,100,13.93,120,13.8,140,13.73,160,13.62,180,13.37,200e,13.31,215e,9.9,230e,6.5
10/24/2021 22:00,1452.5,5,14.54,10,14.51,20,14.55,30,14.54,40,14.54,60,14.5,80,14.17,100,13.92,120,13.78,140,13.69,160,13.6,180,13.41,200e,13.36,215e,9.93,230e,6.5
10/24/2021 23:00,1452.51,5,14.54,10,14.5,20,14.54,30,14.53,40,14.53,60,14.5,80,14.18,100,13.92,120,13.79,140,13.7,160,13.62,180,13.55,200e,13.53,215e,10.02,230e,6.5
10/25/2021 0:00,1452.55,5,14.52,10,14.49,20,14.53,30,14.52,40,14.52,60,14.51,80,14.22,100,13.92,120,13.77,140,13.69,160,13.59,180,13.56,200e,13.55,215e,10.03,230e,6.5
10/25/2021 1:00,1452.57,5,14.51,10,14.48,20,14.51,30,14.51,40,14.5,60,14.5,80,14.2,100,13.92,120,13.78,140,13.69,160,13.6,180,13.53,200e,13.51,215e,10.01,230e,6.5
10/25/2021 2:00,1452.58,5,14.52,10,14.48,20,14.52,30,14.5,40,14.51,60,14.5,80,14.19,100,13.94,120,13.8,140,13.68,160,13.61,180,13.38,200e,13.32,215e,9.91,230e,6.5
10/25/2021 3:00,1452.58,5,14.5,10,14.47,20,14.51,30,14.5,40,14.49,60,14.5,80,14.18,100,13.92,120,13.8,140,13.67,160,13.62,180,13.53,200e,13.51,215e,10,230e,6.5
10/25/2021 4:00,1452.62,5,14.48,10,14.47,20,14.5,30,14.49,40,14.49,60,14.46,80,14.15,100,13.92,120,13.79,140,13.67,160,13.63,180,13.46,200e,13.42,215e,9.96,230e,6.5
10/25/2021 5:00,1452.64,5,14.49,10,14.46,20,14.5,30,14.49,40,14.49,60,14.42,80,14.12,100,13.93,120,13.82,140,13.66,160,13.61,180,13.37,200e,13.31,215e,9.91,230e,6.5
10/25/2021 6:00,1452.66,5,14.48,10,14.45,20,14.49,30,14.48,40,14.48,60,14.46,80,14.11,100,13.93,120,13.82,140,13.66,160,13.61,180,13.46,200e,13.42,215e,9.96,230e,6.5
10/25/2021 7:00,1452.66,5,14.49,10,14.44,20,14.48,30,14.47,40,14.47,60,14.46,80,14.09,100,13.93,120,13.82,140,13.66,160,13.62,180,13.54,200e,13.52,215e,10.01,230e,6.5
10/25/2021 8:00,1452.68,5,14.46,10,14.44,20,14.47,30,14.47,40,14.46,60,14.34,80,14.1,100,13.92,120,13.82,140,13.66,160,13.62,180,13.49,200e,13.46,215e,9.98,230e,6.5
10/25/2021 9:00,1452.67,5,14.47,10,14.46,20,14.48,30,14.47,40,14.46,60,14.35,80,14.08,100,13.91,120,13.83,140,13.66,160,13.62,180,13.52,200e,13.5,215e,10,230e,6.5
10/25/2021 10:00,1452.67,5,14.5,10,14.5,20,14.49,30,14.46,40,14.47,60,14.3,80,14.05,100,13.91,120,13.86,140,13.66,160,13.63,180,13.33,200e,13.26,215e,9.88,230e,6.5
10/25/2021 11:00,1452.66,5,14.53,10,14.48,20,14.49,30,14.46,40,14.46,60,14.22,80,14.04,100,13.92,120,13.85,140,13.68,160,13.64,180,13.55,200e,13.53,215e,10.01,230e,6.5
10/25/2021 12:00,1452.67,5,14.55,10,14.5,20,14.49,30,14.46,40,14.46,60,14.22,80,14.05,100,13.92,120,13.85,140,13.69,160,13.64,180,13.53,200e,13.5,215e,10,230e,6.5
10/25/2021 13:00,1452.69,5,14.54,10,14.48,20,14.49,30,14.47,40,14.46,60,14.27,80,14.05,100,13.91,120,13.86,140,13.68,160,13.65,180,13.47,200e,13.43,215e,9.96,230e,6.5
10/25/2021 14:00,1452.72,5,14.52,10,14.49,20,14.49,30,14.47,40,14.46,60,14.23,80,14.03,100,13.9,120,13.85,140,13.68,160,13.64,180,13.39,200e,13.33,215e,9.91,230e,6.5
10/25/2021 15:00,1452.73,5,14.5,10,14.48,20,14.51,30,14.47,40,14.46,60,14.23,80,14.04,100,13.9,120,13.85,140,13.68,160,13.63,180,13.32,200e,13.24,215e,9.87,230e,6.5
10/25/2021 16:00,1452.74,5,14.48,10,14.45,20,14.49,30,14.47,40,14.45,60,14.22,80,14.07,100,13.9,120,13.84,140,13.69,160,13.61,180,13.47,200e,13.44,215e,9.97,230e,6.5
10/25/2021 17:00,1452.76,5,14.45,10,14.44,20,14.48,30,14.47,40,14.46,60,14.21,80,14.04,100,13.89,120,13.83,140,13.69,160,13.59,180,13.46,200e,13.43,215e,9.96,230e,6.5
10/25/2021 18:00,1452.76,5,14.42,10,14.44,20,14.48,30,14.46,40,14.46,60,14.19,80,14.02,100,13.9,120,13.8,140,13.67,160,13.52,180,13.47,200e,13.46,215e,9.98,230e,6.5
10/25/2021 19:00,1452.77,5,14.43,10,14.42,20,14.46,30,14.45,40,14.45,60,14.15,80,14,100,13.88,120,13.77,140,13.65,160,13.5,180,13.4,200e,13.38,215e,9.94,230e,6.5
10/25/2021 20:00,1452.8,5,14.46,10,14.42,20,14.46,30,14.45,40,14.44,60,14.14,80,14.01,100,13.87,120,13.75,140,13.61,160,13.51,180,13.42,200e,13.4,215e,9.95,230e,6.5
10/25/2021 21:00,1452.82,5,14.45,10,14.41,20,14.45,30,14.43,40,14.41,60,14.11,80,14,100,13.88,120,13.71,140,13.54,160,13.51,180,13.41,200e,13.39,215e,9.94,230e,6.5
10/25/2021 22:00,1452.86,5,14.44,10,14.41,20,14.44,30,14.43,40,14.4,60,14.11,80,13.97,100,13.82,120,13.68,140,13.54,160,13.49,180,13.36,200e,13.33,215e,9.91,230e,6.5
10/25/2021 23:00,1452.89,5,14.42,10,14.4,20,14.44,30,14.42,40,14.34,60,14.08,80,13.97,100,13.8,120,13.67,140,13.53,160,13.47,180,13.41,200e,13.4,215e,9.95,230e,6.5
10/26/2021 0:00,1452.9,5,14.42,10,14.39,20,14.43,30,14.41,40,14.32,60,14.08,80,13.95,100,13.79,120,13.56,140,13.53,160,13.45,180,13.33,200e,13.3,215e,9.9,230e,6.5
10/26/2021 1:00,1452.91,5,14.41,10,14.36,20,14.4,30,14.38,40,14.22,60,14.04,80,13.95,100,13.8,120,13.56,140,13.51,160,13.43,180,13.4,200e,13.39,215e,9.95,230e,6.5
10/26/2021 2:00,1452.95,5,14.39,10,14.37,20,14.41,30,14.39,40,14.23,60,14.03,80,13.94,100,13.79,120,13.55,140,13.5,160,13.43,180,13.37,200e,13.36,215e,9.93,230e,6.5
10/26/2021 3:00,1452.98,5,14.35,10,14.36,20,14.39,30,14.39,40,14.24,60,14.06,80,13.95,100,13.75,120,13.55,140,13.5,160,13.43,180,13.41,200e,13.41,215e,9.95,230e,6.5
10/26/2021 4:00,1453.01,5,14.38,10,14.34,20,14.39,30,14.37,40,14.23,60,14.05,80,13.96,100,13.75,120,13.54,140,13.49,160,13.43,180,13.41,200e,13.41,215e,9.95,230e,6.5
10/26/2021 5:00,1453.03,5,14.37,10,14.33,20,14.38,30,14.36,40,14.18,60,14.07,80,13.93,100,13.68,120,13.55,140,13.46,160,13.42,180,13.41,200e,13.41,215e,9.95,230e,6.5
10/26/2021 6:00,1453.07,5,14.36,10,14.33,20,14.37,30,14.35,40,14.22,60,14.07,80,13.95,100,13.71,120,13.53,140,13.47,160,13.43,180,13.42,200e,13.42,215e,9.96,230e,6.5
10/26/2021 7:00,1453.12,5,14.35,10,14.29,20,14.33,30,14.33,40,14.21,60,14.06,80,13.93,100,13.69,120,13.52,140,13.44,160,13.41,180,13.4,200e,13.4,215e,9.95,230e,6.5
10/26/2021 8:00,1453.15,5,14.31,10,14.3,20,14.34,30,14.33,40,14.21,60,14.07,80,13.94,100,13.68,120,13.52,140,13.44,160,13.41,180,13.4,200e,13.4,215e,9.95,230e,6.5
10/26/2021 9:00,1453.17,5,14.29,10,14.29,20,14.32,30,14.3,40,14.23,60,14.08,80,13.94,100,13.69,120,13.52,140,13.45,160,13.39,180,13.39,200e,13.39,215e,9.95,230e,6.5
10/26/2021 10:00,1453.21,5,14.32,10,14.29,20,14.31,30,14.29,40,14.28,60,14.08,80,13.95,100,13.69,120,13.52,140,13.46,160,13.39,180,13.38,200e,13.38,215e,9.94,230e,6.5
10/26/2021 11:00,1453.25,5,14.28,10,14.26,20,14.31,30,14.3,40,14.28,60,14.11,80,13.97,100,13.71,120,13.51,140,13.45,160,13.39,180,13.37,200e,13.37,215e,9.93,230e,6.5
10/26/2021 12:00,1453.28,5,14.28,10,14.26,20,14.3,30,14.29,40,14.29,60,14.14,80,14.04,100,13.73,120,13.5,140,13.44,160,13.38,180,13.34,200e,13.33,215e,9.92,230e,6.5
10/26/2021 13:00,1453.28,5,14.28,10,14.26,20,14.3,30,14.28,40,14.28,60,14.14,80,14.03,100,13.73,120,13.51,140,13.43,160,13.37,180,13.22,200e,13.18,215e,9.84,230e,6.5
10/26/2021 14:00,1453.31,5,14.29,10,14.25,20,14.29,30,14.28,40,14.28,60,14.16,80,14.04,100,13.69,120,13.51,140,13.42,160,13.37,180,13.3,200e,13.28,215e,9.89,230e,6.5
10/26/2021 15:00,1453.36,5,14.26,10,14.25,20,14.29,30,14.28,40,14.27,60,14.13,80,14,100,13.68,120,13.51,140,13.42,160,13.32,180,13.25,200e,13.23,215e,9.87,230e,6.5
10/26/2021 16:00,1453.4,5,14.26,10,14.25,20,14.28,30,14.27,40,14.27,60,14.13,80,14,100,13.63,120,13.5,140,13.41,160,13.31,180,13.25,200e,13.24,215e,9.87,230e,6.5
10/26/2021 17:00,1453.47,5,14.25,10,14.24,20,14.28,30,14.27,40,14.26,60,14.1,80,13.96,100,13.58,120,13.47,140,13.41,160,13.32,180,13.21,200e,13.18,215e,9.84,230e,6.5
10/26/2021 18:00,1453.5,5,14.23,10,14.23,20,14.27,30,14.26,40,14.26,60,14.1,80,13.94,100,13.56,120,13.46,140,13.41,160,13.3,180,13.21,200e,13.19,215e,9.84,230e,6.5
10/26/2021 19:00,1453.57,5,14.25,10,14.23,20,14.26,30,14.25,40,14.25,60,14.06,80,13.92,100,13.54,120,13.43,140,13.38,160,13.28,180,13.19,200e,13.17,215e,9.83,230e,6.5
10/26/2021 20:00,1453.61,5,14.26,10,14.23,20,14.26,30,14.25,40,14.24,60,14.06,80,13.81,100,13.54,120,13.41,140,13.35,160,13.28,180,13.14,200e,13.11,215e,9.8,230e,6.5
10/26/2021 21:00,1453.63,5,14.24,10,14.21,20,14.26,30,14.24,40,14.24,60,14.02,80,13.73,100,13.5,120,13.39,140,13.31,160,13.24,180,13.13,200e,13.1,215e,9.8,230e,6.5
10/26/2021 22:00,1453.66,5,14.24,10,14.2,20,14.23,30,14.23,40,14.19,60,13.99,80,13.69,100,13.51,120,13.37,140,13.27,160,13.22,180,13.14,200e,13.12,215e,9.81,230e,6.5
10/26/2021 23:00,1453.71,5,14.23,10,14.2,20,14.24,30,14.22,40,14.14,60,13.89,80,13.64,100,13.51,120,13.35,140,13.22,160,13.16,180,13.02,200e,12.99,215e,9.74,230e,6.5
10/27/2021 0:00,1453.77,5,14.19,10,14.2,20,14.24,30,14.21,40,14.11,60,13.86,80,13.6,100,13.46,120,13.34,140,13.18,160,13.14,180,13.06,200e,13.04,215e,9.77,230e,6.5
10/27/2021 1:00,1453.81,5,14.21,10,14.18,20,14.21,30,14.16,40,14.05,60,13.84,80,13.58,100,13.41,120,13.31,140,13.16,160,13.12,180,12.97,200e,12.93,215e,9.72,230e,6.5
10/27/2021 2:00,1453.89,5,14.18,10,14.16,20,14.19,30,14.07,40,13.97,60,13.76,80,13.54,100,13.38,120,13.27,140,13.16,160,13.13,180,12.98,200e,12.94,215e,9.72,230e,6.5
10/27/2021 3:00,1453.95,5,14.18,10,14.15,20,14.19,30,14,40,13.93,60,13.67,80,13.55,100,13.34,120,13.26,140,13.18,160,13.14,180,12.95,200e,12.9,215e,9.7,230e,6.5
10/27/2021 4:00,1454,5,14.15,10,14.14,20,14.08,30,13.99,40,13.89,60,13.64,80,13.51,100,13.34,120,13.25,140,13.16,160,13.11,180,12.97,200e,12.94,215e,9.72,230e,6.5
10/27/2021 5:00,1454.04,5,14.12,10,14.11,20,14.05,30,13.95,40,13.85,60,13.64,80,13.53,100,13.35,120,13.21,140,13.16,160,13.1,180,12.95,200e,12.91,215e,9.71,230e,6.5
10/27/2021 6:00,1454.09,5,14.12,10,14.09,20,14,30,13.92,40,13.84,60,13.67,80,13.53,100,13.35,120,13.21,140,13.17,160,13.13,180,12.96,200e,12.92,215e,9.71,230e,6.5
10/27/2021 7:00,1454.15,5,14.09,10,14.07,20,13.96,30,13.88,40,13.82,60,13.65,80,13.54,100,13.36,120,13.2,140,13.17,160,13.08,180,12.98,200e,12.96,215e,9.73,230e,6.5
10/27/2021 8:00,1454.21,5,14.07,10,14.04,20,13.97,30,13.92,40,13.8,60,13.66,80,13.55,100,13.39,120,13.21,140,13.14,160,13.07,180,13,200e,12.98,215e,9.74,230e,6.5
10/27/2021 9:00,1454.27,5,14.05,10,14.02,20,13.96,30,13.91,40,13.8,60,13.65,80,13.57,100,13.43,120,13.21,140,13.14,160,13.07,180,13.02,200e,13.01,215e,9.75,230e,6.5
10/27/2021 10:00,1454.33,5,14.04,10,14.01,20,13.96,30,13.92,40,13.78,60,13.66,80,13.57,100,13.46,120,13.23,140,13.15,160,13.1,180,13.03,200e,13.01,215e,9.76,230e,6.5
10/27/2021 11:00,1454.38,5,14.04,10,14.03,20,13.97,30,13.88,40,13.77,60,13.66,80,13.61,100,13.49,120,13.24,140,13.17,160,13.11,180,13.04,200e,13.02,215e,9.76,230e,6.5
10/27/2021 12:00,1454.43,5,14.06,10,14.03,20,13.97,30,13.89,40,13.79,60,13.66,80,13.64,100,13.49,120,13.27,140,13.18,160,13.12,180,13.06,200e,13.05,215e,9.77,230e,6.5
10/27/2021 13:00,1454.48,5,14.07,10,14.05,20,13.97,30,13.9,40,13.79,60,13.69,80,13.66,100,13.49,120,13.31,140,13.19,160,13.12,180,13.01,200e,12.98,215e,9.74,230e,6.5
10/27/2021 14:00,1454.53,5,14.06,10,14.04,20,13.96,30,13.89,40,13.81,60,13.71,80,13.65,100,13.52,120,13.31,140,13.2,160,13.11,180,13.05,200e,13.04,215e,9.77,230e,6.5
10/27/2021 15:00,1454.57,5,14.06,10,14.03,20,13.93,30,13.88,40,13.78,60,13.74,80,13.65,100,13.5,120,13.32,140,13.2,160,13.12,180,13.04,200e,13.02,215e,9.76,230e,6.5
10/27/2021 16:00,1454.64,5,14.03,10,13.99,20,13.92,30,13.89,40,13.77,60,13.76,80,13.65,100,13.49,120,13.34,140,13.2,160,13.12,180,13.04,200e,13.02,215e,9.76,230e,6.5
10/27/2021 17:00,1454.68,5,14.01,10,13.99,20,13.93,30,13.84,40,13.77,60,13.71,80,13.6,100,13.49,120,13.28,140,13.2,160,13.12,180,13.04,200e,13.02,215e,9.76,230e,6.5
10/27/2021 18:00,1454.72,5,13.99,10,13.97,20,13.94,30,13.82,40,13.79,60,13.73,80,13.62,100,13.49,120,13.3,140,13.19,160,13.09,180,13.01,200e,12.99,215e,9.75,230e,6.5
10/27/2021 19:00,1454.78,5,13.97,10,13.95,20,13.91,30,13.83,40,13.78,60,13.74,80,13.6,100,13.46,120,13.28,140,13.18,160,13.09,180,12.99,200e,12.97,215e,9.73,230e,6.5
10/27/2021 20:00,1454.82,5,13.96,10,13.93,20,13.9,30,13.85,40,13.83,60,13.76,80,13.64,100,13.44,120,13.28,140,13.18,160,13.08,180,12.99,200e,12.97,215e,9.73,230e,6.5
10/27/2021 21:00,1454.86,5,13.95,10,13.92,20,13.91,30,13.85,40,13.82,60,13.75,80,13.63,100,13.43,120,13.26,140,13.16,160,13.08,180,12.98,200e,12.96,215e,9.73,230e,6.5
10/27/2021 22:00,1454.89,5,13.9,10,13.89,20,13.93,30,13.85,40,13.84,60,13.74,80,13.66,100,13.45,120,13.24,140,13.14,160,13.05,180,13.01,200e,13,215e,9.75,230e,6.5
10/27/2021 23:00,1454.92,5,13.89,10,13.88,20,13.92,30,13.88,40,13.84,60,13.75,80,13.66,100,13.48,120,13.27,140,13.15,160,13.04,180,13.01,200e,13,215e,9.75,230e,6.5
10/28/2021 0:00,1454.96,5,13.9,10,13.89,20,13.93,30,13.9,40,13.84,60,13.77,80,13.68,100,13.48,120,13.24,140,13.13,160,13.03,180,13.02,200e,13.02,215e,9.76,230e,6.5
10/28/2021 1:00,1454.99,5,13.9,10,13.89,20,13.93,30,13.92,40,13.85,60,13.77,80,13.69,100,13.49,120,13.23,140,13.13,160,13.02,180,12.97,200e,12.96,215e,9.73,230e,6.5
10/28/2021 2:00,1455.04,5,13.9,10,13.88,20,13.92,30,13.91,40,13.86,60,13.78,80,13.71,100,13.52,120,13.24,140,13.12,160,13,180,12.96,200e,12.95,215e,9.73,230e,6.5
10/28/2021 3:00,1455.06,5,13.88,10,13.87,20,13.91,30,13.9,40,13.86,60,13.83,80,13.72,100,13.55,120,13.26,140,13.12,160,12.98,180,12.94,200e,12.93,215e,9.72,230e,6.5
10/28/2021 4:00,1455.1,5,13.89,10,13.88,20,13.92,30,13.91,40,13.88,60,13.82,80,13.76,100,13.56,120,13.26,140,13.11,160,12.97,180,12.92,200e,12.91,215e,9.7,230e,6.5
10/28/2021 5:00,1455.16,5,13.89,10,13.88,20,13.91,30,13.9,40,13.9,60,13.85,80,13.75,100,13.55,120,13.26,140,13.03,160,12.94,180,12.84,200e,12.82,215e,9.66,230e,6.5
10/28/2021 6:00,1455.19,5,13.89,10,13.86,20,13.9,30,13.89,40,13.89,60,13.87,80,13.76,100,13.55,120,13.19,140,12.98,160,12.94,180,12.92,200e,12.92,215e,9.71,230e,6.5
10/28/2021 7:00,1455.24,5,13.88,10,13.85,20,13.89,30,13.88,40,13.88,60,13.88,80,13.76,100,13.51,120,13.16,140,12.96,160,12.94,180,12.85,200e,12.83,215e,9.66,230e,6.5
10/28/2021 8:00,1455.29,5,13.87,10,13.85,20,13.89,30,13.88,40,13.87,60,13.88,80,13.76,100,13.48,120,13.12,140,12.96,160,12.93,180,12.87,200e,12.86,215e,9.68,230e,6.5
10/28/2021 9:00,1455.33,5,13.89,10,13.85,20,13.88,30,13.88,40,13.88,60,13.88,80,13.75,100,13.44,120,13.03,140,12.96,160,12.93,180,12.87,200e,12.86,215e,9.68,230e,6.5
10/28/2021 10:00,1455.4,5,13.89,10,13.86,20,13.89,30,13.87,40,13.87,60,13.86,80,13.71,100,13.42,120,13.02,140,12.94,160,12.9,180,12.85,200e,12.84,215e,9.67,230e,6.5
10/28/2021 11:00,1455.45,5,13.9,10,13.86,20,13.89,30,13.88,40,13.87,60,13.88,80,13.72,100,13.26,120,13.01,140,12.94,160,12.9,180,12.8,200e,12.78,215e,9.64,230e,6.5
10/28/2021 12:00,1455.51,5,13.93,10,13.87,20,13.9,30,13.88,40,13.88,60,13.88,80,13.72,100,13.18,120,12.97,140,12.91,160,12.9,180,12.83,200e,12.81,215e,9.66,230e,6.5
10/28/2021 13:00,1455.57,5,13.99,10,13.9,20,13.91,30,13.89,40,13.88,60,13.88,80,13.73,100,13.17,120,12.97,140,12.92,160,12.9,180,12.83,200e,12.81,215e,9.66,230e,6.5
10/28/2021 14:00,1455.63,5,14.09,10,13.94,20,13.92,30,13.9,40,13.88,60,13.89,80,13.66,100,13.15,120,12.95,140,12.92,160,12.85,180,12.8,200e,12.79,215e,9.64,230e,6.5
10/28/2021 15:00,1455.68,5,14.1,10,13.95,20,13.94,30,13.91,40,13.89,60,13.88,80,13.66,100,13.12,120,12.94,140,12.9,160,12.85,180,12.74,200e,12.71,215e,9.61,230e,6.5
10/28/2021 16:00,1455.74,5,14.04,10,13.92,20,13.94,30,13.9,40,13.88,60,13.87,80,13.65,100,13.12,120,12.94,140,12.88,160,12.83,180,12.73,200e,12.71,215e,9.6,230e,6.5
10/28/2021 17:00,1455.8,5,14.06,10,13.98,20,13.93,30,13.88,40,13.88,60,13.85,80,13.6,100,13.05,120,12.92,140,12.86,160,12.79,180,12.76,200e,12.75,215e,9.63,230e,6.5
10/28/2021 18:00,1455.86,5,14.09,10,13.91,20,13.9,30,13.89,40,13.88,60,13.88,80,13.54,100,13.02,120,12.89,140,12.86,160,12.78,180,12.72,200e,12.71,215e,9.6,230e,6.5
10/28/2021 19:00,1455.92,5,14.03,10,13.9,20,13.91,30,13.89,40,13.87,60,13.84,80,13.36,100,13.01,120,12.89,140,12.85,160,12.79,180,12.7,200e,12.68,215e,9.59,230e,6.5
10/28/2021 20:00,1455.98,5,14.02,10,13.95,20,13.93,30,13.89,40,13.88,60,13.85,80,13.36,100,12.98,120,12.88,140,12.83,160,12.79,180,12.68,200e,12.65,215e,9.58,230e,6.5
10/28/2021 21:00,1456.03,5,14.03,10,13.98,20,13.93,30,13.89,40,13.88,60,13.86,80,13.3,100,12.97,120,12.87,140,12.81,160,12.78,180,12.72,200e,12.71,215e,9.6,230e,6.5
10/28/2021 22:00,1456.08,5,14.03,10,13.99,20,13.92,30,13.89,40,13.88,60,13.79,80,13.2,100,12.96,120,12.9,140,12.81,160,12.77,180,12.65,200e,12.62,215e,9.56,230e,6.5
10/28/2021 23:00,1456.13,5,14.01,10,13.94,20,13.92,30,13.89,40,13.88,60,13.7,80,13.17,100,12.95,120,12.89,140,12.81,160,12.74,180,12.67,200e,12.65,215e,9.58,230e,6.5
10/29/2021 0:00,1456.17,5,14,10,13.9,20,13.91,30,13.88,40,13.87,60,13.67,80,13.17,100,12.96,120,12.87,140,12.8,160,12.73,180,12.64,200e,12.62,215e,9.56,230e,6.5
10/29/2021 1:00,1456.23,5,13.98,10,13.89,20,13.9,30,13.88,40,13.86,60,13.65,80,13.19,100,12.96,120,12.86,140,12.76,160,12.74,180,12.66,200e,12.64,215e,9.57,230e,6.5
10/29/2021 2:00,1456.28,5,13.97,10,13.92,20,13.9,30,13.88,40,13.86,60,13.56,80,13.24,100,12.97,120,12.85,140,12.76,160,12.72,180,12.64,200e,12.62,215e,9.56,230e,6.5
10/29/2021 3:00,1456.33,5,13.96,10,13.92,20,13.9,30,13.88,40,13.87,60,13.56,80,13.27,100,12.95,120,12.86,140,12.77,160,12.72,180,12.67,200e,12.66,215e,9.58,230e,6.5
10/29/2021 4:00,1456.37,5,13.95,10,13.92,20,13.9,30,13.88,40,13.85,60,13.54,80,13.24,100,13.01,120,12.85,140,12.78,160,12.71,180,12.68,200e,12.67,215e,9.59,230e,6.5
10/29/2021 5:00,1456.42,5,13.93,10,13.9,20,13.89,30,13.87,40,13.82,60,13.47,80,13.22,100,13.02,120,12.84,140,12.78,160,12.71,180,12.68,200e,12.67,215e,9.59,230e,6.5
10/29/2021 6:00,1456.49,5,13.89,10,13.87,20,13.89,30,13.87,40,13.76,60,13.42,80,13.15,100,13.01,120,12.84,140,12.78,160,12.71,180,12.66,200e,12.65,215e,9.57,230e,6.5
10/29/2021 7:00,1456.55,5,13.87,10,13.85,20,13.88,30,13.84,40,13.65,60,13.38,80,13.16,100,13,120,12.85,140,12.78,160,12.72,180,12.65,200e,12.63,215e,9.57,230e,6.5
10/29/2021 8:00,1456.62,5,13.87,10,13.84,20,13.88,30,13.8,40,13.53,60,13.32,80,13.14,100,12.99,120,12.85,140,12.77,160,12.69,180,12.66,200e,12.65,215e,9.58,230e,6.5
10/29/2021 9:00,1456.67,5,13.82,10,13.83,20,13.87,30,13.72,40,13.48,60,13.28,80,13.13,100,12.99,120,12.86,140,12.77,160,12.68,180,12.66,200e,12.66,215e,9.58,230e,6.5
10/29/2021 10:00,1456.74,5,13.86,10,13.84,20,13.86,30,13.58,40,13.46,60,13.3,80,13.12,100,12.99,120,12.88,140,12.76,160,12.69,180,12.64,200e,12.63,215e,9.56,230e,6.5
10/29/2021 11:00,1456.81,5,13.85,10,13.84,20,13.85,30,13.56,40,13.45,60,13.28,80,13.16,100,13.02,120,12.86,140,12.78,160,12.72,180,12.64,200e,12.62,215e,9.56,230e,6.5
10/29/2021 12:00,1456.89,5,13.88,10,13.86,20,13.66,30,13.56,40,13.41,60,13.26,80,13.12,100,13.04,120,12.88,140,12.78,160,12.7,180,12.64,200e,12.63,215e,9.56,230e,6.5
10/29/2021 13:00,1456.97,5,13.91,10,13.85,20,13.62,30,13.51,40,13.4,60,13.26,80,13.16,100,13.06,120,12.89,140,12.79,160,12.71,180,12.67,200e,12.66,215e,9.58,230e,6.5
10/29/2021 14:00,1457.05,5,13.96,10,13.97,20,13.64,30,13.47,40,13.4,60,13.25,80,13.16,100,13.07,120,12.89,140,12.8,160,12.71,180,12.68,200e,12.67,215e,9.59,230e,6.5
10/29/2021 15:00,1457.14,5,13.94,10,13.87,20,13.62,30,13.47,40,13.4,60,13.22,80,13.16,100,13.08,120,12.9,140,12.82,160,12.72,180,12.68,200e,12.67,215e,9.59,230e,6.5
10/29/2021 16:00,1457.22,5,13.9,10,13.88,20,13.59,30,13.44,40,13.38,60,13.25,80,13.19,100,13.08,120,12.92,140,12.83,160,12.72,180,12.62,200e,12.6,215e,9.55,230e,6.5
10/29/2021 17:00,1457.29,5,13.89,10,13.84,20,13.52,30,13.45,40,13.38,60,13.27,80,13.19,100,13.13,120,12.94,140,12.8,160,12.72,180,12.62,200e,12.6,215e,9.55,230e,6.5
10/29/2021 18:00,1457.37,5,13.8,10,13.75,20,13.52,30,13.43,40,13.38,60,13.27,80,13.22,100,13.13,120,12.96,140,12.81,160,12.72,180,12.6,200e,12.57,215e,9.54,230e,6.5
10/29/2021 19:00,1457.45,5,13.74,10,13.61,20,13.48,30,13.43,40,13.38,60,13.28,80,13.23,100,13.15,120,12.97,140,12.81,160,12.69,180,12.62,200e,12.6,215e,9.55,230e,6.5
10/29/2021 20:00,1457.51,5,13.7,10,13.54,20,13.46,30,13.41,40,13.36,60,13.29,80,13.25,100,13.17,120,12.99,140,12.82,160,12.68,180,12.61,200e,12.59,215e,9.55,230e,6.5
10/29/2021 21:00,1457.59,5,13.6,10,13.54,20,13.47,30,13.39,40,13.38,60,13.31,80,13.26,100,13.12,120,13.01,140,12.83,160,12.73,180,12.62,200e,12.59,215e,9.55,230e,6.5
10/29/2021 22:00,1457.66,5,13.52,10,13.51,20,13.47,30,13.43,40,13.4,60,13.3,80,13.28,100,13.12,120,13.04,140,12.83,160,12.69,180,12.62,200e,12.6,215e,9.55,230e,6.5
10/29/2021 23:00,1457.73,5,13.48,10,13.46,20,13.48,30,13.44,40,13.41,60,13.36,80,13.32,100,13.13,120,13.04,140,12.86,160,12.69,180,12.62,200e,12.6,215e,9.55,230e,6.5
10/30/2021 0:00,1457.8,5,13.47,10,13.46,20,13.5,30,13.49,40,13.42,60,13.35,80,13.35,100,13.19,120,13.13,140,12.89,160,12.77,180,12.62,200e,12.58,215e,9.54,230e,6.5
10/30/2021 1:00,1457.85,5,13.5,10,13.48,20,13.53,30,13.51,40,13.48,60,13.38,80,13.35,100,13.29,120,13.16,140,12.97,160,12.81,180,12.65,200e,12.61,215e,9.56,230e,6.5
10/30/2021 2:00,1457.91,5,13.46,10,13.45,20,13.48,30,13.47,40,13.44,60,13.42,80,13.4,100,13.32,120,13.23,140,13.07,160,12.83,180,12.62,200e,12.57,215e,9.53,230e,6.5
10/30/2021 3:00,1457.96,5,13.44,10,13.44,20,13.48,30,13.48,40,13.48,60,13.43,80,13.44,100,13.43,120,13.3,140,13.17,160,12.91,180,12.77,200e,12.74,215e,9.62,230e,6.5
10/30/2021 4:00,1458.01,5,13.43,10,13.44,20,13.48,30,13.48,40,13.49,60,13.46,80,13.47,100,13.46,120,13.38,140,13.25,160,13.02,180,12.72,200e,12.65,215e,9.57,230e,6.5
10/30/2021 5:00,1458.05,5,13.43,10,13.44,20,13.49,30,13.47,40,13.47,60,13.45,80,13.46,100,13.44,120,13.35,140,13.27,160,13.09,180,12.66,200e,12.55,215e,9.53,230e,6.5
10/30/2021 6:00,1458.1,5,13.42,10,13.43,20,13.47,30,13.46,40,13.45,60,13.44,80,13.47,100,13.45,120,13.42,140,13.35,160,13.14,180,12.66,200e,12.54,215e,9.52,230e,6.5
10/30/2021 7:00,1458.16,5,13.4,10,13.41,20,13.47,30,13.46,40,13.46,60,13.44,80,13.45,100,13.44,120,13.43,140,13.37,160,13.24,180,12.69,200e,12.55,215e,9.53,230e,6.5
10/30/2021 8:00,1458.2,5,13.44,10,13.42,20,13.46,30,13.44,40,13.44,60,13.43,80,13.44,100,13.42,120,13.41,140,13.39,160,13.27,180,12.71,200e,12.57,215e,9.54,230e,6.5
10/30/2021 9:00,1458.25,5,13.44,10,13.42,20,13.46,30,13.44,40,13.44,60,13.41,80,13.43,100,13.41,120,13.4,140,13.38,160,13.29,180,12.79,200e,12.67,215e,9.58,230e,6.5
10/30/2021 10:00,1458.29,5,13.44,10,13.4,20,13.44,30,13.43,40,13.43,60,13.41,80,13.43,100,13.42,120,13.41,140,13.37,160,13.31,180,12.76,200e,12.62,215e,9.56,230e,6.5
10/30/2021 11:00,1458.33,5,13.46,10,13.42,20,13.44,30,13.43,40,13.43,60,13.41,80,13.43,100,13.4,120,13.4,140,13.37,160,13.34,180,12.72,200e,12.57,215e,9.53,230e,6.5
10/30/2021 12:00,1458.37,5,13.48,10,13.45,20,13.47,30,13.46,40,13.43,60,13.42,80,13.44,100,13.42,120,13.42,140,13.4,160,13.21,180,12.78,200e,12.67,215e,9.59,230e,6.5
10/30/2021 13:00,1458.4,5,13.52,10,13.46,20,13.48,30,13.46,40,13.45,60,13.43,80,13.44,100,13.43,120,13.42,140,13.41,160,13.28,180,12.66,200e,12.51,215e,9.5,230e,6.5
10/30/2021 14:00,1458.42,5,13.51,10,13.47,20,13.49,30,13.47,40,13.44,60,13.42,80,13.44,100,13.43,120,13.43,140,13.38,160,13.28,180,12.66,200e,12.51,215e,9.5,230e,6.5
10/30/2021 15:00,1458.46,5,13.44,10,13.43,20,13.48,30,13.46,40,13.46,60,13.43,80,13.45,100,13.43,120,13.42,140,13.39,160,13.33,180,12.71,200e,12.56,215e,9.53,230e,6.5
10/30/2021 16:00,1458.51,5,13.4,10,13.39,20,13.44,30,13.43,40,13.43,60,13.43,80,13.44,100,13.42,120,13.42,140,13.41,160,13.32,180,12.62,200e,12.45,215e,9.47,230e,6.5
10/30/2021 17:00,1458.54,5,13.35,10,13.36,20,13.42,30,13.42,40,13.44,60,13.43,80,13.45,100,13.44,120,13.44,140,13.42,160,13.3,180,12.63,200e,12.46,215e,9.48,230e,6.5
10/30/2021 18:00,1458.58,5,13.39,10,13.39,20,13.43,30,13.43,40,13.43,60,13.42,80,13.44,100,13.43,120,13.43,140,13.41,160,13.25,180,12.63,200e,12.48,215e,9.49,230e,6.5
10/30/2021 19:00,1458.62,5,13.44,10,13.4,20,13.44,30,13.43,40,13.42,60,13.4,80,13.43,100,13.42,120,13.42,140,13.38,160,12.86,180,12.6,200e,12.54,215e,9.52,230e,6.5
10/30/2021 20:00,1458.64,5,13.36,10,13.38,20,13.42,30,13.41,40,13.41,60,13.4,80,13.42,100,13.4,120,13.42,140,13.38,160,12.61,180,12.56,200e,12.55,215e,9.52,230e,6.5
10/30/2021 21:00,1458.68,5,13.36,10,13.37,20,13.42,30,13.41,40,13.41,60,13.39,80,13.42,100,13.4,120,13.4,140,13.38,160,12.6,180,12.58,200e,12.58,215e,9.54,230e,6.5
10/30/2021 22:00,1458.71,5,13.37,10,13.36,20,13.4,30,13.4,40,13.4,60,13.39,80,13.4,100,13.39,120,13.4,140,13.35,160,12.6,180,12.57,200e,12.56,215e,9.53,230e,6.5
10/30/2021 23:00,1458.73,5,13.36,10,13.36,20,13.4,30,13.39,40,13.39,60,13.38,80,13.4,100,13.38,120,13.38,140,13.26,160,12.74,180,12.61,200e,12.58,215e,9.54,230e,6.5
10/31/2021 0:00,1458.75,5,13.34,10,13.33,20,13.39,30,13.39,40,13.38,60,13.36,80,13.38,100,13.35,120,13.34,140,13.29,160,12.98,180,12.6,200e,12.51,215e,9.5,230e,6.5
10/31/2021 1:00,1458.78,5,13.34,10,13.33,20,13.38,30,13.37,40,13.37,60,13.36,80,13.37,100,13.36,120,13.35,140,13.29,160,13.03,180,12.58,200e,12.47,215e,9.48,230e,6.5
10/31/2021 2:00,1458.8,5,13.3,10,13.31,20,13.37,30,13.36,40,13.36,60,13.35,80,13.36,100,13.35,120,13.35,140,13.3,160,13.13,180,12.58,200e,12.44,215e,9.47,230e,6.5
10/31/2021 3:00,1458.82,5,13.31,10,13.31,20,13.36,30,13.35,40,13.35,60,13.33,80,13.35,100,13.34,120,13.31,140,13.26,160,12.95,180,12.57,200e,12.48,215e,9.49,230e,6.5
10/31/2021 4:00,1458.85,5,13.31,10,13.31,20,13.35,30,13.33,40,13.33,60,13.33,80,13.35,100,13.33,120,13.33,140,13.25,160,12.82,180,12.55,200e,12.48,215e,9.49,230e,6.5
10/31/2021 5:00,1458.87,5,13.29,10,13.28,20,13.33,30,13.33,40,13.32,60,13.31,80,13.33,100,13.31,120,13.3,140,13.25,160,12.58,180,12.51,200e,12.49,215e,9.5,230e,6.5
10/31/2021 6:00,1458.91,5,13.31,10,13.29,20,13.33,30,13.32,40,13.32,60,13.28,80,13.32,100,13.3,120,13.29,140,13.12,160,12.55,180,12.5,200e,12.49,215e,9.49,230e,6.5
10/31/2021 7:00,1458.93,5,13.27,10,13.26,20,13.31,30,13.3,40,13.3,60,13.29,80,13.31,100,13.3,120,13.28,140,13.1,160,12.55,180,12.48,200e,12.46,215e,9.48,230e,6.5
10/31/2021 8:00,1458.95,5,13.26,10,13.27,20,13.31,30,13.3,40,13.3,60,13.28,80,13.29,100,13.26,120,13.26,140,13.1,160,12.54,180,12.49,200e,12.48,215e,9.49,230e,6.5
10/31/2021 9:00,1458.96,5,13.27,10,13.25,20,13.29,30,13.28,40,13.27,60,13.26,80,13.29,100,13.28,120,13.25,140,13.02,160,12.55,180,12.5,200e,12.49,215e,9.49,230e,6.5
10/31/2021 10:00,1458.98,5,13.3,10,13.27,20,13.3,30,13.29,40,13.29,60,13.27,80,13.29,100,13.26,120,13.23,140,12.88,160,12.53,180,12.51,200e,12.51,215e,9.5,230e,6.5
10/31/2021 11:00,1458.99,5,13.29,10,13.27,20,13.31,30,13.3,40,13.29,60,13.27,80,13.29,100,13.26,120,13.22,140,12.84,160,12.54,180,12.51,200e,12.5,215e,9.5,230e,6.5
10/31/2021 12:00,1459.01,5,13.35,10,13.3,20,13.32,30,13.3,40,13.29,60,13.27,80,13.29,100,13.25,120,13.19,140,12.77,160,12.53,180,12.5,200e,12.49,215e,9.5,230e,6.5
10/31/2021 13:00,1459.02,5,13.41,10,13.38,20,13.33,30,13.31,40,13.3,60,13.28,80,13.28,100,13.22,120,13.13,140,12.74,160,12.53,180,12.48,200e,12.47,215e,9.48,230e,6.5
10/31/2021 14:00,1459.03,5,13.47,10,13.43,20,13.34,30,13.32,40,13.3,60,13.28,80,13.24,100,13.21,120,13.15,140,12.57,160,12.54,180,12.48,200e,12.47,215e,9.48,230e,6.5
10/31/2021 15:00,1459.05,5,13.47,10,13.36,20,13.32,30,13.3,40,13.28,60,13.27,80,13.25,100,13.23,120,13.09,140,12.58,160,12.55,180,12.46,200e,12.44,215e,9.47,230e,6.5
10/31/2021 16:00,1459.06,5,13.43,10,13.36,20,13.31,30,13.29,40,13.28,60,13.26,80,13.25,100,13.22,120,12.67,140,12.57,160,12.55,180,12.49,200e,12.48,215e,9.49,230e,6.5
10/31/2021 17:00,1459.08,5,13.38,10,13.37,20,13.32,30,13.3,40,13.29,60,13.27,80,13.25,100,13.19,120,12.65,140,12.57,160,12.54,180,12.5,200e,12.49,215e,9.5,230e,6.5
10/31/2021 18:00,1459.09,5,13.33,10,13.33,20,13.31,30,13.3,40,13.29,60,13.26,80,13.25,100,12.75,120,12.61,140,12.57,160,12.51,180,12.49,200e,12.49,215e,9.49,230e,6.5
10/31/2021 19:00,1459.11,5,13.31,10,13.22,20,13.3,30,13.29,40,13.29,60,13.26,80,13.25,100,12.69,120,12.59,140,12.53,160,12.5,180,12.5,200e,12.5,215e,9.5,230e,6.5
10/31/2021 20:00,1459.12,5,13.29,10,13.27,20,13.3,30,13.29,40,13.28,60,13.26,80,13.25,100,12.63,120,12.58,140,12.5,160,12.49,180,12.5,200e,12.49,215e,9.5,230e,6.5
10/31/2021 21:00,1459.14,5,13.24,10,13.25,20,13.28,30,13.27,40,13.26,60,13.24,80,13.25,100,12.79,120,12.56,140,12.5,160,12.48,180,12.46,200e,12.46,215e,9.48,230e,6.5
10/31/2021 22:00,1459.15,5,13.19,10,13.22,20,13.27,30,13.26,40,13.26,60,13.24,80,13.23,100,13.08,120,12.55,140,12.48,160,12.46,180,12.44,200e,12.44,215e,9.47,230e,6.5
10/31/2021 23:00,1459.15,5,13.16,10,13.22,20,13.25,30,13.24,40,13.24,60,13.22,80,13.23,100,13.12,120,12.58,140,12.51,160,12.48,180,12.41,200e,12.39,215e,9.45,230e,6.5
11/1/2021 0:00,1459.16,5,13.17,10,13.19,20,13.24,30,13.23,40,13.23,60,13.21,80,13.19,100,13.13,120,12.63,140,12.52,160,12.48,180,12.42,200e,12.41,215e,9.45,230e,6.5
11/1/2021 1:00,1459.17,5,13.18,10,13.18,20,13.22,30,13.22,40,13.22,60,13.18,80,13.2,100,13.11,120,12.67,140,12.52,160,12.46,180,12.42,200e,12.41,215e,9.46,230e,6.5
11/1/2021 2:00,1459.16,5,13.18,10,13.17,20,13.21,30,13.2,40,13.2,60,13.18,80,13.2,100,13.14,120,12.63,140,12.52,160,12.47,180,12.41,200e,12.4,215e,9.45,230e,6.5
11/1/2021 3:00,1459.18,5,13.18,10,13.17,20,13.21,30,13.19,40,13.19,60,13.16,80,13.18,100,13.16,120,12.68,140,12.55,160,12.48,180,12.36,200e,12.33,215e,9.42,230e,6.5
11/1/2021 4:00,1459.19,5,13.17,10,13.16,20,13.2,30,13.18,40,13.18,60,13.16,80,13.18,100,13.13,120,12.66,140,12.53,160,12.48,180,12.3,200e,12.26,215e,9.38,230e,6.5
11/1/2021 5:00,1459.2,5,13.16,10,13.14,20,13.18,30,13.17,40,13.17,60,13.16,80,13.17,100,13.12,120,12.67,140,12.52,160,12.41,180,12.27,200e,12.24,215e,9.37,230e,6.5
11/1/2021 6:00,1459.19,5,13.14,10,13.13,20,13.18,30,13.17,40,13.16,60,13.14,80,13.16,100,13.15,120,12.79,140,12.49,160,12.35,180,12.24,200e,12.21,215e,9.36,230e,6.5
11/1/2021 7:00,1459.19,5,13.1,10,13.12,20,13.16,30,13.15,40,13.15,60,13.12,80,13.15,100,13.12,120,12.73,140,12.48,160,12.32,180,12.21,200e,12.18,215e,9.34,230e,6.5
11/1/2021 8:00,1459.2,5,13.11,10,13.12,20,13.15,30,13.14,40,13.14,60,13.13,80,13.14,100,13.12,120,12.73,140,12.45,160,12.27,180,12.13,200e,12.1,215e,9.3,230e,6.5
11/1/2021 9:00,1459.21,5,13.1,10,13.1,20,13.14,30,13.13,40,13.13,60,13.12,80,13.14,100,13.1,120,12.79,140,12.41,160,12.21,180,12.13,200e,12.11,215e,9.31,230e,6.5
11/1/2021 10:00,1459.23,5,13.12,10,13.1,20,13.14,30,13.13,40,13.13,60,13.11,80,13.1,100,13.09,120,12.71,140,12.35,160,12.14,180,12.11,200e,12.1,215e,9.3,230e,6.5
11/1/2021 11:00,1459.25,5,13.12,10,13.1,20,13.13,30,13.12,40,13.12,60,13.1,80,13.11,100,13.01,120,12.7,140,12.31,160,12.1,180,12.08,200e,12.08,215e,9.29,230e,6.5
11/1/2021 12:00,1459.25,5,13.12,10,13.1,20,13.13,30,13.12,40,13.11,60,13.11,80,13.09,100,13.01,120,12.63,140,12.27,160,12.07,180,11.99,200e,11.97,215e,9.24,230e,6.5
11/1/2021 13:00,1459.26,5,13.14,10,13.11,20,13.14,30,13.13,40,13.12,60,13.13,80,13.08,100,13.02,120,12.5,140,12.13,160,12.06,180,11.97,200e,11.95,215e,9.22,230e,6.5
11/1/2021 14:00,1459.26,5,13.14,10,13.11,20,13.15,30,13.13,40,13.13,60,13.08,80,13.06,100,13.03,120,12.48,140,12.08,160,12.02,180,11.96,200e,11.95,215e,9.22,230e,6.5
11/1/2021 15:00,1459.26,5,13.13,10,13.11,20,13.15,30,13.13,40,13.13,60,13.05,80,13.07,100,12.95,120,12.41,140,12.08,160,11.98,180,11.97,200e,11.97,215e,9.23,230e,6.5
11/1/2021 16:00,1459.27,5,13.14,10,13.11,20,13.15,30,13.13,40,13.12,60,13.06,80,13.07,100,12.93,120,12.29,140,12.05,160,11.98,180,11.91,200e,11.89,215e,9.2,230e,6.5
11/1/2021 17:00,1459.27,5,13.12,10,13.11,20,13.14,30,13.13,40,13.13,60,13.05,80,13.05,100,12.91,120,12.23,140,12.02,160,11.98,180,11.8,200e,11.76,215e,9.13,230e,6.5
11/1/2021 18:00,1459.28,5,13.13,10,13.11,20,13.14,30,13.13,40,13.12,60,13.05,80,13.04,100,12.79,120,12.2,140,12.03,160,11.99,180,11.83,200e,11.79,215e,9.15,230e,6.5
11/1/2021 19:00,1459.29,5,13.14,10,13.1,20,13.14,30,13.13,40,13.1,60,13.04,80,13.04,100,12.77,120,12.18,140,12.03,160,11.93,180,11.81,200e,11.78,215e,9.14,230e,6.5
11/1/2021 20:00,1459.3,5,13.12,10,13.09,20,13.12,30,13.11,40,13.1,60,13.02,80,13.03,100,12.69,120,12.18,140,12.03,160,11.93,180,11.82,200e,11.79,215e,9.15,230e,6.5
11/1/2021 21:00,1459.3,5,13.11,10,13.08,20,13.12,30,13.11,40,13.06,60,13.02,80,13.01,100,12.66,120,12.14,140,12.03,160,11.9,180,11.78,200e,11.75,215e,9.13,230e,6.5
11/1/2021 22:00,1459.31,5,13.11,10,13.08,20,13.11,30,13.08,40,13.05,60,13.01,80,13,100,12.65,120,12.13,140,12,160,11.91,180,11.8,200e,11.77,215e,9.14,230e,6.5
11/1/2021 23:00,1459.31,5,13.1,10,13.07,20,13.11,30,13.08,40,13.05,60,13.01,80,13.01,100,12.55,120,12.12,140,11.98,160,11.9,180,11.81,200e,11.79,215e,9.14,230e,6.5
11/2/2021 0:00,1459.32,5,13.07,10,13.06,20,13.1,30,13.07,40,13.05,60,13.03,80,12.99,100,12.52,120,12.13,140,12,160,11.91,180,11.8,200e,11.77,215e,9.14,230e,6.5
11/2/2021 1:00,1459.32,5,13.09,10,13.06,20,13.09,30,13.05,40,13.04,60,13.02,80,12.99,100,12.47,120,12.14,140,12.01,160,11.89,180,11.82,200e,11.8,215e,9.15,230e,6.5
11/2/2021 2:00,1459.33,5,13.09,10,13.06,20,13.09,30,13.07,40,13.03,60,13.01,80,13,100,12.48,120,12.13,140,12,160,11.89,180,11.81,200e,11.79,215e,9.15,230e,6.5
11/2/2021 3:00,1459.34,5,13.08,10,13.05,20,13.07,30,13.04,40,13.03,60,13.01,80,12.99,100,12.49,120,12.15,140,11.99,160,11.9,180,11.83,200e,11.81,215e,9.16,230e,6.5
11/2/2021 4:00,1459.35,5,13.05,10,13.04,20,13.07,30,13.04,40,13.03,60,13,80,12.97,100,12.49,120,12.17,140,11.96,160,11.89,180,11.84,200e,11.83,215e,9.16,230e,6.5
11/2/2021 5:00,1459.35,5,13.06,10,13.03,20,13.06,30,13.05,40,13.03,60,13,80,12.97,100,12.46,120,12.17,140,11.95,160,11.89,180,11.83,200e,11.82,215e,9.16,230e,6.5
11/2/2021 6:00,1459.36,5,13.06,10,13,20,13.05,30,13.05,40,13.02,60,12.97,80,12.96,100,12.48,120,12.18,140,11.95,160,11.88,180,11.83,200e,11.82,215e,9.16,230e,6.5
11/2/2021 7:00,1459.36,5,13.04,10,13,20,13.05,30,13.03,40,13.03,60,12.98,80,12.95,100,12.46,120,12.17,140,11.95,160,11.89,180,11.85,200e,11.84,215e,9.17,230e,6.5
11/2/2021 8:00,1459.37,5,13.03,10,13.01,20,13.04,30,13.02,40,13.02,60,12.97,80,12.93,100,12.43,120,12.16,140,11.98,160,11.9,180,11.84,200e,11.83,215e,9.16,230e,6.5
11/2/2021 9:00,1459.37,5,13.02,10,12.99,20,13.04,30,13.02,40,13.01,60,12.99,80,12.93,100,12.4,120,12.16,140,11.97,160,11.9,180,11.83,200e,11.81,215e,9.16,230e,6.5
11/2/2021 10:00,1459.37,5,13.02,10,13.01,20,13.04,30,13.02,40,13.02,60,12.98,80,12.92,100,12.37,120,12.15,140,11.98,160,11.9,180,11.86,200e,11.85,215e,9.18,230e,6.5
11/2/2021 11:00,1459.37,5,13.05,10,13.03,20,13.04,30,13.02,40,13.02,60,13,80,12.92,100,12.37,120,12.17,140,11.98,160,11.92,180,11.82,200e,11.8,215e,9.15,230e,6.5
11/2/2021 12:00,1459.37,5,13.05,10,13.04,20,13.05,30,13.02,40,13.01,60,13,80,12.91,100,12.36,120,12.15,140,11.98,160,11.92,180,11.81,200e,11.78,215e,9.14,230e,6.5
11/2/2021 13:00,1459.37,5,13.08,10,13.05,20,13.04,30,13.02,40,13.01,60,12.98,80,12.78,100,12.35,120,12.15,140,11.99,160,11.87,180,11.81,200e,11.8,215e,9.15,230e,6.5
11/2/2021 14:00,1459.37,5,13.08,10,13.04,20,13.05,30,13.02,40,13.02,60,12.98,80,12.72,100,12.33,120,12.14,140,11.99,160,11.87,180,11.79,200e,11.77,215e,9.14,230e,6.5
11/2/2021 15:00,1459.38,5,13.07,10,13.04,20,13.05,30,13.03,40,13.02,60,12.97,80,12.69,100,12.3,120,12.15,140,11.99,160,11.85,180,11.74,200e,11.71,215e,9.11,230e,6.5
11/2/2021 16:00,1459.38,5,13.07,10,13.03,20,13.07,30,13.03,40,13.01,60,12.96,80,12.62,100,12.33,120,12.15,140,12,160,11.85,180,11.81,200e,11.8,215e,9.15,230e,6.5
11/2/2021 17:00,1459.39,5,13.05,10,13.03,20,13.07,30,13.02,40,13.01,60,12.98,80,12.56,100,12.28,120,12.12,140,12.02,160,11.85,180,11.83,200e,11.83,215e,9.16,230e,6.5
11/2/2021 18:00,1459.38,5,13.04,10,13.02,20,13.06,30,13.02,40,13.01,60,12.98,80,12.56,100,12.29,120,12.11,140,11.94,160,11.84,180,11.82,200e,11.82,215e,9.16,230e,6.5
11/2/2021 19:00,1459.37,5,13.04,10,13.01,20,13.04,30,13.01,40,13,60,12.96,80,12.52,100,12.29,120,12.11,140,11.94,160,11.84,180,11.82,200e,11.82,215e,9.16,230e,6.5
11/2/2021 20:00,1459.37,5,13.03,10,13.01,20,13.04,30,13.02,40,13.01,60,12.96,80,12.5,100,12.28,120,12.13,140,11.95,160,11.85,180,11.8,200e,11.79,215e,9.14,230e,6.5
11/2/2021 21:00,1459.36,5,13.04,10,13,20,13.04,30,13.02,40,13,60,12.96,80,12.53,100,12.28,120,12.11,140,11.96,160,11.85,180,11.8,200e,11.79,215e,9.14,230e,6.5
11/2/2021 22:00,1459.36,5,13.01,10,12.99,20,13.03,30,13.02,40,13.01,60,12.96,80,12.56,100,12.3,120,12.12,140,11.91,160,11.85,180,11.81,200e,11.8,215e,9.15,230e,6.5
11/2/2021 23:00,1459.36,5,12.99,10,12.97,20,13.02,30,13.01,40,13,60,12.96,80,12.54,100,12.33,120,12.12,140,11.88,160,11.84,180,11.8,200e,11.79,215e,9.15,230e,6.5
11/3/2021 0:00,1459.37,5,13,10,12.98,20,13.02,30,13.01,40,13.01,60,12.96,80,12.58,100,12.35,120,12.12,140,11.88,160,11.84,180,11.81,200e,11.8,215e,9.15,230e,6.5
11/3/2021 1:00,1459.37,5,13,10,12.97,20,13.02,30,13.01,40,13.01,60,12.96,80,12.6,100,12.35,120,12.12,140,11.88,160,11.82,180,11.8,200e,11.8,215e,9.15,230e,6.5
11/3/2021 2:00,1459.36,5,12.99,10,12.97,20,13.01,30,13,40,13,60,12.96,80,12.71,100,12.39,120,12.17,140,11.87,160,11.81,180,11.8,200e,11.8,215e,9.15,230e,6.5
11/3/2021 3:00,1459.34,5,12.99,10,12.97,20,13.01,30,13,40,13,60,12.96,80,12.74,100,12.41,120,12.18,140,11.88,160,11.81,180,11.8,200e,11.8,215e,9.15,230e,6.5
11/3/2021 4:00,1459.33,5,12.99,10,12.97,20,13,30,12.99,40,12.99,60,12.97,80,12.78,100,12.41,120,12.17,140,11.88,160,11.8,180,11.79,200e,11.79,215e,9.14,230e,6.5
11/3/2021 5:00,1459.32,5,12.96,10,12.95,20,13,30,12.98,40,12.98,60,12.96,80,12.83,100,12.43,120,12.14,140,11.85,160,11.79,180,11.78,200e,11.78,215e,9.14,230e,6.5
11/3/2021 6:00,1459.33,5,12.96,10,12.95,20,12.99,30,12.98,40,12.98,60,12.95,80,12.84,100,12.4,120,12.1,140,11.82,160,11.78,180,11.75,200e,11.74,215e,9.12,230e,6.5
11/3/2021 7:00,1459.32,5,12.95,10,12.94,20,12.98,30,12.97,40,12.96,60,12.95,80,12.83,100,12.4,120,12.11,140,11.82,160,11.78,180,11.74,200e,11.73,215e,9.12,230e,6.5
11/3/2021 8:00,1459.31,5,12.95,10,12.93,20,12.97,30,12.96,40,12.96,60,12.95,80,12.84,100,12.38,120,12.08,140,11.82,160,11.76,180,11.73,200e,11.72,215e,9.11,230e,6.5
11/3/2021 9:00,1459.31,5,12.95,10,12.93,20,12.96,30,12.95,40,12.96,60,12.94,80,12.87,100,12.4,120,12.07,140,11.81,160,11.75,180,11.71,200e,11.7,215e,9.1,230e,6.5
11/3/2021 10:00,1459.32,5,12.97,10,12.94,20,12.97,30,12.96,40,12.96,60,12.95,80,12.83,100,12.42,120,12.08,140,11.81,160,11.75,180,11.72,200e,11.71,215e,9.11,230e,6.5
11/3/2021 11:00,1459.31,5,13.02,10,12.97,20,12.97,30,12.96,40,12.96,60,12.95,80,12.9,100,12.42,120,12.09,140,11.82,160,11.74,180,11.72,200e,11.72,215e,9.11,230e,6.5
11/3/2021 12:00,1459.3,5,13.08,10,13.02,20,12.99,30,12.96,40,12.96,60,12.96,80,12.95,100,12.43,120,12.11,140,11.82,160,11.75,180,11.71,200e,11.7,215e,9.1,230e,6.5
11/3/2021 13:00,1459.29,5,13.14,10,13.06,20,13,30,12.96,40,12.96,60,12.96,80,12.95,100,12.43,120,12.1,140,11.81,160,11.74,180,11.69,200e,11.68,215e,9.09,230e,6.5
11/3/2021 14:00,1459.27,5,13.14,10,13.06,20,13.01,30,12.97,40,12.97,60,12.96,80,12.92,100,12.44,120,12.06,140,11.8,160,11.73,180,11.71,200e,11.71,215e,9.1,230e,6.5
11/3/2021 15:00,1459.25,5,13.14,10,13.07,20,13.01,30,12.97,40,12.96,60,12.96,80,12.91,100,12.4,120,11.99,140,11.79,160,11.72,180,11.71,200e,11.71,215e,9.1,230e,6.5
11/3/2021 16:00,1459.25,5,13.1,10,13.07,20,13.02,30,12.97,40,12.96,60,12.97,80,12.9,100,12.37,120,11.89,140,11.79,160,11.72,180,11.67,200e,11.66,215e,9.08,230e,6.5
11/3/2021 17:00,1459.26,5,13.12,10,13.08,20,13.05,30,12.97,40,12.96,60,12.95,80,12.89,100,12.31,120,11.87,140,11.76,160,11.72,180,11.68,200e,11.67,215e,9.09,230e,6.5
11/3/2021 18:00,1459.25,5,13.11,10,13.06,20,13.08,30,13.04,40,12.96,60,12.96,80,12.86,100,12.3,120,11.86,140,11.77,160,11.73,180,11.69,200e,11.68,215e,9.09,230e,6.5
11/3/2021 19:00,1459.23,5,13.11,10,13.05,20,13.08,30,12.98,40,12.96,60,12.94,80,12.73,100,12.31,120,11.84,140,11.76,160,11.71,180,11.63,200e,11.61,215e,9.06,230e,6.5
11/3/2021 20:00,1459.23,5,13.09,10,13.05,20,13.06,30,12.99,40,12.97,60,12.95,80,12.6,100,12.3,120,11.86,140,11.75,160,11.7,180,11.56,200e,11.53,215e,9.01,230e,6.5
11/3/2021 21:00,1459.23,5,13.09,10,13.06,20,13.07,30,13.02,40,13,60,12.95,80,12.55,100,12.26,120,11.84,140,11.75,160,11.7,180,11.65,200e,11.64,215e,9.07,230e,6.5
11/3/2021 22:00,1459.2,5,13.09,10,13.06,20,13.06,30,13.03,40,13.01,60,12.94,80,12.56,100,12.23,120,11.83,140,11.75,160,11.68,180,11.66,200e,11.66,215e,9.08,230e,6.5
11/3/2021 23:00,1459.17,5,13.08,10,13.05,20,13.07,30,13.04,40,13.01,60,12.97,80,12.54,100,12.24,120,11.84,140,11.75,160,11.68,180,11.61,200e,11.59,215e,9.05,230e,6.5
11/4/2021 0:00,1459.19,5,13.07,10,13.04,20,13.04,30,13,40,12.99,60,12.96,80,12.6,100,12.28,120,11.83,140,11.77,160,11.69,180,11.65,200e,11.64,215e,9.07,230e,6.5
11/4/2021 1:00,1459.24,5,13.07,10,13.04,20,13.03,30,13,40,12.99,60,12.97,80,12.56,100,12.28,120,11.83,140,11.76,160,11.69,180,11.66,200e,11.65,215e,9.08,230e,6.5
11/4/2021 2:00,1459.23,5,13.06,10,13.02,20,13.05,30,13,40,12.97,60,12.93,80,12.54,100,12.3,120,11.82,140,11.76,160,11.7,180,11.67,200e,11.66,215e,9.08,230e,6.5
11/4/2021 3:00,1459.23,5,13.05,10,13.03,20,13.06,30,13,40,12.97,60,12.92,80,12.51,100,12.22,120,11.82,140,11.75,160,11.7,180,11.64,200e,11.63,215e,9.06,230e,6.5
11/4/2021 4:00,1459.21,5,13.05,10,13.02,20,13.06,30,12.99,40,12.98,60,12.94,80,12.47,100,12.21,120,11.82,140,11.75,160,11.71,180,11.65,200e,11.64,215e,9.07,230e,6.5
11/4/2021 5:00,1459.21,5,13.05,10,13.01,20,13.05,30,12.99,40,12.96,60,12.93,80,12.46,100,12.13,120,11.83,140,11.75,160,11.7,180,11.66,200e,11.65,215e,9.08,230e,6.5
11/4/2021 6:00,1459.19,5,13.04,10,13.01,20,13.04,30,12.96,40,12.96,60,12.86,80,12.44,100,12.11,120,11.83,140,11.73,160,11.69,180,11.66,200e,11.65,215e,9.08,230e,6.5
11/4/2021 7:00,1459.21,5,13.02,10,13,20,13.03,30,12.97,40,12.95,60,12.89,80,12.42,100,12.1,120,11.84,140,11.72,160,11.67,180,11.66,200e,11.66,215e,9.08,230e,6.5
11/4/2021 8:00,1459.21,5,13.02,10,13,20,13.02,30,12.96,40,12.95,60,12.9,80,12.39,100,12.11,120,11.85,140,11.73,160,11.68,180,11.65,200e,11.64,215e,9.07,230e,6.5
11/4/2021 9:00,1459.2,5,13.03,10,13,20,13.02,30,12.97,40,12.95,60,12.86,80,12.36,100,12.11,120,11.85,140,11.73,160,11.68,180,11.64,200e,11.63,215e,9.07,230e,6.5
11/4/2021 10:00,1459.24,5,13.03,10,13,20,13.03,30,12.96,40,12.96,60,12.86,80,12.35,100,12.12,120,11.86,140,11.73,160,11.68,180,11.64,200e,11.63,215e,9.07,230e,6.5
11/4/2021 11:00,1459.26,5,13.02,10,12.97,20,13.02,30,12.96,40,12.95,60,12.79,80,12.36,100,12.14,120,11.86,140,11.73,160,11.68,180,11.65,200e,11.64,215e,9.07,230e,6.5
11/4/2021 12:00,1459.26,5,13.01,10,12.99,20,13.02,30,12.98,40,12.95,60,12.74,80,12.37,100,12.14,120,11.86,140,11.75,160,11.68,180,11.65,200e,11.64,215e,9.07,230e,6.5
11/4/2021 13:00,1459.28,5,13,10,13,20,13.02,30,12.97,40,12.96,60,12.7,80,12.36,100,12.14,120,11.85,140,11.77,160,11.69,180,11.65,200e,11.64,215e,9.07,230e,6.5
11/4/2021 14:00,1459.28,5,13,10,12.99,20,13.02,30,12.96,40,12.95,60,12.64,80,12.37,100,12.15,120,11.86,140,11.76,160,11.7,180,11.65,200e,11.64,215e,9.07,230e,6.5
11/4/2021 15:00,1459.3,5,13.02,10,12.99,20,13.02,30,12.95,40,12.94,60,12.58,80,12.37,100,12.14,120,11.86,140,11.76,160,11.7,180,11.64,200e,11.63,215e,9.06,230e,6.5
11/4/2021 16:00,1459.35,5,13.01,10,12.99,20,13.01,30,12.96,40,12.93,60,12.54,80,12.32,100,12.16,120,11.86,140,11.79,160,11.7,180,11.65,200e,11.64,215e,9.07,230e,6.5
11/4/2021 17:00,1459.4,5,13,10,12.98,20,13,30,12.95,40,12.91,60,12.42,80,12.31,100,12.14,120,11.86,140,11.78,160,11.7,180,11.66,200e,11.65,215e,9.08,230e,6.5
11/4/2021 18:00,1459.45,5,12.97,10,12.96,20,12.99,30,12.95,40,12.86,60,12.44,80,12.31,100,12.15,120,11.88,140,11.77,160,11.71,180,11.67,200e,11.66,215e,9.08,230e,6.5
11/4/2021 19:00,1459.48,5,12.98,10,12.96,20,12.98,30,12.92,40,12.78,60,12.42,80,12.26,100,12.05,120,11.87,140,11.78,160,11.71,180,11.67,200e,11.66,215e,9.08,230e,6.5
11/4/2021 20:00,1459.53,5,12.94,10,12.93,20,12.97,30,12.87,40,12.67,60,12.38,80,12.25,100,12.04,120,11.89,140,11.79,160,11.71,180,11.67,200e,11.66,215e,9.08,230e,6.5
11/4/2021 21:00,1459.58,5,12.94,10,12.93,20,12.96,30,12.87,40,12.57,60,12.39,80,12.29,100,12.08,120,11.89,140,11.8,160,11.72,180,11.66,200e,11.65,215e,9.07,230e,6.5
11/4/2021 22:00,1459.61,5,12.93,10,12.92,20,12.95,30,12.8,40,12.52,60,12.37,80,12.25,100,12.1,120,11.92,140,11.81,160,11.73,180,11.66,200e,11.64,215e,9.07,230e,6.5
11/4/2021 23:00,1459.65,5,12.94,10,12.9,20,12.94,30,12.72,40,12.53,60,12.38,80,12.28,100,12.12,120,11.97,140,11.82,160,11.75,180,11.66,200e,11.64,215e,9.07,230e,6.5
11/5/2021 0:00,1459.65,5,12.92,10,12.89,20,12.85,30,12.7,40,12.53,60,12.38,80,12.28,100,12.16,120,11.99,140,11.82,160,11.75,180,11.67,200e,11.65,215e,9.08,230e,6.5
11/5/2021 1:00,1459.67,5,12.91,10,12.88,20,12.83,30,12.63,40,12.54,60,12.41,80,12.28,100,12.17,120,11.98,140,11.86,160,11.75,180,11.67,200e,11.65,215e,9.08,230e,6.5
11/5/2021 2:00,1459.67,5,12.9,10,12.86,20,12.84,30,12.6,40,12.52,60,12.41,80,12.32,100,12.18,120,11.95,140,11.85,160,11.75,180,11.68,200e,11.66,215e,9.08,230e,6.5
11/5/2021 3:00,1459.67,5,12.89,10,12.85,20,12.86,30,12.6,40,12.52,60,12.42,80,12.32,100,12.21,120,12.01,140,11.88,160,11.75,180,11.69,200e,11.68,215e,9.09,230e,6.5
11/5/2021 4:00,1459.67,5,12.87,10,12.84,20,12.83,30,12.6,40,12.53,60,12.43,80,12.34,100,12.21,120,12.01,140,11.85,160,11.77,180,11.7,200e,11.68,215e,9.09,230e,6.5
11/5/2021 5:00,1459.73,5,12.85,10,12.81,20,12.77,30,12.6,40,12.54,60,12.44,80,12.35,100,12.23,120,12.04,140,11.86,160,11.77,180,11.69,200e,11.67,215e,9.09,230e,6.5
11/5/2021 6:00,1459.81,5,12.82,10,12.79,20,12.8,30,12.61,40,12.55,60,12.45,80,12.37,100,12.23,120,12,140,11.84,160,11.78,180,11.68,200e,11.66,215e,9.08,230e,6.5
11/5/2021 7:00,1459.88,5,12.82,10,12.78,20,12.81,30,12.64,40,12.55,60,12.46,80,12.38,100,12.22,120,11.99,140,11.86,160,11.76,180,11.68,200e,11.66,215e,9.08,230e,6.5
11/5/2021 8:00,1459.89,5,12.75,10,12.74,20,12.79,30,12.76,40,12.56,60,12.42,80,12.37,100,12.23,120,12,140,11.86,160,11.77,180,11.69,200e,11.67,215e,9.09,230e,6.5
11/5/2021 9:00,1459.9,5,12.73,10,12.74,20,12.73,30,12.58,40,12.56,60,12.46,80,12.35,100,12.22,120,11.96,140,11.85,160,11.75,180,11.69,200e,11.68,215e,9.09,230e,6.5
11/5/2021 10:00,1459.91,5,12.74,10,12.72,20,12.72,30,12.62,40,12.54,60,12.46,80,12.36,100,12.17,120,11.96,140,11.85,160,11.76,180,11.69,200e,11.67,215e,9.09,230e,6.5
11/5/2021 11:00,1459.91,5,12.73,10,12.71,20,12.69,30,12.59,40,12.55,60,12.44,80,12.35,100,12.16,120,11.95,140,11.85,160,11.75,180,11.66,200e,11.64,215e,9.07,230e,6.5
11/5/2021 12:00,1459.99,5,12.75,10,12.74,20,12.69,30,12.59,40,12.54,60,12.43,80,12.36,100,12.19,120,11.95,140,11.87,160,11.76,180,11.67,200e,11.65,215e,9.07,230e,6.5
11/5/2021 13:00,1460.06,5,12.76,10,12.75,20,12.74,30,12.61,40,12.54,60,12.45,80,12.39,100,12.22,120,11.96,140,11.86,160,11.76,180,11.68,200e,11.66,215e,9.08,230e,6.5
11/5/2021 14:00,1460.15,5,12.77,10,12.77,20,12.76,30,12.61,40,12.55,60,12.46,80,12.4,100,12.23,120,11.98,140,11.87,160,11.77,180,11.68,200e,11.66,215e,9.08,230e,6.5
11/5/2021 15:00,1460.23,5,12.73,10,12.73,20,12.76,30,12.62,40,12.54,60,12.47,80,12.41,100,12.21,120,11.99,140,11.86,160,11.76,180,11.68,200e,11.66,215e,9.08,230e,6.5
11/5/2021 16:00,1460.32,5,12.74,10,12.69,20,12.74,30,12.62,40,12.54,60,12.46,80,12.42,100,12.28,120,12.05,140,11.87,160,11.75,180,11.68,200e,11.66,215e,9.08,230e,6.5
11/5/2021 17:00,1460.4,5,12.71,10,12.68,20,12.72,30,12.65,40,12.55,60,12.49,80,12.44,100,12.3,120,12.05,140,11.86,160,11.76,180,11.68,200e,11.66,215e,9.08,230e,6.5
11/5/2021 18:00,1460.49,5,12.69,10,12.67,20,12.7,30,12.65,40,12.55,60,12.51,80,12.43,100,12.32,120,12.06,140,11.87,160,11.78,180,11.68,200e,11.66,215e,9.08,230e,6.5
11/5/2021 19:00,1460.55,5,12.66,10,12.63,20,12.68,30,12.66,40,12.55,60,12.5,80,12.44,100,12.33,120,12.09,140,11.88,160,11.79,180,11.67,200e,11.64,215e,9.07,230e,6.5
11/5/2021 20:00,1460.54,5,12.66,10,12.63,20,12.67,30,12.64,40,12.58,60,12.5,80,12.41,100,12.32,120,12.08,140,11.85,160,11.74,180,11.67,200e,11.65,215e,9.08,230e,6.5
11/5/2021 21:00,1460.54,5,12.61,10,12.61,20,12.65,30,12.64,40,12.59,60,12.52,80,12.44,100,12.34,120,12.07,140,11.84,160,11.75,180,11.66,200e,11.64,215e,9.07,230e,6.5
11/5/2021 22:00,1460.52,5,12.64,10,12.61,20,12.64,30,12.63,40,12.58,60,12.52,80,12.43,100,12.35,120,12,140,11.81,160,11.72,180,11.65,200e,11.63,215e,9.07,230e,6.5
11/5/2021 23:00,1460.54,5,12.61,10,12.6,20,12.64,30,12.63,40,12.62,60,12.55,80,12.46,100,12.24,120,11.94,140,11.8,160,11.7,180,11.64,200e,11.63,215e,9.06,230e,6.5
11/6/2021 0:00,1460.53,5,12.58,10,12.58,20,12.63,30,12.62,40,12.61,60,12.55,80,12.43,100,12.21,120,11.89,140,11.77,160,11.68,180,11.64,200e,11.63,215e,9.07,230e,6.5
11/6/2021 1:00,1460.52,5,12.62,10,12.59,20,12.63,30,12.61,40,12.61,60,12.54,80,12.45,100,12.16,120,11.86,140,11.76,160,11.69,180,11.64,200e,11.63,215e,9.06,230e,6.5
11/6/2021 2:00,1460.51,5,12.61,10,12.58,20,12.62,30,12.6,40,12.6,60,12.53,80,12.42,100,12.07,120,11.85,140,11.75,160,11.67,180,11.65,200e,11.65,215e,9.07,230e,6.5
11/6/2021 3:00,1460.6,5,12.6,10,12.57,20,12.61,30,12.59,40,12.58,60,12.53,80,12.43,100,12.06,120,11.83,140,11.74,160,11.67,180,11.65,200e,11.65,215e,9.07,230e,6.5
11/6/2021 4:00,1460.68,5,12.57,10,12.56,20,12.6,30,12.58,40,12.58,60,12.5,80,12.4,100,11.96,120,11.81,140,11.74,160,11.66,180,11.61,200e,11.6,215e,9.05,230e,6.5
11/6/2021 5:00,1460.81,5,12.56,10,12.55,20,12.59,30,12.57,40,12.57,60,12.52,80,12.39,100,11.96,120,11.82,140,11.74,160,11.65,180,11.63,200e,11.63,215e,9.06,230e,6.5
11/6/2021 6:00,1460.91,5,12.57,10,12.54,20,12.58,30,12.57,40,12.57,60,12.51,80,12.33,100,11.97,120,11.82,140,11.72,160,11.65,180,11.64,200e,11.64,215e,9.07,230e,6.5
11/6/2021 7:00,1460.99,5,12.56,10,12.52,20,12.58,30,12.56,40,12.56,60,12.51,80,12.33,100,11.94,120,11.83,140,11.74,160,11.66,180,11.64,200e,11.64,215e,9.07,230e,6.5
11/6/2021 8:00,1461.01,5,12.53,10,12.51,20,12.57,30,12.55,40,12.55,60,12.51,80,12.24,100,11.92,120,11.81,140,11.71,160,11.65,180,11.64,200e,11.64,215e,9.07,230e,6.5
11/6/2021 9:00,1461.03,5,12.52,10,12.52,20,12.56,30,12.54,40,12.52,60,12.45,80,12.14,100,11.91,120,11.81,140,11.72,160,11.66,180,11.64,200e,11.64,215e,9.07,230e,6.5
11/6/2021 10:00,1461.08,5,12.54,10,12.52,20,12.55,30,12.54,40,12.52,60,12.49,80,12.11,100,11.9,120,11.8,140,11.7,160,11.66,180,11.65,200e,11.65,215e,9.07,230e,6.5
11/6/2021 11:00,1461.12,5,12.53,10,12.51,20,12.54,30,12.53,40,12.5,60,12.45,80,12.08,100,11.88,120,11.8,140,11.7,160,11.66,180,11.64,200e,11.64,215e,9.07,230e,6.5
11/6/2021 12:00,1461.15,5,12.52,10,12.51,20,12.53,30,12.52,40,12.51,60,12.47,80,12.05,100,11.89,120,11.82,140,11.7,160,11.67,180,11.63,200e,11.62,215e,9.06,230e,6.5
11/6/2021 13:00,1461.16,5,12.55,10,12.51,20,12.54,30,12.53,40,12.52,60,12.43,80,12.03,100,11.88,120,11.78,140,11.69,160,11.67,180,11.64,200e,11.63,215e,9.07,230e,6.5
11/6/2021 14:00,1461.28,5,12.52,10,12.5,20,12.53,30,12.52,40,12.51,60,12.45,80,12.01,100,11.9,120,11.79,140,11.7,160,11.68,180,11.64,200e,11.63,215e,9.07,230e,6.5
11/6/2021 15:00,1461.39,5,12.51,10,12.51,20,12.54,30,12.51,40,12.51,60,12.44,80,12.02,100,11.91,120,11.79,140,11.72,160,11.68,180,11.64,200e,11.63,215e,9.07,230e,6.5
11/6/2021 16:00,1461.51,5,12.51,10,12.49,20,12.53,30,12.51,40,12.51,60,12.43,80,12,100,11.9,120,11.79,140,11.73,160,11.67,180,11.64,200e,11.63,215e,9.07,230e,6.5
11/6/2021 17:00,1461.65,5,12.47,10,12.48,20,12.51,30,12.51,40,12.5,60,12.32,80,11.99,100,11.89,120,11.81,140,11.74,160,11.67,180,11.64,200e,11.63,215e,9.07,230e,6.5
11/6/2021 18:00,1461.79,5,12.49,10,12.46,20,12.5,30,12.49,40,12.49,60,12.25,80,11.98,100,11.89,120,11.81,140,11.74,160,11.67,180,11.64,200e,11.63,215e,9.07,230e,6.5
11/6/2021 19:00,1461.92,5,12.47,10,12.46,20,12.5,30,12.48,40,12.47,60,12.27,80,11.98,100,11.88,120,11.8,140,11.75,160,11.68,180,11.64,200e,11.63,215e,9.07,230e,6.5
11/6/2021 20:00,1462.02,5,12.47,10,12.44,20,12.48,30,12.47,40,12.47,60,12.25,80,11.96,100,11.88,120,11.82,140,11.74,160,11.68,180,11.65,200e,11.64,215e,9.07,230e,6.5
11/6/2021 21:00,1462.06,5,12.47,10,12.44,20,12.47,30,12.46,40,12.46,60,12.23,80,11.95,100,11.87,120,11.84,140,11.74,160,11.69,180,11.65,200e,11.64,215e,9.07,230e,6.5
11/6/2021 22:00,1462.08,5,12.46,10,12.43,20,12.46,30,12.45,40,12.44,60,12.28,80,11.94,100,11.87,120,11.82,140,11.74,160,11.7,180,11.65,200e,11.64,215e,9.07,230e,6.5
11/6/2021 23:00,1462.09,5,12.44,10,12.42,20,12.45,30,12.44,40,12.42,60,12.11,80,11.91,100,11.85,120,11.81,140,11.74,160,11.7,180,11.65,200e,11.64,215e,9.07,230e,6.5
11/7/2021 0:00,1462.1,5,12.44,10,12.41,20,12.45,30,12.43,40,12.41,60,12.13,80,11.92,100,11.84,120,11.8,140,11.74,160,11.69,180,11.64,200e,11.63,215e,9.06,230e,6.5
11/7/2021 1:00,1462.12,5,12.43,10,12.4,20,12.44,30,12.43,40,12.41,60,12.05,80,11.88,100,11.84,120,11.79,140,11.74,160,11.68,180,11.63,200e,11.62,215e,9.06,230e,6.5
11/7/2021 2:00,1462.13,5,12.39,10,12.37,20,12.42,30,12.41,40,12.39,60,12.09,80,11.88,100,11.82,120,11.78,140,11.74,160,11.68,180,11.63,200e,11.62,215e,9.06,230e,6.5
11/7/2021 3:00,1462.2,5,12.39,10,12.38,20,12.42,30,12.4,40,12.33,60,12.08,80,11.87,100,11.81,120,11.77,140,11.73,160,11.68,180,11.63,200e,11.62,215e,9.06,230e,6.5
11/7/2021 4:00,1462.3,5,12.39,10,12.37,20,12.4,30,12.39,40,12.29,60,12.03,80,11.86,100,11.8,120,11.75,140,11.72,160,11.68,180,11.62,200e,11.61,215e,9.05,230e,6.5
11/7/2021 5:00,1462.4,5,12.39,10,12.35,20,12.39,30,12.36,40,12.28,60,12,80,11.85,100,11.77,120,11.74,140,11.7,160,11.66,180,11.62,200e,11.61,215e,9.06,230e,6.5
11/7/2021 6:00,1462.51,5,12.38,10,12.35,20,12.38,30,12.37,40,12.28,60,12,80,11.84,100,11.77,120,11.73,140,11.69,160,11.62,180,11.56,200e,11.55,215e,9.02,230e,6.5
11/7/2021 7:00,1462.6,5,12.35,10,12.31,20,12.34,30,12.36,40,12.35,60,11.99,80,11.84,100,11.76,120,11.73,140,11.69,160,11.62,180,11.58,200e,11.57,215e,9.04,230e,6.5
11/7/2021 8:00,1462.69,5,12.33,10,12.3,20,12.35,30,12.33,40,12.29,60,11.97,80,11.84,100,11.76,120,11.71,140,11.68,160,11.6,180,11.58,200e,11.58,215e,9.04,230e,6.5
11/7/2021 9:00,1462.71,5,12.31,10,12.32,20,12.34,30,12.33,40,12.3,60,11.95,80,11.84,100,11.76,120,11.71,140,11.67,160,11.6,180,11.59,200e,11.59,215e,9.04,230e,6.5
11/7/2021 10:00,1462.73,5,12.3,10,12.28,20,12.33,30,12.32,40,12.3,60,11.94,80,11.85,100,11.75,120,11.71,140,11.64,160,11.6,180,11.57,200e,11.56,215e,9.03,230e,6.5
11/7/2021 11:00,1462.74,5,12.34,10,12.31,20,12.34,30,12.32,40,12.31,60,11.98,80,11.82,100,11.74,120,11.71,140,11.66,160,11.6,180,11.56,200e,11.55,215e,9.03,230e,6.5
11/7/2021 12:00,1462.75,5,12.36,10,12.32,20,12.33,30,12.32,40,12.32,60,12.05,80,11.82,100,11.73,120,11.7,140,11.66,160,11.58,180,11.53,200e,11.52,215e,9.01,230e,6.5
11/7/2021 13:00,1462.76,5,12.35,10,12.31,20,12.34,30,12.32,40,12.31,60,12.11,80,11.82,100,11.73,120,11.68,140,11.65,160,11.57,180,11.53,200e,11.52,215e,9.01,230e,6.5
11/7/2021 14:00,1462.77,5,12.36,10,12.32,20,12.34,30,12.33,40,12.31,60,12.18,80,11.81,100,11.71,120,11.68,140,11.63,160,11.54,180,11.49,200e,11.48,215e,8.99,230e,6.5
11/7/2021 15:00,1462.85,5,12.33,10,12.32,20,12.35,30,12.33,40,12.32,60,12.19,80,11.81,100,11.71,120,11.65,140,11.6,160,11.53,180,11.48,200e,11.47,215e,8.98,230e,6.5
11/7/2021 16:00,1462.94,5,12.33,10,12.31,20,12.35,30,12.33,40,12.32,60,12.24,80,11.8,100,11.71,120,11.66,140,11.6,160,11.52,180,11.46,200e,11.45,215e,8.97,230e,6.5
11/7/2021 17:00,1463.05,5,12.3,10,12.29,20,12.33,30,12.31,40,12.32,60,12.21,80,11.79,100,11.71,120,11.64,140,11.54,160,11.51,180,11.45,200e,11.44,215e,8.97,230e,6.5
11/7/2021 18:00,1463.15,5,12.29,10,12.28,20,12.32,30,12.31,40,12.31,60,12.19,80,11.78,100,11.71,120,11.63,140,11.53,160,11.5,180,11.44,200e,11.43,215e,8.96,230e,6.5
11/7/2021 19:00,1463.25,5,12.31,10,12.28,20,12.32,30,12.3,40,12.29,60,12.03,80,11.78,100,11.7,120,11.62,140,11.52,160,11.48,180,11.4,200e,11.38,215e,8.94,230e,6.5
11/7/2021 20:00,1463.35,5,12.31,10,12.26,20,12.3,30,12.29,40,12.28,60,12.03,80,11.77,100,11.7,120,11.61,140,11.49,160,11.46,180,11.4,200e,11.39,215e,8.94,230e,6.5
11/7/2021 21:00,1463.43,5,12.3,10,12.26,20,12.3,30,12.29,40,12.28,60,12.04,80,11.75,100,11.66,120,11.57,140,11.49,160,11.46,180,11.38,200e,11.36,215e,8.93,230e,6.5
11/7/2021 22:00,1463.42,5,12.28,10,12.23,20,12.27,30,12.27,40,12.24,60,12.01,80,11.75,100,11.64,120,11.55,140,11.47,160,11.42,180,11.35,200e,11.33,215e,8.92,230e,6.5
11/7/2021 23:00,1463.42,5,12.27,10,12.25,20,12.28,30,12.26,40,12.27,60,12.04,80,11.76,100,11.63,120,11.54,140,11.47,160,11.39,180,11.32,200e,11.3,215e,8.9,230e,6.5
11/8/2021 0:00,1463.41,5,12.25,10,12.23,20,12.26,30,12.25,40,12.25,60,12.11,80,11.76,100,11.63,120,11.52,140,11.44,160,11.39,180,11.31,200e,11.29,215e,8.9,230e,6.5
11/8/2021 1:00,1463.41,5,12.24,10,12.22,20,12.26,30,12.25,40,12.24,60,12.09,80,11.75,100,11.62,120,11.48,140,11.42,160,11.35,180,11.28,200e,11.26,215e,8.88,230e,6.5
11/8/2021 2:00,1463.41,5,12.23,10,12.21,20,12.25,30,12.24,40,12.23,60,12.09,80,11.75,100,11.61,120,11.47,140,11.4,160,11.36,180,11.27,200e,11.25,215e,8.87,230e,6.5
11/8/2021 3:00,1463.41,5,12.23,10,12.21,20,12.25,30,12.23,40,12.23,60,12.16,80,11.75,100,11.58,120,11.44,140,11.37,160,11.33,180,11.24,200e,11.22,215e,8.86,230e,6.5
11/8/2021 4:00,1463.47,5,12.21,10,12.2,20,12.24,30,12.22,40,12.22,60,12.14,80,11.74,100,11.56,120,11.41,140,11.37,160,11.32,180,11.24,200e,11.22,215e,8.86,230e,6.5
11/8/2021 5:00,1463.56,5,12.22,10,12.19,20,12.22,30,12.21,40,12.21,60,12.08,80,11.72,100,11.53,120,11.39,140,11.32,160,11.28,180,11.18,200e,11.16,215e,8.83,230e,6.5
11/8/2021 6:00,1463.64,5,12.19,10,12.16,20,12.19,30,12.19,40,12.19,60,12.09,80,11.72,100,11.52,120,11.42,140,11.28,160,11.26,180,11.15,200e,11.12,215e,8.81,230e,6.5
11/8/2021 7:00,1463.72,5,12.16,10,12.15,20,12.2,30,12.19,40,12.17,60,12.12,80,11.74,100,11.52,120,11.44,140,11.28,160,11.22,180,11.13,200e,11.11,215e,8.8,230e,6.5
11/8/2021 8:00,1463.81,5,12.13,10,12.14,20,12.18,30,12.17,40,12.17,60,12.11,80,11.75,100,11.52,120,11.41,140,11.32,160,11.2,180,11.1,200e,11.08,215e,8.79,230e,6.5
11/8/2021 9:00,1463.83,5,12.12,10,12.13,20,12.17,30,12.16,40,12.15,60,12.11,80,11.75,100,11.56,120,11.37,140,11.26,160,11.18,180,11.1,200e,11.08,215e,8.79,230e,6.5
11/8/2021 10:00,1463.82,5,12.12,10,12.12,20,12.17,30,12.15,40,12.14,60,12.13,80,11.8,100,11.58,120,11.37,140,11.3,160,11.19,180,11.1,200e,11.08,215e,8.79,230e,6.5
11/8/2021 11:00,1463.81,5,12.19,10,12.15,20,12.16,30,12.15,40,12.15,60,12.12,80,11.85,100,11.7,120,11.4,140,11.27,160,11.17,180,11.12,200e,11.11,215e,8.8,230e,6.5
11/8/2021 12:00,1463.81,5,12.22,10,12.18,20,12.17,30,12.15,40,12.15,60,12.13,80,11.85,100,11.7,120,11.4,140,11.27,160,11.16,180,11.11,200e,11.1,215e,8.8,230e,6.5
11/8/2021 13:00,1463.8,5,12.24,10,12.19,20,12.17,30,12.16,40,12.15,60,12.15,80,12.08,100,11.69,120,11.45,140,11.27,160,11.15,180,11.06,200e,11.04,215e,8.77,230e,6.5
11/8/2021 14:00,1463.8,5,12.24,10,12.2,20,12.18,30,12.16,40,12.15,60,12.16,80,12.08,100,11.69,120,11.45,140,11.25,160,11.12,180,11.08,200e,11.07,215e,8.79,230e,6.5
11/8/2021 15:00,1463.87,5,12.22,10,12.21,20,12.18,30,12.15,40,12.15,60,12.14,80,12.11,100,11.7,120,11.45,140,11.23,160,11.09,180,11.02,200e,11,215e,8.75,230e,6.5
11/8/2021 16:00,1463.95,5,12.18,10,12.17,20,12.21,30,12.18,40,12.16,60,12.16,80,12.06,100,11.7,120,11.37,140,11.21,160,11.09,180,11.01,200e,10.99,215e,8.75,230e,6.5
11/8/2021 17:00,1464.04,5,12.14,10,12.13,20,12.18,30,12.18,40,12.17,60,12.17,80,12.1,100,11.69,120,11.39,140,11.19,160,11.06,180,10.97,200e,10.95,215e,8.72,230e,6.5
11/8/2021 18:00,1464.11,5,12.17,10,12.13,20,12.17,30,12.15,40,12.14,60,12.13,80,12.11,100,11.6,120,11.27,140,11.1,160,11.03,180,10.98,200e,10.97,215e,8.73,230e,6.5
11/8/2021 19:00,1464.18,5,12.15,10,12.12,20,12.16,30,12.15,40,12.15,60,12.13,80,12.13,100,11.58,120,11.27,140,11.1,160,11.02,180,10.95,200e,10.93,215e,8.72,230e,6.5
11/8/2021 20:00,1464.27,5,12.11,10,12.11,20,12.15,30,12.14,40,12.14,60,12.13,80,12.03,100,11.56,120,11.23,140,11.09,160,11,180,10.96,200e,10.95,215e,8.73,230e,6.5
11/8/2021 21:00,1464.34,5,12.1,10,12.09,20,12.14,30,12.13,40,12.13,60,12.13,80,12.06,100,11.56,120,11.18,140,11.09,160,10.99,180,10.96,200e,10.95,215e,8.73,230e,6.5
11/8/2021 22:00,1464.35,5,12.12,10,12.1,20,12.14,30,12.13,40,12.12,60,12.11,80,12.08,100,11.64,120,11.2,140,11.07,160,10.99,180,10.92,200e,10.9,215e,8.7,230e,6.5
11/8/2021 23:00,1464.33,5,12.08,10,12.06,20,12.12,30,12.11,40,12.1,60,12.1,80,12.11,100,11.63,120,11.26,140,11.07,160,10.97,180,10.89,200e,10.87,215e,8.69,230e,6.5
11/9/2021 0:00,1464.34,5,12.07,10,12.07,20,12.12,30,12.11,40,12.1,60,12.1,80,12.12,100,11.63,120,11.32,140,11.06,160,10.97,180,10.91,200e,10.9,215e,8.7,230e,6.5
11/9/2021 1:00,1464.33,5,12.07,10,12.05,20,12.11,30,12.1,40,12.1,60,12.09,80,12.1,100,11.68,120,11.36,140,11.05,160,10.97,180,10.91,200e,10.9,215e,8.7,230e,6.5
11/9/2021 2:00,1464.41,5,12.07,10,12.05,20,12.11,30,12.1,40,12.1,60,12.08,80,12.1,100,11.62,120,11.33,140,11.03,160,10.97,180,10.87,200e,10.85,215e,8.67,230e,6.5
11/9/2021 3:00,1464.51,5,12.09,10,12.07,20,12.11,30,12.09,40,12.09,60,12.08,80,12.1,100,11.68,120,11.29,140,11.04,160,10.93,180,10.87,200e,10.86,215e,8.68,230e,6.5
11/9/2021 4:00,1464.6,5,12.06,10,12.06,20,12.1,30,12.09,40,12.08,60,12.08,80,12.09,100,11.76,120,11.31,140,11.01,160,10.96,180,10.84,200e,10.81,215e,8.66,230e,6.5
11/9/2021 5:00,1464.69,5,12.08,10,12.04,20,12.1,30,12.1,40,12.09,60,12.07,80,12.09,100,11.71,120,11.34,140,11.02,160,10.94,180,10.83,200e,10.8,215e,8.65,230e,6.5
11/9/2021 6:00,1464.78,5,12.09,10,12.07,20,12.11,30,12.09,40,12.08,60,12.06,80,12.06,100,11.68,120,11.35,140,11.05,160,10.89,180,10.83,200e,10.82,215e,8.66,230e,6.5
11/9/2021 7:00,1464.82,5,12.05,10,12.04,20,12.09,30,12.08,40,12.08,60,12.05,80,12.01,100,11.56,120,11.15,140,11.01,160,10.86,180,10.83,200e,10.82,215e,8.66,230e,6.5
11/9/2021 8:00,1464.81,5,12.03,10,12.04,20,12.09,30,12.08,40,12.07,60,12.05,80,11.82,100,11.42,120,11.12,140,10.99,160,10.86,180,10.78,200e,10.76,215e,8.63,230e,6.5
11/9/2021 9:00,1464.86,5,12.06,10,12.04,20,12.08,30,12.07,40,12.07,60,12.04,80,11.59,100,11.32,120,11.06,140,10.9,160,10.85,180,10.77,200e,10.75,215e,8.63,230e,6.5
11/9/2021 10:00,1464.93,5,12.05,10,12.04,20,12.08,30,12.06,40,12.06,60,12.02,80,11.44,100,11.23,120,11.01,140,10.87,160,10.85,180,10.76,200e,10.74,215e,8.62,230e,6.5
11/9/2021 11:00,1464.97,5,12.03,10,12.05,20,12.08,30,12.06,40,12.07,60,11.81,80,11.39,100,11.14,120,10.99,140,10.86,160,10.84,180,10.79,200e,10.78,215e,8.64,230e,6.5
11/9/2021 12:00,1464.99,5,12.05,10,12.08,20,12.09,30,12.07,40,12.06,60,11.61,80,11.36,100,11.06,120,10.92,140,10.87,160,10.84,180,10.77,200e,10.75,215e,8.63,230e,6.5
11/9/2021 13:00,1465.05,5,12.09,10,12.06,20,12.08,30,12.06,40,12,60,11.55,80,11.32,100,11.05,120,10.88,140,10.86,160,10.81,180,10.77,200e,10.76,215e,8.63,230e,6.5
11/9/2021 14:00,1465.16,5,12.08,10,12.1,20,12.08,30,12.03,40,12,60,11.5,80,11.3,100,11.06,120,10.89,140,10.85,160,10.8,180,10.77,200e,10.76,215e,8.63,230e,6.5
11/9/2021 15:00,1465.3,5,12.08,10,12.07,20,12.08,30,12.05,40,11.97,60,11.54,80,11.33,100,11.11,120,10.89,140,10.85,160,10.8,180,10.77,200e,10.76,215e,8.63,230e,6.5
11/9/2021 16:00,1465.44,5,12.05,10,12.04,20,12.08,30,12.04,40,11.96,60,11.52,80,11.35,100,11.08,120,10.9,140,10.86,160,10.82,180,10.8,200e,10.8,215e,8.65,230e,6.5
11/9/2021 17:00,1465.59,5,12.06,10,12.04,20,12.06,30,11.98,40,11.84,60,11.57,80,11.36,100,11.16,120,10.93,140,10.88,160,10.84,180,10.77,200e,10.75,215e,8.63,230e,6.5
11/9/2021 18:00,1465.71,5,12.05,10,12.02,20,12.03,30,11.95,40,11.82,60,11.53,80,11.4,100,11.19,120,11.01,140,10.89,160,10.84,180,10.79,200e,10.78,215e,8.64,230e,6.5
11/9/2021 19:00,1465.76,5,11.99,10,11.99,20,12.02,30,11.95,40,11.78,60,11.48,80,11.39,100,11.25,120,11.06,140,10.89,160,10.86,180,10.8,200e,10.79,215e,8.64,230e,6.5
11/9/2021 20:00,1465.87,5,11.97,10,11.99,20,12.02,30,11.99,40,11.84,60,11.52,80,11.43,100,11.28,120,11.11,140,10.93,160,10.86,180,10.81,200e,10.8,215e,8.65,230e,6.5
11/9/2021 21:00,1466.02,5,12.01,10,11.98,20,12.02,30,11.95,40,11.81,60,11.48,80,11.39,100,11.28,120,11.1,140,10.95,160,10.87,180,10.83,200e,10.82,215e,8.66,230e,6.5
11/9/2021 22:00,1466.15,5,11.98,10,11.96,20,12,30,11.93,40,11.77,60,11.5,80,11.41,100,11.31,120,11.15,140,10.96,160,10.87,180,10.8,200e,10.78,215e,8.64,230e,6.5
11/9/2021 23:00,1466.27,5,11.96,10,11.95,20,11.98,30,11.93,40,11.78,60,11.49,80,11.41,100,11.31,120,11.06,140,10.97,160,10.87,180,10.82,200e,10.81,215e,8.65,230e,6.5
11/10/2021 0:00,1466.31,5,11.97,10,11.94,20,11.95,30,11.83,40,11.72,60,11.5,80,11.43,100,11.34,120,11.14,140,10.95,160,10.87,180,10.81,200e,10.8,215e,8.65,230e,6.5
11/10/2021 1:00,1466.32,5,11.95,10,11.93,20,11.96,30,11.83,40,11.7,60,11.49,80,11.43,100,11.35,120,11.15,140,10.98,160,10.88,180,10.82,200e,10.81,215e,8.65,230e,6.5
11/10/2021 2:00,1466.34,5,11.94,10,11.91,20,11.94,30,11.9,40,11.69,60,11.5,80,11.42,100,11.34,120,11.14,140,11.03,160,10.89,180,10.82,200e,10.8,215e,8.65,230e,6.5
11/10/2021 3:00,1466.37,5,11.92,10,11.9,20,11.93,30,11.84,40,11.68,60,11.5,80,11.42,100,11.3,120,11.15,140,11.04,160,10.9,180,10.81,200e,10.79,215e,8.64,230e,6.5
11/10/2021 4:00,1466.4,5,11.92,10,11.89,20,11.92,30,11.84,40,11.68,60,11.52,80,11.42,100,11.3,120,11.16,140,11.04,160,10.92,180,10.83,200e,10.81,215e,8.65,230e,6.5
11/10/2021 5:00,1466.42,5,11.91,10,11.88,20,11.9,30,11.83,40,11.65,60,11.51,80,11.41,100,11.31,120,11.18,140,11.02,160,10.93,180,10.81,200e,10.78,215e,8.64,230e,6.5
11/10/2021 6:00,1466.48,5,11.9,10,11.87,20,11.89,30,11.77,40,11.65,60,11.53,80,11.43,100,11.32,120,11.16,140,11.03,160,10.92,180,10.82,200e,10.8,215e,8.65,230e,6.5
11/10/2021 7:00,1466.58,5,11.88,10,11.82,20,11.88,30,11.77,40,11.66,60,11.51,80,11.43,100,11.29,120,11.18,140,11.04,160,10.9,180,10.84,200e,10.83,215e,8.66,230e,6.5
11/10/2021 8:00,1466.62,5,11.87,10,11.83,20,11.85,30,11.75,40,11.64,60,11.49,80,11.4,100,11.29,120,11.15,140,11.05,160,10.91,180,10.83,200e,10.81,215e,8.66,230e,6.5
11/10/2021 9:00,1466.65,5,11.82,10,11.82,20,11.81,30,11.72,40,11.62,60,11.49,80,11.39,100,11.31,120,11.16,140,11.04,160,10.9,180,10.84,200e,10.83,215e,8.66,230e,6.5
11/10/2021 10:00,1466.67,5,11.83,10,11.82,20,11.84,30,11.75,40,11.66,60,11.49,80,11.4,100,11.3,120,11.17,140,11.06,160,10.95,180,10.84,200e,10.81,215e,8.66,230e,6.5
11/10/2021 11:00,1466.69,5,11.88,10,11.83,20,11.85,30,11.78,40,11.68,60,11.5,80,11.43,100,11.29,120,11.16,140,11.08,160,10.94,180,10.85,200e,10.83,215e,8.66,230e,6.5
11/10/2021 12:00,1466.73,5,11.9,10,11.86,20,11.85,30,11.82,40,11.7,60,11.51,80,11.43,100,11.33,120,11.18,140,11.05,160,10.95,180,10.86,200e,10.84,215e,8.67,230e,6.5
11/10/2021 13:00,1466.73,5,11.91,10,11.87,20,11.88,30,11.84,40,11.76,60,11.53,80,11.45,100,11.35,120,11.21,140,11.03,160,10.95,180,10.85,200e,10.83,215e,8.66,230e,6.5
11/10/2021 14:00,1466.76,5,11.91,10,11.87,20,11.89,30,11.86,40,11.83,60,11.62,80,11.48,100,11.36,120,11.22,140,11,160,10.91,180,10.81,200e,10.79,215e,8.64,230e,6.5
11/10/2021 15:00,1466.86,5,11.91,10,11.89,20,11.9,30,11.87,40,11.86,60,11.63,80,11.51,100,11.36,120,11.23,140,11.04,160,10.89,180,10.81,200e,10.79,215e,8.65,230e,6.5
11/10/2021 16:00,1466.95,5,11.9,10,11.88,20,11.9,30,11.87,40,11.77,60,11.68,80,11.52,100,11.38,120,11.22,140,11.02,160,10.89,180,10.75,200e,10.72,215e,8.61,230e,6.5
11/10/2021 17:00,1467.06,5,11.88,10,11.86,20,11.9,30,11.88,40,11.81,60,11.68,80,11.51,100,11.36,120,11.16,140,11.01,160,10.83,180,10.75,200e,10.73,215e,8.62,230e,6.5
11/10/2021 18:00,1467.15,5,11.87,10,11.84,20,11.88,30,11.88,40,11.84,60,11.69,80,11.5,100,11.34,120,11.15,140,11.01,160,10.84,180,10.77,200e,10.75,215e,8.63,230e,6.5
11/10/2021 19:00,1467.24,5,11.86,10,11.84,20,11.88,30,11.86,40,11.82,60,11.66,80,11.47,100,11.34,120,11.13,140,10.92,160,10.81,180,10.77,200e,10.76,215e,8.63,230e,6.5
11/10/2021 20:00,1467.31,5,11.85,10,11.84,20,11.87,30,11.86,40,11.84,60,11.69,80,11.46,100,11.31,120,11.08,140,10.89,160,10.78,180,10.76,200e,10.76,215e,8.63,230e,6.5
11/10/2021 21:00,1467.31,5,11.85,10,11.82,20,11.86,30,11.85,40,11.85,60,11.69,80,11.43,100,11.23,120,11.04,140,10.84,160,10.77,180,10.76,200e,10.76,215e,8.63,230e,6.5
11/10/2021 22:00,1467.31,5,11.83,10,11.82,20,11.85,30,11.84,40,11.84,60,11.67,80,11.45,100,11.21,120,10.97,140,10.8,160,10.76,180,10.74,200e,10.74,215e,8.62,230e,6.5
11/10/2021 23:00,1467.36,5,11.81,10,11.8,20,11.83,30,11.83,40,11.83,60,11.66,80,11.45,100,11.18,120,10.9,140,10.79,160,10.76,180,10.72,200e,10.71,215e,8.61,230e,6.5
11/11/2021 0:00,1467.41,5,11.8,10,11.78,20,11.83,30,11.82,40,11.81,60,11.69,80,11.48,100,11.1,120,10.82,140,10.78,160,10.76,180,10.71,200e,10.7,215e,8.6,230e,6.5
11/11/2021 1:00,1467.53,5,11.81,10,11.8,20,11.84,30,11.82,40,11.81,60,11.67,80,11.42,100,11.09,120,10.79,140,10.77,160,10.73,180,10.7,200e,10.69,215e,8.6,230e,6.5
11/11/2021 2:00,1467.7,5,11.81,10,11.79,20,11.82,30,11.81,40,11.81,60,11.65,80,11.33,100,10.97,120,10.79,140,10.74,160,10.72,180,10.7,200e,10.7,215e,8.6,230e,6.5
11/11/2021 3:00,1467.84,5,11.79,10,11.78,20,11.82,30,11.81,40,11.81,60,11.58,80,11.29,100,10.97,120,10.79,140,10.74,160,10.71,180,10.7,200e,10.7,215e,8.6,230e,6.5
11/11/2021 4:00,1468.01,5,11.79,10,11.78,20,11.82,30,11.81,40,11.81,60,11.58,80,11.29,100,10.9,120,10.78,140,10.74,160,10.7,180,10.7,200e,10.7,215e,8.6,230e,6.5
11/11/2021 5:00,1468.19,5,11.81,10,11.79,20,11.81,30,11.8,40,11.78,60,11.57,80,11.24,100,10.88,120,10.76,140,10.75,160,10.7,180,10.68,200e,10.68,215e,8.59,230e,6.5
11/11/2021 6:00,1468.46,5,11.81,10,11.78,20,11.81,30,11.79,40,11.77,60,11.58,80,11.22,100,10.87,120,10.78,140,10.76,160,10.71,180,10.68,200e,10.67,215e,8.59,230e,6.5
11/11/2021 7:00,1468.77,5,11.8,10,11.78,20,11.81,30,11.79,40,11.75,60,11.55,80,11.23,100,10.81,120,10.77,140,10.75,160,10.7,180,10.67,200e,10.66,215e,8.58,230e,6.5
11/11/2021 8:00,1469.06,5,11.77,10,11.76,20,11.8,30,11.77,40,11.71,60,11.58,80,11.22,100,10.8,120,10.76,140,10.73,160,10.7,180,10.67,200e,10.66,215e,8.58,230e,6.5
11/11/2021 9:00,1469.45,5,11.78,10,11.74,20,11.78,30,11.78,40,11.68,60,11.57,80,11.12,100,10.8,120,10.76,140,10.74,160,10.69,180,10.64,200e,10.63,215e,8.56,230e,6.5
11/11/2021 10:00,1469.84,5,11.78,10,11.76,20,11.78,30,11.72,40,11.69,60,11.55,80,11.13,100,10.91,120,10.73,140,10.72,160,10.68,180,10.62,200e,10.61,215e,8.55,230e,6.5
11/11/2021 11:00,1470.33,5,11.79,10,11.77,20,11.79,30,11.72,40,11.68,60,11.53,80,11.31,100,10.88,120,10.73,140,10.72,160,10.68,180,10.62,200e,10.61,215e,8.55,230e,6.5
11/11/2021 12:00,1470.83,5,11.81,10,11.78,20,11.78,30,11.71,40,11.69,60,11.52,80,11.25,100,10.86,120,10.72,140,10.71,160,10.67,180,10.63,200e,10.62,215e,8.56,230e,6.5
11/11/2021 13:00,1471.43,5,11.82,10,11.79,20,11.79,30,11.73,40,11.69,60,11.56,80,11.29,100,10.78,120,10.71,140,10.7,160,10.66,180,10.6,200e,10.59,215e,8.54,230e,6.5
11/11/2021 14:00,1472.03,5,11.84,10,11.8,20,11.8,30,11.72,40,11.68,60,11.51,80,11.34,100,10.76,120,10.72,140,10.7,160,10.64,180,10.59,200e,10.58,215e,8.54,230e,6.5
11/11/2021 15:00,1472.57,5,11.84,10,11.79,20,11.81,30,11.72,40,11.7,60,11.53,80,11.01,100,10.74,120,10.72,140,10.7,160,10.63,180,10.6,200e,10.59,215e,8.55,230e,6.5
11/11/2021 16:00,1473.11,5,11.83,10,11.79,20,11.76,30,11.7,40,11.66,60,11.54,80,11.15,100,10.75,120,10.72,140,10.68,160,10.64,180,10.57,200e,10.55,215e,8.53,230e,6.5
11/11/2021 17:00,1473.62,5,11.83,10,11.8,20,11.73,30,11.68,40,11.67,60,11.51,80,11.07,100,10.75,120,10.72,140,10.7,160,10.62,180,10.57,200e,10.56,215e,8.53,230e,6.5
11/11/2021 18:00,1474.03,5,11.83,10,11.8,20,11.7,30,11.66,40,11.63,60,11.47,80,11.08,100,10.75,120,10.72,140,10.68,160,10.62,180,10.58,200e,10.57,215e,8.54,230e,6.5
11/11/2021 19:00,1474.43,5,11.83,10,11.8,20,11.7,30,11.66,40,11.64,60,11.5,80,11.16,100,10.74,120,10.71,140,10.68,160,10.61,180,10.57,200e,10.56,215e,8.53,230e,6.5
11/11/2021 20:00,1474.76,5,11.83,10,11.71,20,11.68,30,11.65,40,11.61,60,11.48,80,10.94,100,10.75,120,10.7,140,10.66,160,10.58,180,10.57,200e,10.57,215e,8.53,230e,6.5
11/11/2021 21:00,1475.11,5,11.83,10,11.77,20,11.68,30,11.65,40,11.59,60,11.51,80,10.93,100,10.76,120,10.7,140,10.63,160,10.58,180,10.56,200e,10.56,215e,8.53,230e,6.5
11/11/2021 22:00,1475.42,5,11.84,10,11.81,20,11.68,30,11.65,40,11.57,60,11.52,80,11.03,100,10.75,120,10.69,140,10.63,160,10.57,180,10.5,200e,10.48,215e,8.49,230e,6.5
11/11/2021 23:00,1475.73,5,11.84,10,11.81,20,11.69,30,11.65,40,11.63,60,11.53,80,10.95,100,10.76,120,10.67,140,10.6,160,10.52,180,10.48,200e,10.47,215e,8.49,230e,6.5
